{
  "detections": [
    {
      "tid": "ztf",
      "mjd": 59884.5193403,
      "candid": "2130519345715015012",
      "fid": 1,
      "pid": 2130519345715,
      "diffmaglim": 20.523302,
      "isdiffpos": 1,
      "nid": 2130,
      "distnr": 0.05410528,
      "magpsf": 18.257952,
      "magpsf_corr": 17.841667,
      "magpsf_corr_ext": null,
      "magap": 18.1418,
      "magap_corr": null,
      "sigmapsf": 0.08752322,
      "sigmapsf_corr": 0.057902686,
      "sigmapsf_corr_ext": 0.05964982,
      "sigmagap": 0.0477,
      "sigmagap_corr": null,
      "ra": 174.2690116,
      "dec": 50.8192827,
      "rb": 0.95857143,
      "rbversion": "t17_f5_c3",
      "drb": 0.99999213,
      "magapbig": 18.0658,
      "sigmagapbig": 0.0557,
      "rfid": 754120157,
      "has_stamp": true,
      "corrected": true,
      "dubious": false,
      "candid_alert": null,
      "step_id_corr": "1.1.6",
      "phase": 0.0,
      "parent_candid": null
    },
    {
      "tid": "ztf",
      "mjd": 59888.47103009978,
      "candid": "2134471035715015004",
      "fid": 2,
      "pid": 2134471035715,
      "diffmaglim": 18.980125,
      "isdiffpos": 1,
      "nid": 2134,
      "distnr": 0.05427928,
      "magpsf": 18.304016,
      "magpsf_corr": 17.693258,
      "magpsf_corr_ext": null,
      "magap": 17.9902,
      "magap_corr": null,
      "sigmapsf": 0.13291661,
      "sigmapsf_corr": 0.07235154,
      "sigmapsf_corr_ext": 0.07573148,
      "sigmagap": 0.1667,
      "sigmagap_corr": null,
      "ra": 174.2690144,
      "dec": 50.8193032,
      "rb": 0.8957143,
      "rbversion": "t17_f5_c3",
      "drb": 0.9999924,
      "magapbig": 17.9317,
      "sigmagapbig": 0.2023,
      "rfid": 754120257,
      "has_stamp": true,
      "corrected": true,
      "dubious": false,
      "candid_alert": null,
      "step_id_corr": "1.1.6",
      "phase": 0.0,
      "parent_candid": null
    },
    {
      "tid": "ztf",
      "mjd": 59893.44557869993,
      "candid": "2139445575715015007",
      "fid": 1,
      "pid": 2139445575715,
      "diffmaglim": 18.999287,
      "isdiffpos": 1,
      "nid": 2139,
      "distnr": 0.35555163,
      "magpsf": 18.171007,
      "magpsf_corr": 17.781662,
      "magpsf_corr_ext": null,
      "magap": 18.1353,
      "magap_corr": null,
      "sigmapsf": 0.13304621,
      "sigmapsf_corr": 0.09195882,
      "sigmapsf_corr_ext": 0.09295329,
      "sigmagap": 0.1254,
      "sigmagap_corr": null,
      "ra": 174.2690218,
      "dec": 50.8191926,
      "rb": 0.70857143,
      "rbversion": "t17_f5_c3",
      "drb": 0.99204284,
      "magapbig": 17.9952,
      "sigmagapbig": 0.1412,
      "rfid": 754120157,
      "has_stamp": true,
      "corrected": true,
      "dubious": false,
      "candid_alert": null,
      "step_id_corr": "1.1.6",
      "phase": 0.0,
      "parent_candid": null
    }
  ],
  "non_detections": [],
  "forced_detections": []
}