{
  "detections": [
    {
      "tid": "ztf",
      "mjd": 59622.24497690005,
      "candid": "1868244972815015010",
      "fid": 1,
      "pid": 1868244972815,
      "diffmaglim": 19.241,
      "isdiffpos": 1,
      "nid": 1868,
      "distnr": 1.94172,
      "magpsf": 19.4246,
      "magpsf_corr": null,
      "magpsf_corr_ext": null,
      "magap": 19.25,
      "magap_corr": null,
      "sigmapsf": 0.260301,
      "sigmapsf_corr": null,
      "sigmapsf_corr_ext": null,
      "sigmagap": 0.3133,
      "sigmagap_corr": null,
      "ra": 97.9495267,
      "dec": -17.6218079,
      "rb": 0.53,
      "rbversion": "t17_f5_c3",
      "drb": null,
      "magapbig": 19.0647,
      "sigmagapbig": 0.3393,
      "rfid": null,
      "has_stamp": false,
      "corrected": false,
      "dubious": false,
      "candid_alert": null,
      "step_id_corr": "correction_1.0.6",
      "phase": 0.0,
      "parent_candid": 1868275452815015026
    },
    {
      "tid": "ztf",
      "mjd": 59622.27545139985,
      "candid": "1868275452815015026",
      "fid": 2,
      "pid": 1868275452815,
      "diffmaglim": 19.280855,
      "isdiffpos": 1,
      "nid": 1868,
      "distnr": 2.8749084,
      "magpsf": 19.109028,
      "magpsf_corr": null,
      "magpsf_corr_ext": null,
      "magap": 19.273,
      "magap_corr": null,
      "sigmapsf": 0.17442799,
      "sigmapsf_corr": null,
      "sigmapsf_corr_ext": null,
      "sigmagap": 0.2947,
      "sigmagap_corr": null,
      "ra": 97.9495965,
      "dec": -17.6217542,
      "rb": 0.5814286,
      "rbversion": "t17_f5_c3",
      "drb": 0.9998496,
      "magapbig": 19.1352,
      "sigmagapbig": 0.3335,
      "rfid": 308120228,
      "has_stamp": true,
      "corrected": false,
      "dubious": false,
      "candid_alert": null,
      "step_id_corr": "correction_1.0.6",
      "phase": 0.0,
      "parent_candid": null
    },
    {
      "tid": "ztf",
      "mjd": 59629.235393499956,
      "candid": "1875235392815015014",
      "fid": 2,
      "pid": 1875235392815,
      "diffmaglim": 19.636885,
      "isdiffpos": 1,
      "nid": 1875,
      "distnr": 3.2166326,
      "magpsf": 19.095991,
      "magpsf_corr": null,
      "magpsf_corr_ext": null,
      "magap": 18.9644,
      "magap_corr": null,
      "sigmapsf": 0.14131628,
      "sigmapsf_corr": null,
      "sigmapsf_corr_ext": null,
      "sigmagap": 0.1913,
      "sigmagap_corr": null,
      "ra": 97.9496124,
      "dec": -17.6216421,
      "rb": 0.7985714,
      "rbversion": "t17_f5_c3",
      "drb": 0.9999854,
      "magapbig": 19.1006,
      "sigmagapbig": 0.2785,
      "rfid": 308120228,
      "has_stamp": true,
      "corrected": false,
      "dubious": false,
      "candid_alert": null,
      "step_id_corr": "correction_1.0.6",
      "phase": 0.0,
      "parent_candid": null
    },
    {
      "tid": "ztf",
      "mjd": 59636.16704860004,
      "candid": "1882167042815015016",
      "fid": 2,
      "pid": 1882167042815,
      "diffmaglim": 20.225765,
      "isdiffpos": 1,
      "nid": 1882,
      "distnr": 3.1223037,
      "magpsf": 19.182154,
      "magpsf_corr": null,
      "magpsf_corr_ext": null,
      "magap": 19.0745,
      "magap_corr": null,
      "sigmapsf": 0.08479107,
      "sigmapsf_corr": null,
      "sigmapsf_corr_ext": null,
      "sigmagap": 0.1516,
      "sigmagap_corr": null,
      "ra": 97.9495731,
      "dec": -17.6216861,
      "rb": 0.94,
      "rbversion": "t17_f5_c3",
      "drb": 0.9999943,
      "magapbig": 19.0244,
      "sigmagapbig": 0.1862,
      "rfid": 308120228,
      "has_stamp": true,
      "corrected": false,
      "dubious": false,
      "candid_alert": null,
      "step_id_corr": "correction_1.0.6",
      "phase": 0.0,
      "parent_candid": null
    },
    {
      "tid": "ztf",
      "mjd": 59640.23666669987,
      "candid": "1886236662815015015",
      "fid": 2,
      "pid": 1886236662815,
      "diffmaglim": 19.885569,
      "isdiffpos": 1,
      "nid": 1886,
      "distnr": 3.0972726,
      "magpsf": 19.151901,
      "magpsf_corr": null,
      "magpsf_corr_ext": null,
      "magap": 19.0268,
      "magap_corr": null,
      "sigmapsf": 0.09909171,
      "sigmapsf_corr": null,
      "sigmapsf_corr_ext": null,
      "sigmagap": 0.1628,
      "sigmagap_corr": null,
      "ra": 97.9496333,
      "dec": -17.6216942,
      "rb": 0.76428574,
      "rbversion": "t17_f5_c3",
      "drb": 0.9976073,
      "magapbig": 19.1672,
      "sigmagapbig": 0.2378,
      "rfid": 308120228,
      "has_stamp": true,
      "corrected": false,
      "dubious": false,
      "candid_alert": null,
      "step_id_corr": "correction_1.0.6",
      "phase": 0.0,
      "parent_candid": null
    },
    {
      "tid": "ztf",
      "mjd": 59671.150023099966,
      "candid": "1917150022815015013",
      "fid": 2,
      "pid": 1917150022815,
      "diffmaglim": 20.059307,
      "isdiffpos": 1,
      "nid": 1917,
      "distnr": 3.0669496,
      "magpsf": 19.434872,
      "magpsf_corr": null,
      "magpsf_corr_ext": null,
      "magap": 19.2766,
      "magap_corr": null,
      "sigmapsf": 0.113489255,
      "sigmapsf_corr": null,
      "sigmapsf_corr_ext": null,
      "sigmagap": 0.2038,
      "sigmagap_corr": null,
      "ra": 97.9496369,
      "dec": -17.6216983,
      "rb": 0.89428574,
      "rbversion": "t17_f5_c3",
      "drb": 0.96286464,
      "magapbig": 19.6041,
      "sigmagapbig": 0.354,
      "rfid": 308120228,
      "has_stamp": true,
      "corrected": false,
      "dubious": false,
      "candid_alert": null,
      "step_id_corr": "correction_1.0.6",
      "phase": 0.0,
      "parent_candid": null
    }
  ],
  "non_detections": [
    {
      "tid": "ztf",
      "mjd": 59624.22893519979,
      "fid": 1,
      "diffmaglim": 19.4519
    },
    {
      "tid": "ztf",
      "mjd": 59624.321388899814,
      "fid": 2,
      "diffmaglim": 19.1772
    },
    {
      "tid": "ztf",
      "mjd": 59627.21002310002,
      "fid": 1,
      "diffmaglim": 19.1014
    },
    {
      "tid": "ztf",
      "mjd": 59629.21269680001,
      "fid": 1,
      "diffmaglim": 19.2321
    },
    {
      "tid": "ztf",
      "mjd": 59638.1702083,
      "fid": 1,
      "diffmaglim": 18.6523
    },
    {
      "tid": "ztf",
      "mjd": 59638.2094676001,
      "fid": 2,
      "diffmaglim": 17.9318
    }
  ],
  "forced_detections": []
}