{
  "detections": [
    {
      "tid": "ztf",
      "mjd": 60052.21373840002,
      "candid": "2298213731915015032",
      "fid": 1,
      "pid": 2298213731915,
      "diffmaglim": 20.42528,
      "isdiffpos": 1,
      "nid": 2298,
      "distnr": 1.1473806,
      "magpsf": 18.6625,
      "magpsf_corr": 18.580935,
      "magpsf_corr_ext": null,
      "magap": 18.6477,
      "magap_corr": null,
      "sigmapsf": 0.08071158,
      "sigmapsf_corr": 0.073840365,
      "sigmapsf_corr_ext": 0.07487027,
      "sigmagap": 0.0685,
      "sigmagap_corr": null,
      "ra": 163.7599621,
      "dec": -10.8213744,
      "rb": 0.8642857,
      "rbversion": "t17_f5_c3",
      "drb": 0.9999992,
      "magapbig": 18.6072,
      "sigmagapbig": 0.0837,
      "rfid": 367120119,
      "has_stamp": true,
      "corrected": true,
      "dubious": false,
      "candid_alert": null,
      "step_id_corr": "1.1.6",
      "phase": 0.0,
      "parent_candid": null
    },
    {
      "tid": "ztf",
      "mjd": 60052.29084490007,
      "candid": "2298290841915015002",
      "fid": 2,
      "pid": 2298290841915,
      "diffmaglim": 20.02912,
      "isdiffpos": 1,
      "nid": 2298,
      "distnr": 1.0933193,
      "magpsf": 18.975285,
      "magpsf_corr": 18.821695,
      "magpsf_corr_ext": null,
      "magap": 18.7791,
      "magap_corr": null,
      "sigmapsf": 0.091699086,
      "sigmapsf_corr": 0.077931985,
      "sigmapsf_corr_ext": 0.07960304,
      "sigmagap": 0.1103,
      "sigmagap_corr": null,
      "ra": 163.7599968,
      "dec": -10.821411,
      "rb": 0.8485714,
      "rbversion": "t17_f5_c3",
      "drb": 0.9996123,
      "magapbig": 18.7736,
      "sigmagapbig": 0.1403,
      "rfid": 367120219,
      "has_stamp": true,
      "corrected": true,
      "dubious": false,
      "candid_alert": null,
      "step_id_corr": "1.1.6",
      "phase": 0.0,
      "parent_candid": null
    },
    {
      "tid": "ztf",
      "mjd": 60054.25961809978,
      "candid": "2300259611915015004",
      "fid": 1,
      "pid": 2300259611915,
      "diffmaglim": 20.008812,
      "isdiffpos": 1,
      "nid": 2300,
      "distnr": 0.9243298,
      "magpsf": 18.432795,
      "magpsf_corr": 18.366316,
      "magpsf_corr_ext": null,
      "magap": 18.4452,
      "magap_corr": null,
      "sigmapsf": 0.09131154,
      "sigmapsf_corr": 0.085285805,
      "sigmapsf_corr_ext": 0.08588838,
      "sigmagap": 0.0765,
      "sigmagap_corr": null,
      "ra": 163.7599823,
      "dec": -10.8214573,
      "rb": 0.73285717,
      "rbversion": "t17_f5_c3",
      "drb": 0.99999326,
      "magapbig": 18.4209,
      "sigmagapbig": 0.0952,
      "rfid": 367120119,
      "has_stamp": true,
      "corrected": true,
      "dubious": false,
      "candid_alert": null,
      "step_id_corr": "1.1.6",
      "phase": 0.0,
      "parent_candid": null
    },
    {
      "tid": "ztf",
      "mjd": 60056.22712960001,
      "candid": "2302227121915015005",
      "fid": 1,
      "pid": 2302227121915,
      "diffmaglim": 20.21942,
      "isdiffpos": 1,
      "nid": 2302,
      "distnr": 1.1402886,
      "magpsf": 18.362736,
      "magpsf_corr": 18.300295,
      "magpsf_corr_ext": null,
      "magap": 18.2604,
      "magap_corr": null,
      "sigmapsf": 0.06840968,
      "sigmapsf_corr": 0.06387543,
      "sigmapsf_corr_ext": 0.0645864,
      "sigmagap": 0.0597,
      "sigmagap_corr": null,
      "ra": 163.7599682,
      "dec": -10.8213683,
      "rb": 0.9071429,
      "rbversion": "t17_f5_c3",
      "drb": 0.99999994,
      "magapbig": 18.2004,
      "sigmagapbig": 0.0718,
      "rfid": 367120119,
      "has_stamp": true,
      "corrected": true,
      "dubious": false,
      "candid_alert": null,
      "step_id_corr": "1.2.0",
      "phase": 0.0,
      "parent_candid": null
    },
    {
      "tid": "ztf",
      "mjd": 60056.269745400175,
      "candid": "2302269741915015000",
      "fid": 2,
      "pid": 2302269741915,
      "diffmaglim": 20.093042,
      "isdiffpos": 1,
      "nid": 2302,
      "distnr": 1.1066253,
      "magpsf": 18.46389,
      "magpsf_corr": 18.365479,
      "magpsf_corr_ext": null,
      "magap": 18.4339,
      "magap_corr": null,
      "sigmapsf": 0.06719484,
      "sigmapsf_corr": 0.060439486,
      "sigmapsf_corr_ext": 0.061372105,
      "sigmagap": 0.0862,
      "sigmagap_corr": null,
      "ra": 163.7599854,
      "dec": -10.8214154,
      "rb": 0.9457143,
      "rbversion": "t17_f5_c3",
      "drb": 0.999991,
      "magapbig": 18.3879,
      "sigmagapbig": 0.1055,
      "rfid": 367120219,
      "has_stamp": true,
      "corrected": true,
      "dubious": false,
      "candid_alert": null,
      "step_id_corr": "1.2.0",
      "phase": 0.0,
      "parent_candid": null
    },
    {
      "tid": "ztf",
      "mjd": 60058.17015049979,
      "candid": "2304170151915015004",
      "fid": 1,
      "pid": 2304170151915,
      "diffmaglim": 20.147467,
      "isdiffpos": 1,
      "nid": 2304,
      "distnr": 1.0951829,
      "magpsf": 18.282368,
      "magpsf_corr": 18.224264,
      "magpsf_corr_ext": null,
      "magap": 18.1925,
      "magap_corr": null,
      "sigmapsf": 0.077747315,
      "sigmapsf_corr": 0.07315538,
      "sigmapsf_corr_ext": 0.07369604,
      "sigmagap": 0.0599,
      "sigmagap_corr": null,
      "ra": 163.7599854,
      "dec": -10.8213686,
      "rb": 0.7785714,
      "rbversion": "t17_f5_c3",
      "drb": 0.99999756,
      "magapbig": 18.1851,
      "sigmagapbig": 0.0755,
      "rfid": 367120119,
      "has_stamp": true,
      "corrected": true,
      "dubious": false,
      "candid_alert": null,
      "step_id_corr": "1.2.0",
      "phase": 0.0,
      "parent_candid": null
    },
    {
      "tid": "ztf",
      "mjd": 60058.20315970015,
      "candid": "2304203151915015001",
      "fid": 2,
      "pid": 2304203151915,
      "diffmaglim": 20.187279,
      "isdiffpos": 1,
      "nid": 2304,
      "distnr": 1.1108586,
      "magpsf": 18.39506,
      "magpsf_corr": 18.302443,
      "magpsf_corr_ext": null,
      "magap": 18.3178,
      "magap_corr": null,
      "sigmapsf": 0.06607771,
      "sigmapsf_corr": 0.059835404,
      "sigmapsf_corr_ext": 0.06067475,
      "sigmagap": 0.0732,
      "sigmagap_corr": null,
      "ra": 163.7599986,
      "dec": -10.8214163,
      "rb": 0.9442857,
      "rbversion": "t17_f5_c3",
      "drb": 0.99998176,
      "magapbig": 18.3251,
      "sigmagapbig": 0.0938,
      "rfid": 367120219,
      "has_stamp": true,
      "corrected": true,
      "dubious": false,
      "candid_alert": null,
      "step_id_corr": "1.2.0",
      "phase": 0.0,
      "parent_candid": null
    },
    {
      "tid": "ztf",
      "mjd": 60060.19074069988,
      "candid": "2306190741915015000",
      "fid": 1,
      "pid": 2306190741915,
      "diffmaglim": 19.508776,
      "isdiffpos": 1,
      "nid": 2306,
      "distnr": 1.1758721,
      "magpsf": 18.373356,
      "magpsf_corr": 18.310318,
      "magpsf_corr_ext": null,
      "magap": 18.0656,
      "magap_corr": null,
      "sigmapsf": 0.1155298,
      "sigmapsf_corr": 0.10858563,
      "sigmapsf_corr_ext": 0.109013185,
      "sigmagap": 0.0903,
      "sigmagap_corr": null,
      "ra": 163.759927,
      "dec": -10.8214042,
      "rb": 0.61285716,
      "rbversion": "t17_f5_c3",
      "drb": 0.9999516,
      "magapbig": 17.991,
      "sigmagapbig": 0.1078,
      "rfid": 367120119,
      "has_stamp": true,
      "corrected": true,
      "dubious": false,
      "candid_alert": null,
      "step_id_corr": "1.2.0",
      "phase": 0.0,
      "parent_candid": null
    },
    {
      "tid": "ztf",
      "mjd": 60062.18484950019,
      "candid": "2308184841915015000",
      "fid": 2,
      "pid": 2308184841915,
      "diffmaglim": 19.730726,
      "isdiffpos": 1,
      "nid": 2308,
      "distnr": 1.0994599,
      "magpsf": 18.443197,
      "magpsf_corr": 18.346563,
      "magpsf_corr_ext": null,
      "magap": 18.3967,
      "magap_corr": null,
      "sigmapsf": 0.08530922,
      "sigmapsf_corr": 0.07733838,