{
  "detections": [
    {
      "tid": "ztf",
      "mjd": 60055.180705999956,
      "candid": "2301180701415015001",
      "fid": 1,
      "pid": 2301180701415,
      "diffmaglim": 20.502035,
      "isdiffpos": 1,
      "nid": 2301,
      "distnr": 1.4979827,
      "magpsf": 19.435446,
      "magpsf_corr": null,
      "magpsf_corr_ext": null,
      "magap": 19.4488,
      "magap_corr": null,
      "sigmapsf": 0.106110334,
      "sigmapsf_corr": null,
      "sigmapsf_corr_ext": null,
      "sigmagap": 0.1552,
      "sigmagap_corr": null,
      "ra": 136.824879,
      "dec": 37.5034956,
      "rb": 0.9114286,
      "rbversion": "t17_f5_c3",
      "drb": 0.9999927,
      "magapbig": 19.3957,
      "sigmagapbig": 0.1844,
      "rfid": 710120114,
      "has_stamp": true,
      "corrected": false,
      "dubious": false,
      "candid_alert": null,
      "step_id_corr": "1.1.6",
      "phase": 0.0,
      "parent_candid": null
    },
    {
      "tid": "ztf",
      "mjd": 60055.215682900045,
      "candid": "2301215681415015000",
      "fid": 2,
      "pid": 2301215681415,
      "diffmaglim": 20.322178,
      "isdiffpos": 1,
      "nid": 2301,
      "distnr": 1.3702501,
      "magpsf": 19.928118,
      "magpsf_corr": 18.578451,
      "magpsf_corr_ext": null,
      "magap": 20.1197,
      "magap_corr": null,
      "sigmapsf": 0.19255097,
      "sigmapsf_corr": 100.0,
      "sigmapsf_corr_ext": 0.055549316,
      "sigmagap": 0.3778,
      "sigmagap_corr": null,
      "ra": 136.8248844,
      "dec": 37.5035536,
      "rb": 0.75714284,
      "rbversion": "t17_f5_c3",
      "drb": 0.99967927,
      "magapbig": 19.942,
      "sigmagapbig": 0.4017,
      "rfid": 710120214,
      "has_stamp": true,
      "corrected": true,
      "dubious": false,
      "candid_alert": null,
      "step_id_corr": "1.1.6",
      "phase": 0.0,
      "parent_candid": null
    },
    {
      "tid": "ztf",
      "mjd": 60057.16488429997,
      "candid": "2303164881415015003",
      "fid": 2,
      "pid": 2303164881415,
      "diffmaglim": 20.463223,
      "isdiffpos": 1,
      "nid": 2303,
      "distnr": 1.383178,
      "magpsf": 19.173294,
      "magpsf_corr": 18.302238,
      "magpsf_corr_ext": null,
      "magap": 18.9442,
      "magap_corr": null,
      "sigmapsf": 0.12462358,
      "sigmapsf_corr": 100.0,
      "sigmapsf_corr_ext": 0.05586993,
      "sigmagap": 0.127,
      "sigmagap_corr": null,
      "ra": 136.8248653,
      "dec": 37.5035199,
      "rb": 0.89285713,
      "rbversion": "t17_f5_c3",
      "drb": 0.9999386,
      "magapbig": 19.1023,
      "sigmagapbig": 0.183,
      "rfid": 710120214,
      "has_stamp": true,
      "corrected": true,
      "dubious": false,
      "candid_alert": null,
      "step_id_corr": "1.2.0",
      "phase": 0.0,
      "parent_candid": null
    },
    {
      "tid": "ztf",
      "mjd": 60057.211412000004,
      "candid": "2303211411415015001",
      "fid": 1,
      "pid": 2303211411415,
      "diffmaglim": 20.360691,
      "isdiffpos": 1,
      "nid": 2303,
      "distnr": 1.5587342,
      "magpsf": 18.770458,
      "magpsf_corr": null,
      "magpsf_corr_ext": null,
      "magap": 18.7133,
      "magap_corr": null,
      "sigmapsf": 0.09779036,
      "sigmapsf_corr": null,
      "sigmapsf_corr_ext": null,
      "sigmagap": 0.0858,
      "sigmagap_corr": null,
      "ra": 136.8248475,
      "dec": 37.5034879,
      "rb": 0.95285714,
      "rbversion": "t17_f5_c3",
      "drb": 0.99999845,
      "magapbig": 18.6668,
      "sigmagapbig": 0.1025,
      "rfid": 710120114,
      "has_stamp": true,
      "corrected": false,
      "dubious": false,
      "candid_alert": null,
      "step_id_corr": "1.2.0",
      "phase": 0.0,
      "parent_candid": null
    },
    {
      "tid": "ztf",
      "mjd": 60059.19936340023,
      "candid": "2305199361415015003",
      "fid": 2,
      "pid": 2305199361415,
      "diffmaglim": 20.038803,
      "isdiffpos": 1,
      "nid": 2305,
      "distnr": 1.3575758,
      "magpsf": 19.09681,
      "magpsf_corr": 18.267282,
      "magpsf_corr_ext": null,
      "magap": 19.0918,
      "magap_corr": null,
      "sigmapsf": 0.112957425,
      "sigmapsf_corr": 100.0,
      "sigmapsf_corr_ext": 0.052614316,
      "sigmagap": 0.165,
      "sigmagap_corr": null,
      "ra": 136.8248913,
      "dec": 37.5035558,
      "rb": 0.9557143,
      "rbversion": "t17_f5_c3",
      "drb": 0.99999976,
      "magapbig": 19.0363,
      "sigmagapbig": 0.197,
      "rfid": 710120214,
      "has_stamp": true,
      "corrected": true,
      "dubious": false,
      "candid_alert": null,
      "step_id_corr": "1.2.0",
      "phase": 0.0,
      "parent_candid": null
    },
    {
      "tid": "ztf",
      "mjd": 60061.17342589982,
      "candid": "2307173421415015001",
      "fid": 1,
      "pid": 2307173421415,
      "diffmaglim": 19.935614,
      "isdiffpos": 1,
      "nid": 2307,
      "distnr": 1.5634024,
      "magpsf": 18.644457,
      "magpsf_corr": null,
      "magpsf_corr_ext": null,
      "magap": 18.6762,
      "magap_corr": null,
      "sigmapsf": 0.0941216,
      "sigmapsf_corr": null,
      "sigmapsf_corr_ext": null,
      "sigmagap": 0.1233,
      "sigmagap_corr": null,
      "ra": 136.8248599,
      "dec": 37.5034959,
      "rb": 0.94857144,
      "rbversion": "t17_f5_c3",
      "drb": 0.99999374,
      "magapbig": 18.7672,
      "sigmagapbig": 0.1698,
      "rfid": 710120114,
      "has_stamp": true,
      "corrected": false,
      "dubious": false,
      "candid_alert": null,
      "step_id_corr": "1.2.0",
      "phase": 0.0,
      "parent_candid": null
    },
    {
      "tid": "ztf",
      "mjd": 60061.1924883998,
      "candid": "2307192481415015001",
      "fid": 2,
      "pid": 2307192481415,
      "diffmaglim": 19.922337,
      "isdiffpos": 1,
      "nid": 2307,
      "distnr": 1.444188,
      "magpsf": 18.83134,
      "magpsf_corr": null,
      "magpsf_corr_ext": null,
      "magap": 18.8805,
      "magap_corr": null,
      "sigmapsf": 0.11768397,
      "sigmapsf_corr": null,
      "sigmapsf_corr_ext": null,
      "sigmagap": 0.183,
      "sigmagap_corr": null,
      "ra": 136.8248453,
      "dec": 37.5035394,
      "rb": 0.94857144,
      "rbversion": "t17_f5_c3",
      "drb": 0.9999676,
      "magapbig": 18.7546,
      "sigmagapbig": 0.2067,
      "rfid": 710120214,
      "has_stamp": true,
      "corrected": false,
      "dubious": true,
      "candid_alert": null,
      "step_id_corr": "1.2.0",
      "phase": 0.0,
      "parent_candid": null
    },
    {
      "tid": "ztf",
      "mjd": 60063.17618060019,
      "candid": "2309176181415015002",
      "fid": 1,
      "pid": 2309176181415,
      "diffmaglim": 19.78731,
      "isdiffpos": 1,
      "nid": 2309,
      "distnr": 1.5427792,
      "magpsf": 18.709087,
      "magpsf_corr": null,
      "magpsf_corr_ext": null,
      "magap": 18.623,
      "magap_corr": null,
      "sigmapsf": 0.097208135,
      "sigmapsf_corr": null,
      "sigmapsf_corr_ext": null,
      "sigmagap": 0.1364,
      "sigmagap_corr": null,
      "ra": 136.8248514,
      "dec": 37.5034841,
      "rb": 0.95857143,
      "rbversion": "t17_f5_c3",
      "drb": 0.9999926,
      "magapbig": 18.6241,
      "sigmagapbig": 0.1738,
      "rfid": 710120114,
      "has_stamp": true,
      "corrected": false,
      "dubious": false,
      "candid_alert": null,
      "step_id_corr": "1.2.0",
      "phase": 0.0,
      "parent_candid": null
    },
    {
      "tid": "ztf",
      "mjd": 60063.24098380003,
      "candid": "2309240981415015000",
      "fid": 2,
      "pid": 2309240981415,
      "diffmaglim": 19.598259,
      "isdiffpos": 1,
      "nid": 2309,
      "distnr": 1.368988,
      "magpsf": 18.754622,
      "magpsf_corr": 18.094437,
      "magpsf_corr_ext": null,
      "magap": 18.662,
      "magap_corr": null,
      "sigmapsf": 0.11307435,
      "sigmapsf_corr": 100.0,
      "sigmapsf_corr_ext": 0.061558772,
      "sigmagap": 0.1704,
      "sigmagap_corr": null,
      "ra": 136.8248555,