{
  "detections": [
    {
      "tid": "ztf",
      "mjd": 60013.21896990016,
      "candid": "2259218964815015005",
      "fid": 2,
      "pid": 2259218964815,
      "diffmaglim": 19.6743,
      "isdiffpos": 1,
      "nid": 2259,
      "distnr": 1.2571051,
      "magpsf": 18.062765,
      "magpsf_corr": 17.27113,
      "magpsf_corr_ext": null,
      "magap": 18.217,
      "magap_corr": null,
      "sigmapsf": 0.07870266,
      "sigmapsf_corr": 100.0,
      "sigmapsf_corr_ext": 0.037960775,
      "sigmagap": 0.0998,
      "sigmagap_corr": null,
      "ra": 120.116207,
      "dec": 7.8139464,
      "rb": 0.93142855,
      "rbversion": "t17_f5_c3",
      "drb": 0.99999607,
      "magapbig": 18.2072,
      "sigmagapbig": 0.125,
      "rfid": 463120248,
      "has_stamp": true,
      "corrected": true,
      "dubious": false,
      "candid_alert": null,
      "step_id_corr": "1.1.6",
      "phase": 0.0,
      "parent_candid": null
    },
    {
      "tid": "ztf",
      "mjd": 60013.27462959988,
      "candid": "2259274624815015006",
      "fid": 1,
      "pid": 2259274624815,
      "diffmaglim": 19.331789,
      "isdiffpos": 1,
      "nid": 2259,
      "distnr": 1.2815657,
      "magpsf": 18.34839,
      "magpsf_corr": 17.89876,
      "magpsf_corr_ext": null,
      "magap": 18.3997,
      "magap_corr": null,
      "sigmapsf": 0.109177485,
      "sigmapsf_corr": 0.06135495,
      "sigmapsf_corr_ext": 0.07215741,
      "sigmagap": 0.1417,
      "sigmagap_corr": null,
      "ra": 120.1161425,
      "dec": 7.8139377,
      "rb": 0.86714286,
      "rbversion": "t17_f5_c3",
      "drb": 0.9999945,
      "magapbig": 18.2552,
      "sigmagapbig": 0.1583,
      "rfid": 463120148,
      "has_stamp": true,
      "corrected": true,
      "dubious": false,
      "candid_alert": null,
      "step_id_corr": "1.1.6",
      "phase": 0.0,
      "parent_candid": null
    },
    {
      "tid": "ztf",
      "mjd": 60017.19061340019,
      "candid": "2263190614815015007",
      "fid": 1,
      "pid": 2263190614815,
      "diffmaglim": 19.818611,
      "isdiffpos": 1,
      "nid": 2263,
      "distnr": 1.3048272,
      "magpsf": 18.511436,
      "magpsf_corr": 18.003735,
      "magpsf_corr_ext": null,
      "magap": 18.68,
      "magap_corr": null,
      "sigmapsf": 0.1454606,
      "sigmapsf_corr": 0.08096208,
      "sigmapsf_corr_ext": 0.091130674,
      "sigmagap": 0.1502,
      "sigmagap_corr": null,
      "ra": 120.1161453,
      "dec": 7.8139496,
      "rb": 0.80142856,
      "rbversion": "t17_f5_c3",
      "drb": 0.99712265,
      "magapbig": 18.7376,
      "sigmagapbig": 0.1997,
      "rfid": 463120148,
      "has_stamp": true,
      "corrected": true,
      "dubious": false,
      "candid_alert": null,
      "step_id_corr": "1.1.6",
      "phase": 0.0,
      "parent_candid": null
    },
    {
      "tid": "ztf",
      "mjd": 60021.16983800009,
      "candid": "2267169834815015011",
      "fid": 2,
      "pid": 2267169834815,
      "diffmaglim": 19.6388,
      "isdiffpos": 1,
      "nid": 2267,
      "distnr": 1.4743276,
      "magpsf": 18.059809,
      "magpsf_corr": null,
      "magpsf_corr_ext": null,
      "magap": 18.0608,
      "magap_corr": null,
      "sigmapsf": 0.07662416,
      "sigmapsf_corr": null,
      "sigmapsf_corr_ext": null,
      "sigmagap": 0.0793,
      "sigmagap_corr": null,
      "ra": 120.1161551,
      "dec": 7.8138957,
      "rb": 0.85,
      "rbversion": "t17_f5_c3",
      "drb": 0.99999887,
      "magapbig": 17.9844,
      "sigmagapbig": 0.093,
      "rfid": 463120248,
      "has_stamp": true,
      "corrected": false,
      "dubious": true,
      "candid_alert": null,
      "step_id_corr": "1.1.6",
      "phase": 0.0,
      "parent_candid": null
    },
    {
      "tid": "ztf",
      "mjd": 60021.1936805998,
      "candid": "2267193684815015001",
      "fid": 1,
      "pid": 2267193684815,
      "diffmaglim": 19.928799,
      "isdiffpos": 1,
      "nid": 2267,
      "distnr": 1.2020967,
      "magpsf": 18.495869,
      "magpsf_corr": 17.993956,
      "magpsf_corr_ext": null,
      "magap": 18.5342,
      "magap_corr": null,
      "sigmapsf": 0.10081694,
      "sigmapsf_corr": 0.048098285,
      "sigmapsf_corr_ext": 0.06349918,
      "sigmagap": 0.104,
      "sigmagap_corr": null,
      "ra": 120.1161579,
      "dec": 7.8139211,
      "rb": 0.93714285,
      "rbversion": "t17_f5_c3",
      "drb": 0.99999696,
      "magapbig": 18.4917,
      "sigmagapbig": 0.1258,
      "rfid": 463120148,
      "has_stamp": true,
      "corrected": true,
      "dubious": false,
      "candid_alert": null,
      "step_id_corr": "1.1.6",
      "phase": 0.0,
      "parent_candid": null
    },
    {
      "tid": "ztf",
      "mjd": 60031.155509300064,
      "candid": "2277155504815015012",
      "fid": 2,
      "pid": 2277155504815,
      "diffmaglim": 20.00521,
      "isdiffpos": 1,
      "nid": 2277,
      "distnr": 1.2926338,
      "magpsf": 18.087132,
      "magpsf_corr": 17.282814,
      "magpsf_corr_ext": null,
      "magap": 18.2201,
      "magap_corr": null,
      "sigmapsf": 0.074808955,
      "sigmapsf_corr": 100.0,
      "sigmapsf_corr_ext": 0.035663705,
      "sigmagap": 0.0838,
      "sigmagap_corr": null,
      "ra": 120.1161866,
      "dec": 7.813938,
      "rb": 0.92714286,
      "rbversion": "t17_f5_c3",
      "drb": 0.9999901,
      "magapbig": 18.1425,
      "sigmagapbig": 0.098,
      "rfid": 463120248,
      "has_stamp": true,
      "corrected": true,
      "dubious": false,
      "candid_alert": null,
      "step_id_corr": "1.1.6",
      "phase": 0.0,
      "parent_candid": null
    },
    {
      "tid": "ztf",
      "mjd": 60031.19359950023,
      "candid": "2277193594815015002",
      "fid": 1,
      "pid": 2277193594815,
      "diffmaglim": 20.001072,
      "isdiffpos": 1,
      "nid": 2277,
      "distnr": 1.0827857,
      "magpsf": 18.790462,
      "magpsf_corr": 18.169992,
      "magpsf_corr_ext": null,
      "magap": 18.8643,
      "magap_corr": null,
      "sigmapsf": 0.10100399,
      "sigmapsf_corr": 0.029599337,
      "sigmapsf_corr_ext": 0.057036147,
      "sigmagap": 0.1417,
      "sigmagap_corr": null,
      "ra": 120.1161964,
      "dec": 7.8139107,
      "rb": 0.9557143,
      "rbversion": "t17_f5_c3",
      "drb": 0.9999993,
      "magapbig": 18.8376,
      "sigmagapbig": 0.1747,
      "rfid": 463120148,
      "has_stamp": true,
      "corrected": true,
      "dubious": false,
      "candid_alert": null,
      "step_id_corr": "1.1.6",
      "phase": 0.0,
      "parent_candid": null
    },
    {
      "tid": "ztf",
      "mjd": 60036.28956020018,
      "candid": "2282289564815015005",
      "fid": 1,
      "pid": 2282289564815,
      "diffmaglim": 18.8196,
      "isdiffpos": 1,
      "nid": 2282,
      "distnr": 0.985483,
      "magpsf": 18.7863,
      "magpsf_corr": 18.167639,
      "magpsf_corr_ext": null,
      "magap": 19.2288,
      "magap_corr": null,
      "sigmapsf": 0.21857,
      "sigmapsf_corr": 0.11365653,
      "sigmapsf_corr_ext": 0.12363062,
      "sigmagap": 0.4783,
      "sigmagap_corr": null,
      "ra": 120.1162029,
      "dec": 7.8138798,
      "rb": 0.754286,
      "rbversion": "t17_f5_c3",
      "drb": null,
      "magapbig": 18.8742,
      "sigmagapbig": 0.4425,
      "rfid": null,
      "has_stamp": false,
      "corrected": true,
      "dubious": false,
      "candid_alert": null,
      "step_id_corr": "1.1.6",
      "phase": 0.0,
      "parent_candid": 2291157064815015000
    },
    {
      "tid": "ztf",
      "mjd": 60045.15706019988,
      "candid": "2291157064815015007",
      "fid": 1,
      "pid": 2291157064815,
      "diffmaglim": 20.42104,
      "isdiffpos": 1,
      "nid": 2291,
      "distnr": 1.1590214,
      "magpsf": 19.063854,
      "magpsf_corr": 18.315842,
      "magpsf_corr_ext": null,
      "magap": 19.4967,
      "magap_corr": null,
      "sigmapsf": 0.1046207,
      "sigmapsf_corr": 100.0,
      "sigmapsf_corr_ext": 0.05253067,
      "sigmagap": 0.1943,