{
  "detections": [
    {
      "tid": "ztf",
      "mjd": 59935.565243099816,
      "candid": "2181565242515015003",
      "fid": 2,
      "pid": 2181565242515,
      "diffmaglim": 19.676033,
      "isdiffpos": 1,
      "nid": 2181,
      "distnr": 1.1409003,
      "magpsf": 19.345203,
      "magpsf_corr": 19.266014,
      "magpsf_corr_ext": null,
      "magap": 19.1906,
      "magap_corr": null,
      "sigmapsf": 0.18576808,
      "sigmapsf_corr": 0.17208022,
      "sigmapsf_corr_ext": 0.17270108,
      "sigmagap": 0.2678,
      "sigmagap_corr": null,
      "ra": 238.6072027,
      "dec": 4.0263972,
      "rb": 0.80857146,
      "rbversion": "t17_f5_c3",
      "drb": 0.99301094,
      "magapbig": 19.2717,
      "sigmagapbig": 0.3706,
      "rfid": 481120225,
      "has_stamp": true,
      "corrected": true,
      "dubious": false,
      "candid_alert": null,
      "step_id_corr": "1.1.6",
      "phase": 0.0,
      "parent_candid": null
    },
    {
      "tid": "ztf",
      "mjd": 59956.520937500056,
      "candid": "2202520932515015006",
      "fid": 2,
      "pid": 2202520932515,
      "diffmaglim": 19.406279,
      "isdiffpos": 1,
      "nid": 2202,
      "distnr": 1.2290051,
      "magpsf": 18.930397,
      "magpsf_corr": 18.875732,
      "magpsf_corr_ext": null,
      "magap": 18.7754,
      "magap_corr": null,
      "sigmapsf": 0.14310217,
      "sigmapsf_corr": 0.13569187,
      "sigmapsf_corr_ext": 0.13607568,
      "sigmagap": 0.161,
      "sigmagap_corr": null,
      "ra": 238.6072224,
      "dec": 4.0262541,
      "rb": 0.55142856,
      "rbversion": "t17_f5_c3",
      "drb": 0.9984014,
      "magapbig": 18.7335,
      "sigmagapbig": 0.1986,
      "rfid": 481120225,
      "has_stamp": true,
      "corrected": true,
      "dubious": false,
      "candid_alert": null,
      "step_id_corr": "1.1.6",
      "phase": 0.0,
      "parent_candid": null
    },
    {
      "tid": "ztf",
      "mjd": 59956.54516200023,
      "candid": "2202545162515015004",
      "fid": 1,
      "pid": 2202545162515,
      "diffmaglim": 19.452179,
      "isdiffpos": 1,
      "nid": 2202,
      "distnr": 7.13913,
      "magpsf": 19.0859,
      "magpsf_corr": null,
      "magpsf_corr_ext": null,
      "magap": 19.0041,
      "magap_corr": null,
      "sigmapsf": 0.16578941,
      "sigmapsf_corr": null,
      "sigmapsf_corr_ext": null,
      "sigmagap": 0.1893,
      "sigmagap_corr": null,
      "ra": 238.6072667,
      "dec": 4.0263343,
      "rb": 0.67714286,
      "rbversion": "t17_f5_c3",
      "drb": 0.99895287,
      "magapbig": 19.2035,
      "sigmagapbig": 0.2919,
      "rfid": 481120125,
      "has_stamp": true,
      "corrected": false,
      "dubious": false,
      "candid_alert": null,
      "step_id_corr": "1.1.6",
      "phase": 0.0,
      "parent_candid": null
    },
    {
      "tid": "ztf",
      "mjd": 59968.53303240007,
      "candid": "2214533032515015005",
      "fid": 1,
      "pid": 2214533032515,
      "diffmaglim": 20.208479,
      "isdiffpos": 1,
      "nid": 2214,
      "distnr": 7.147351,
      "magpsf": 18.78638,
      "magpsf_corr": null,
      "magpsf_corr_ext": null,
      "magap": 18.7974,
      "magap_corr": null,
      "sigmapsf": 0.07859411,
      "sigmapsf_corr": null,
      "sigmapsf_corr_ext": null,
      "sigmagap": 0.0903,
      "sigmagap_corr": null,
      "ra": 238.607194,
      "dec": 4.026325,
      "rb": 0.9114286,
      "rbversion": "t17_f5_c3",
      "drb": 0.9999989,
      "magapbig": 18.8001,
      "sigmagapbig": 0.1154,
      "rfid": 481120125,
      "has_stamp": true,
      "corrected": false,
      "dubious": false,
      "candid_alert": null,
      "step_id_corr": "1.1.6",
      "phase": 0.0,
      "parent_candid": null
    },
    {
      "tid": "ztf",
      "mjd": 59971.51910880022,
      "candid": "2217519102515015004",
      "fid": 2,
      "pid": 2217519102515,
      "diffmaglim": 19.536503,
      "isdiffpos": 1,
      "nid": 2217,
      "distnr": 1.3615669,
      "magpsf": 18.504463,
      "magpsf_corr": 18.467237,
      "magpsf_corr_ext": null,
      "magap": 18.6102,
      "magap_corr": null,
      "sigmapsf": 0.09946587,
      "sigmapsf_corr": 0.095857345,
      "sigmapsf_corr_ext": 0.09611337,
      "sigmagap": 0.092,
      "sigmagap_corr": null,
      "ra": 238.6072679,
      "dec": 4.0262974,
      "rb": 0.5557143,
      "rbversion": "t17_f5_c3",
      "drb": 0.99986565,
      "magapbig": 18.6322,
      "sigmagapbig": 0.1199,
      "rfid": 481120225,
      "has_stamp": true,
      "corrected": true,
      "dubious": false,
      "candid_alert": null,
      "step_id_corr": "1.1.6",
      "phase": 0.0,
      "parent_candid": null
    },
    {
      "tid": "ztf",
      "mjd": 59977.46578700002,
      "candid": "2223465782515015002",
      "fid": 2,
      "pid": 2223465782515,
      "diffmaglim": 19.460726,
      "isdiffpos": 1,
      "nid": 2223,
      "distnr": 1.2996305,
      "magpsf": 18.489534,
      "magpsf_corr": 18.452808,
      "magpsf_corr_ext": null,
      "magap": 18.543,
      "magap_corr": null,
      "sigmapsf": 0.1341088,
      "sigmapsf_corr": 0.12946363,
      "sigmapsf_corr_ext": 0.12964833,
      "sigmagap": 0.1452,
      "sigmagap_corr": null,
      "ra": 238.6072524,
      "dec": 4.0263259,
      "rb": 0.93,
      "rbversion": "t17_f5_c3",
      "drb": 0.99999464,
      "magapbig": 18.4663,
      "sigmagapbig": 0.1735,
      "rfid": 481120225,
      "has_stamp": true,
      "corrected": true,
      "dubious": false,
      "candid_alert": null,
      "step_id_corr": "1.1.6",
      "phase": 0.0,
      "parent_candid": null
    },
    {
      "tid": "ztf",
      "mjd": 59985.51885419991,
      "candid": "2231518852515015006",
      "fid": 1,
      "pid": 2231518852515,
      "diffmaglim": 19.556805,
      "isdiffpos": 1,
      "nid": 2231,
      "distnr": 7.0013814,
      "magpsf": 19.090736,
      "magpsf_corr": null,
      "magpsf_corr_ext": null,
      "magap": 19.0746,
      "magap_corr": null,
      "sigmapsf": 0.1503661,
      "sigmapsf_corr": null,
      "sigmapsf_corr_ext": null,
      "sigmagap": 0.1984,
      "sigmagap_corr": null,
      "ra": 238.6072173,
      "dec": 4.0262862,
      "rb": 0.6542857,
      "rbversion": "t17_f5_c3",
      "drb": 0.9990331,
      "magapbig": 19.0847,
      "sigmagapbig": 0.257,
      "rfid": 481120125,
      "has_stamp": true,
      "corrected": false,
      "dubious": false,
      "candid_alert": null,
      "step_id_corr": "1.1.6",
      "phase": 0.0,
      "parent_candid": null
    },
    {
      "tid": "ztf",
      "mjd": 59985.54171299981,
      "candid": "2231541712515015003",
      "fid": 2,
      "pid": 2231541712515,
      "diffmaglim": 19.544092,
      "isdiffpos": 1,
      "nid": 2231,
      "distnr": 1.1054342,
      "magpsf": 18.652628,
      "magpsf_corr": 18.610065,
      "magpsf_corr_ext": null,
      "magap": 18.6144,
      "magap_corr": null,
      "sigmapsf": 0.09351225,
      "sigmapsf_corr": 0.08956103,
      "sigmapsf_corr_ext": 0.089917295,
      "sigmagap": 0.1171,
      "sigmagap_corr": null,
      "ra": 238.6071979,
      "dec": 4.0263197,
      "rb": 0.5957143,
      "rbversion": "t17_f5_c3",
      "drb": 0.99977565,
      "magapbig": 18.6558,
      "sigmagapbig": 0.1559,
      "rfid": 481120225,
      "has_stamp": true,
      "corrected": true,
      "dubious": false,
      "candid_alert": null,
      "step_id_corr": "1.1.6",
      "phase": 0.0,
      "parent_candid": null
    },
    {
      "tid": "ztf",
      "mjd": 59994.48313659988,
      "candid": "2240483132515015009",
      "fid": 1,
      "pid": 2240483132515,
      "diffmaglim": 20.313814,
      "isdiffpos": 1,
      "nid": 2240,
      "distnr": 7.1052523,
      "magpsf": 19.39231,
      "magpsf_corr": null,
      "magpsf_corr_ext": null,
      "magap": 19.5137,
      "magap_corr": null,
      "sigmapsf": 0.10435499,
      "sigmapsf_corr": null,
      "sigmapsf_corr_ext": null,
      "sigmagap": 0.1697,
      "sigmagap_corr": null,
      "ra": 238.6072157,