{
  "detections": [
    {
      "tid": "ztf",
      "mjd": 60251.48158559995,
      "candid": "2497481584615015003",
      "fid": 2,
      "pid": 2497481584615,
      "diffmaglim": 19.1908,
      "isdiffpos": 1,
      "nid": 2497,
      "distnr": 1.54285,
      "magpsf": 18.3091,
      "magpsf_corr": null,
      "magpsf_corr_ext": null,
      "magap": 18.4474,
      "magap_corr": null,
      "sigmapsf": 0.121692,
      "sigmapsf_corr": null,
      "sigmapsf_corr_ext": null,
      "sigmagap": 0.1288,
      "sigmagap_corr": null,
      "ra": 140.037291,
      "dec": -16.5237614,
      "rb": 0.321429,
      "rbversion": "t17_f5_c3",
      "drb": null,
      "magapbig": 18.5083,
      "sigmagapbig": 0.1767,
      "rfid": null,
      "has_stamp": false,
      "corrected": false,
      "dubious": false,
      "candid_alert": null,
      "step_id_corr": "1.2.1",
      "phase": 0.0,
      "parent_candid": 2499497954615015000
    },
    {
      "tid": "ztf",
      "mjd": 60253.4979514,
      "candid": "2499497954615015004",
      "fid": 2,
      "pid": 2499497954615,
      "diffmaglim": 20.02194,
      "isdiffpos": 1,
      "nid": 2499,
      "distnr": 1.5268077,
      "magpsf": 18.25546,
      "magpsf_corr": null,
      "magpsf_corr_ext": null,
      "magap": 18.3064,
      "magap_corr": null,
      "sigmapsf": 0.05752489,
      "sigmapsf_corr": null,
      "sigmapsf_corr_ext": null,
      "sigmagap": 0.0903,
      "sigmagap_corr": null,
      "ra": 140.0372879,
      "dec": -16.5236861,
      "rb": 0.95285714,
      "rbversion": "t17_f5_c3",
      "drb": 0.9998852,
      "magapbig": 18.7118,
      "sigmagapbig": 0.1728,
      "rfid": 314120246,
      "has_stamp": true,
      "corrected": false,
      "dubious": false,
      "candid_alert": null,
      "step_id_corr": "1.2.1",
      "phase": 0.0,
      "parent_candid": null
    },
    {
      "tid": "ztf",
      "mjd": 60295.50349539984,
      "candid": "2541503494615015007",
      "fid": 2,
      "pid": 2541503494615,
      "diffmaglim": 19.56512,
      "isdiffpos": 1,
      "nid": 2541,
      "distnr": 1.5426451,
      "magpsf": 18.84082,
      "magpsf_corr": null,
      "magpsf_corr_ext": null,
      "magap": 18.9105,
      "magap_corr": null,
      "sigmapsf": 0.13166527,
      "sigmapsf_corr": null,
      "sigmapsf_corr_ext": null,
      "sigmagap": 0.1796,
      "sigmagap_corr": null,
      "ra": 140.0372877,
      "dec": -16.5237,
      "rb": 0.73714286,
      "rbversion": "t17_f5_c3",
      "drb": 0.99996614,
      "magapbig": 19.0796,
      "sigmagapbig": 0.2751,
      "rfid": 314120246,
      "has_stamp": true,
      "corrected": false,
      "dubious": false,
      "candid_alert": null,
      "step_id_corr": "23.12.x",
      "phase": 0.0,
      "parent_candid": null
    }
  ],
  "non_detections": [
    {
      "tid": "ztf",
      "mjd": 60248.48346060002,
      "fid": 2,
      "diffmaglim": 18.9519
    },
    {
      "tid": "ztf",
      "mjd": 60248.50972220022,
      "fid": 1,
      "diffmaglim": 18.8191
    },
    {
      "tid": "ztf",
      "mjd": 60251.5063426001,
      "fid": 1,
      "diffmaglim": 19.5731
    },
    {
      "tid": "ztf",
      "mjd": 60287.398888899945,
      "fid": 2,
      "diffmaglim": 19.9086
    },
    {
      "tid": "ztf",
      "mjd": 60288.43483800022,
      "fid": 2,
      "diffmaglim": 19.9355
    },
    {
      "tid": "ztf",
      "mjd": 60288.46001160005,
      "fid": 1,
      "diffmaglim": 19.8631
    },
    {
      "tid": "ztf",
      "mjd": 60290.44040510012,
      "fid": 2,
      "diffmaglim": 19.7658
    },
    {
      "tid": "ztf",
      "mjd": 60290.480729199946,
      "fid": 1,
      "diffmaglim": 20.3937
    },
    {
      "tid": "ztf",
      "mjd": 60295.48356480012,
      "fid": 1,
      "diffmaglim": 16.4567
    }
  ],
  "forced_detections": [
    {
      "candid": "ZTF23abpbuha2536480724615",
      "tid": "ztf",
      "pid": 2536480724615,
      "oid": "ZTF23abpbuha",
      "mjd": 60290.480729199946,
      "fid": 1,
      "ra": 140.0372877,
      "e_ra": null,
      "dec": -16.5237,
      "e_dec": null,
      "mag": 19.99493980407715,
      "e_mag": 0.11386492848396301,
      "mag_corr": null,
      "e_mag_corr": null,
      "e_mag_corr_ext": null,
      "isdiffpos": 1,
      "corrected": false,
      "dubious": false,
      "parent_candid": 2541503494615015007,
      "has_stamp": false,
      "scibckgnd": 467.5870056152344,
      "exptime": 30.0,
      "magnr": 19.961000442504883,
      "scisigpix": 6.4534502029418945,
      "adpctdif1": 0.05391699820756912,
      "sigmagnr": 0.12999999523162842,
      "magzpsci": 26.282400131225586,
      "adpctdif2": 0.05965200066566467,
      "chinr": 4.10699987411499,
      "diffmaglim": 20.393699645996094,
      "programid": 1,
      "sharpnr": 0.2800000011920929,
      "field": 314,
      "magzpsciunc": 6.725600087520434e-06,
      "procstatus": "0",
      "rcid": 46,
      "magzpscirms": 0.0283851008862257,
      "distnr": 1.8949655294418335,
      "rfid": 314120146,
      "clrcoeff": -0.0630808025598526,
      "ranr": 140.037841796875,
      "sciinpseeing": 2.0422000885009766,
      "clrcounc": 1.2698000318778213e-05,
      "decnr": -16.523719787597656
    },
    {
      "candid": "ZTF23abpbuha2536432983215",
      "tid": "ztf",
      "pid": 2536432983215,
      "oid": "ZTF23abpbuha",
      "mjd": 60290.432986100204,
      "fid": 2,
      "ra": 140.0372877,
      "e_ra": null,
      "dec": -16.5237,
      "e_dec": null,
      "mag": 100.0,
      "e_mag": 100.0,
      "mag_corr": 100.0,
      "e_mag_corr": 100.0,
      "e_mag_corr_ext": 100.0,
      "isdiffpos": -1,
      "corrected": true,
      "dubious": true,
      "parent_candid": 2541503494615015007,
      "has_stamp": false,
      "scibckgnd": 370.0199890136719,
      "exptime": 30.0,
      "magnr": -99999.0,
      "scisigpix": 7.5542497634887695,
      "adpctdif1": 0.05691999942064285,
      "sigmagnr": -99999.0,
      "magzpsci": 26.22599983215332,
      "adpctdif2": 0.05765099823474884,
      "chinr": -99999.0,
      "diffmaglim": 20.24180030822754,
      "programid": 1,
      "sharpnr": -99999.0,
      "field": 313,
      "magzpsciunc": 3.639499936980428e-06,
      "procstatus": "61",
      "rcid": 32,
      "magzpscirms": 0.022190600633621216,
      "distnr": -99999.0,
      "rfid": 313120232,
      "clrcoeff": 0.09837940335273743,
      "ranr": -99999.0,
      "sciinpseeing": 1.9926999807357788,
      "clrcounc": 6.615649908781052e-06,
      "decnr": -99999.0
    },
    {
      "candid": "ZTF23abpbuha2534460014615",
      "tid": "ztf",
      "pid": 2534460014615,
      "oid": "ZTF23abpbuha",
      "mjd": 60288.46001160005,
      "fid": 1,
      "ra": 140.0372877,
      "e_ra": null,
      "dec": -16.5237,
      "e_dec": null,
      "mag": 20.282245635986328,
      "e_mag": 0.25683608651161194,
      "mag_corr": null,
      "e_mag_corr": null,
      "e_mag_corr_ext": null,
      "isdiffpos": 1,
      "corrected": false,
      "dubious": false,
      "parent_candid": 2541503494615015007,
      "has_stamp": false,
      "scibckgnd": 451.197998046875,
      "exptime": 30.0,
      "magnr": 19.961000442504883,
      "scisigpix": 6.894020080566406,
      "adpctdif1": 0.0721220001578331,
      "sigmagnr": 0.12999999523162842,
      "magzpsci": 26.255599975585938,
      "adpctdif2": 0.07990700006484985,
      "chinr": 4.10699987411499,
      "diffmaglim": 19.863100051879883,
      "programid": 1,
      "sharpnr": 0.2800000011920929,
      "field": 314,
      "magzpsciunc": 1.2785400031134486e-05,
      "procstatus": "0",
      "rcid": 46,
      "magzpscirms": 0.034511301666498184,
      "distnr": 1.8949655294418335,
      "rfid": 314120146,
      "clrcoeff": -0.04288719967007637,
      "ranr": 140.037841796875,
      "sciinpseeing": 3.484299898147583,
      "clrcounc": 3.007789928233251e-05,
      "decnr": -16.523719787597656
    },
    {
      "candid": "ZTF23abpbuha2534435303515",
      "tid": "ztf",
      "pid": 2534435303515,