{
  "detections": [
    {
      "tid": "ztf",
      "mjd": 59935.379247699864,
      "candid": "2181379243315015014",
      "fid": 1,
      "pid": 2181379243315,
      "diffmaglim": 20.426422,
      "isdiffpos": 1,
      "nid": 2181,
      "distnr": 0.17360863,
      "magpsf": 18.716125,
      "magpsf_corr": 16.812502,
      "magpsf_corr_ext": null,
      "magap": 18.6401,
      "magap_corr": null,
      "sigmapsf": 0.111962765,
      "sigmapsf_corr": 100.0,
      "sigmapsf_corr_ext": 0.019392055,
      "sigmagap": 0.1079,
      "sigmagap_corr": null,
      "ra": 146.5741233,
      "dec": 5.7100868,
      "rb": 0.94285715,
      "rbversion": "t17_f5_c3",
      "drb": 0.99983746,
      "magapbig": 18.6057,
      "sigmagapbig": 0.1284,
      "rfid": 467120133,
      "has_stamp": true,
      "corrected": true,
      "dubious": false,
      "candid_alert": null,
      "step_id_corr": "1.1.6",
      "phase": 0.0,
      "parent_candid": null
    },
    {
      "tid": "ztf",
      "mjd": 59935.46143520018,
      "candid": "2181461433315015023",
      "fid": 2,
      "pid": 2181461433315,
      "diffmaglim": 20.430567,
      "isdiffpos": 1,
      "nid": 2181,
      "distnr": 1.4873832,
      "magpsf": 18.810385,
      "magpsf_corr": null,
      "magpsf_corr_ext": null,
      "magap": 18.6601,
      "magap_corr": null,
      "sigmapsf": 0.11365775,
      "sigmapsf_corr": null,
      "sigmapsf_corr_ext": null,
      "sigmagap": 0.1221,
      "sigmagap_corr": null,
      "ra": 146.574131,
      "dec": 5.7101147,
      "rb": 0.85,
      "rbversion": "t17_f5_c3",
      "drb": 0.8852931,
      "magapbig": 18.4265,
      "sigmagapbig": 0.1212,
      "rfid": 467120233,
      "has_stamp": true,
      "corrected": false,
      "dubious": false,
      "candid_alert": null,
      "step_id_corr": "1.1.6",
      "phase": 0.0,
      "parent_candid": null
    },
    {
      "tid": "ztf",
      "mjd": 59937.40534720011,
      "candid": "2183405343315015009",
      "fid": 1,
      "pid": 2183405343315,
      "diffmaglim": 19.960623,
      "isdiffpos": 1,
      "nid": 2183,
      "distnr": 0.24928562,
      "magpsf": 18.70632,
      "magpsf_corr": 16.810797,
      "magpsf_corr_ext": null,
      "magap": 18.7238,
      "magap_corr": null,
      "sigmapsf": 0.096162744,
      "sigmapsf_corr": 100.0,
      "sigmapsf_corr_ext": 0.01678021,
      "sigmagap": 0.1161,
      "sigmagap_corr": null,
      "ra": 146.5741427,
      "dec": 5.7099789,
      "rb": 0.49857143,
      "rbversion": "t17_f5_c3",
      "drb": 0.9999356,
      "magapbig": 18.6038,
      "sigmagapbig": 0.1287,
      "rfid": 467120133,
      "has_stamp": true,
      "corrected": true,
      "dubious": false,
      "candid_alert": null,
      "step_id_corr": "1.1.6",
      "phase": 0.0,
      "parent_candid": null
    },
    {
      "tid": "ztf",
      "mjd": 59957.38070600014,
      "candid": "2203380703315015032",
      "fid": 2,
      "pid": 2203380703315,
      "diffmaglim": 20.006908,
      "isdiffpos": 1,
      "nid": 2203,
      "distnr": 1.3264169,
      "magpsf": 18.481785,
      "magpsf_corr": 16.717018,
      "magpsf_corr_ext": null,
      "magap": 18.1571,
      "magap_corr": null,
      "sigmapsf": 0.0992403,
      "sigmapsf_corr": 100.0,
      "sigmapsf_corr_ext": 0.019533549,
      "sigmagap": 0.0977,
      "sigmagap_corr": null,
      "ra": 146.5741506,
      "dec": 5.7100512,
      "rb": 0.7985714,
      "rbversion": "t17_f5_c3",
      "drb": 0.949603,
      "magapbig": 17.9055,
      "sigmagapbig": 0.0967,
      "rfid": 467120233,
      "has_stamp": true,
      "corrected": true,
      "dubious": true,
      "candid_alert": null,
      "step_id_corr": "1.1.6",
      "phase": 0.0,
      "parent_candid": null
    },
    {
      "tid": "ztf",
      "mjd": 59957.44249999989,
      "candid": "2203442493315015003",
      "fid": 1,
      "pid": 2203442493315,
      "diffmaglim": 19.76254,
      "isdiffpos": 1,
      "nid": 2203,
      "distnr": 0.14866513,
      "magpsf": 18.923868,
      "magpsf_corr": 16.845753,
      "magpsf_corr_ext": null,
      "magap": 19.1207,
      "magap_corr": null,
      "sigmapsf": 0.11337293,
      "sigmapsf_corr": 100.0,
      "sigmapsf_corr_ext": 0.016721046,
      "sigmagap": 0.2399,
      "sigmagap_corr": null,
      "ra": 146.574182,
      "dec": 5.7100737,
      "rb": 0.94,
      "rbversion": "t17_f5_c3",
      "drb": 0.99986005,
      "magapbig": 19.0158,
      "sigmagapbig": 0.2741,
      "rfid": 467120133,
      "has_stamp": true,
      "corrected": true,
      "dubious": false,
      "candid_alert": null,
      "step_id_corr": "1.1.6",
      "phase": 0.0,
      "parent_candid": null
    },
    {
      "tid": "ztf",
      "mjd": 59965.402627300005,
      "candid": "2211402623315015017",
      "fid": 1,
      "pid": 2211402623315,
      "diffmaglim": 19.955664,
      "isdiffpos": 1,
      "nid": 2211,
      "distnr": 0.40719223,
      "magpsf": 19.040909,
      "magpsf_corr": 16.862242,
      "magpsf_corr_ext": null,
      "magap": 18.6802,
      "magap_corr": null,
      "sigmapsf": 0.17243148,
      "sigmapsf_corr": 100.0,
      "sigmapsf_corr_ext": 0.023181945,
      "sigmagap": 0.1141,
      "sigmagap_corr": null,
      "ra": 146.5742056,
      "dec": 5.7101497,
      "rb": 0.5971429,
      "rbversion": "t17_f5_c3",
      "drb": 0.14157146,
      "magapbig": 18.4251,
      "sigmagapbig": 0.112,
      "rfid": 467120133,
      "has_stamp": true,
      "corrected": true,
      "dubious": false,
      "candid_alert": null,
      "step_id_corr": "1.1.6",
      "phase": 0.0,
      "parent_candid": null
    },
    {
      "tid": "ztf",
      "mjd": 60017.212580999825,
      "candid": "2263212583315015027",
      "fid": 1,
      "pid": 2263212583315,
      "diffmaglim": 20.610268,
      "isdiffpos": 1,
      "nid": 2263,
      "distnr": 0.096436135,
      "magpsf": 19.36022,
      "magpsf_corr": 16.900085,
      "magpsf_corr_ext": null,
      "magap": 19.2382,
      "magap_corr": null,
      "sigmapsf": 0.13002326,
      "sigmapsf_corr": 100.0,
      "sigmapsf_corr_ext": 0.013488618,
      "sigmagap": 0.1758,
      "sigmagap_corr": null,
      "ra": 146.5741384,
      "dec": 5.7100232,
      "rb": 0.92714286,
      "rbversion": "t17_f5_c3",
      "drb": 0.99675596,
      "magapbig": 19.2584,
      "sigmagapbig": 0.2189,
      "rfid": 467120133,
      "has_stamp": true,
      "corrected": true,
      "dubious": false,
      "candid_alert": null,
      "step_id_corr": "1.1.6",
      "phase": 0.0,
      "parent_candid": null
    },
    {
      "tid": "ztf",
      "mjd": 60021.21648149984,
      "candid": "2267216483315015007",
      "fid": 2,
      "pid": 2267216483315,
      "diffmaglim": 19.007925,
      "isdiffpos": 1,
      "nid": 2267,
      "distnr": 1.2917566,
      "magpsf": 18.451902,
      "magpsf_corr": 16.711071,
      "magpsf_corr_ext": null,
      "magap": 18.3765,
      "magap_corr": null,
      "sigmapsf": 0.14739616,
      "sigmapsf_corr": 100.0,
      "sigmapsf_corr_ext": 0.029658785,
      "sigmagap": 0.246,
      "sigmagap_corr": null,
      "ra": 146.5741713,
      "dec": 5.7100724,
      "rb": 0.91571426,
      "rbversion": "t17_f5_c3",
      "drb": 0.9999995,
      "magapbig": 18.4092,
      "sigmagapbig": 0.3204,
      "rfid": 467120233,
      "has_stamp": true,
      "corrected": true,
      "dubious": false,
      "candid_alert": null,
      "step_id_corr": "1.1.6",
      "phase": 0.0,
      "parent_candid": null
    },
    {
      "tid": "ztf",
      "mjd": 60031.22653939994,
      "candid": "2277226533315015015",
      "fid": 1,
      "pid": 2277226533315,
      "diffmaglim": 20.125824,
      "isdiffpos": 1,
      "nid": 2277,
      "distnr": 0.24326824,
      "magpsf": 19.59769,
      "magpsf_corr": 16.922441,
      "magpsf_corr_ext": null,
      "magap": 20.0328,
      "magap_corr": null,
      "sigmapsf": 0.18402195,
      "sigmapsf_corr": 100.0,
      "sigmapsf_corr_ext": 0.01565922,
      "sigmagap": 0.4399,
      "sigmagap_corr": null,