{
  "detections": [
    {
      "tid": "ztf",
      "mjd": 59932.22827549977,
      "candid": "2178228270915015007",
      "fid": 2,
      "pid": 2178228270915,
      "diffmaglim": 20.30306,
      "isdiffpos": 1,
      "nid": 2178,
      "distnr": 1.0287348,
      "magpsf": 19.791704,
      "magpsf_corr": 18.950964,
      "magpsf_corr_ext": null,
      "magap": 20.1322,
      "magap_corr": null,
      "sigmapsf": 0.13966765,
      "sigmapsf_corr": 0.028628452,
      "sigmapsf_corr_ext": 0.06438727,
      "sigmagap": 0.3265,
      "sigmagap_corr": null,
      "ra": 18.5221012,
      "dec": 38.1180986,
      "rb": 0.9342857,
      "rbversion": "t17_f5_c3",
      "drb": 0.9999996,
      "magapbig": 20.3449,
      "sigmagapbig": 0.5061,
      "rfid": 696120209,
      "has_stamp": true,
      "corrected": true,
      "dubious": false,
      "candid_alert": null,
      "step_id_corr": "1.1.6",
      "phase": 0.0,
      "parent_candid": null
    },
    {
      "tid": "ztf",
      "mjd": 59934.20106479991,
      "candid": "2180201060915015005",
      "fid": 1,
      "pid": 2180201060915,
      "diffmaglim": 20.48839,
      "isdiffpos": 1,
      "nid": 2180,
      "distnr": 0.91007286,
      "magpsf": 19.032251,
      "magpsf_corr": 18.77846,
      "magpsf_corr_ext": null,
      "magap": 19.0176,
      "magap_corr": null,
      "sigmapsf": 0.08498323,
      "sigmapsf_corr": 0.06308836,
      "sigmapsf_corr_ext": 0.06726923,
      "sigmagap": 0.0949,
      "sigmagap_corr": null,
      "ra": 18.5220407,
      "dec": 38.1181349,
      "rb": 0.9342857,
      "rbversion": "t17_f5_c3",
      "drb": 0.9999999,
      "magapbig": 18.9294,
      "sigmagapbig": 0.1111,
      "rfid": 696120109,
      "has_stamp": true,
      "corrected": true,
      "dubious": false,
      "candid_alert": null,
      "step_id_corr": "1.1.6",
      "phase": 0.0,
      "parent_candid": null
    },
    {
      "tid": "ztf",
      "mjd": 59934.24046299979,
      "candid": "2180240460915015009",
      "fid": 2,
      "pid": 2180240460915,
      "diffmaglim": 20.289173,
      "isdiffpos": 1,
      "nid": 2180,
      "distnr": 0.9583639,
      "magpsf": 19.025967,
      "magpsf_corr": 18.531012,
      "magpsf_corr_ext": null,
      "magap": 19.04,
      "magap_corr": null,
      "sigmapsf": 0.08420349,
      "sigmapsf_corr": 0.036255866,
      "sigmapsf_corr_ext": 0.053376243,
      "sigmagap": 0.1259,
      "sigmagap_corr": null,
      "ra": 18.5220167,
      "dec": 38.1181138,
      "rb": 0.95,
      "rbversion": "t17_f5_c3",
      "drb": 0.9999999,
      "magapbig": 19.083,
      "sigmagapbig": 0.1663,
      "rfid": 696120209,
      "has_stamp": true,
      "corrected": true,
      "dubious": false,
      "candid_alert": null,
      "step_id_corr": "1.1.6",
      "phase": 0.0,
      "parent_candid": null
    },
    {
      "tid": "ztf",
      "mjd": 59936.17806709977,
      "candid": "2182178060915015004",
      "fid": 1,
      "pid": 2182178060915,
      "diffmaglim": 20.191082,
      "isdiffpos": 1,
      "nid": 2182,
      "distnr": 0.8288867,
      "magpsf": 18.96624,
      "magpsf_corr": 18.72588,
      "magpsf_corr_ext": null,
      "magap": 19.3635,
      "magap_corr": null,
      "sigmapsf": 0.10693657,
      "sigmapsf_corr": 0.08276379,
      "sigmapsf_corr_ext": 0.08570031,
      "sigmagap": 0.1895,
      "sigmagap_corr": null,
      "ra": 18.5220178,
      "dec": 38.1181147,
      "rb": 0.89285713,
      "rbversion": "t17_f5_c3",
      "drb": 0.99999946,
      "magapbig": 19.2767,
      "sigmagapbig": 0.2234,
      "rfid": 696120109,
      "has_stamp": true,
      "corrected": true,
      "dubious": false,
      "candid_alert": null,
      "step_id_corr": "1.1.6",
      "phase": 0.0,
      "parent_candid": null
    },
    {
      "tid": "ztf",
      "mjd": 59936.196388899814,
      "candid": "2182196380915015014",
      "fid": 2,
      "pid": 2182196380915,
      "diffmaglim": 20.554003,
      "isdiffpos": 1,
      "nid": 2182,
      "distnr": 0.9427755,
      "magpsf": 18.91072,
      "magpsf_corr": 18.456553,
      "magpsf_corr_ext": null,
      "magap": 18.9179,
      "magap_corr": null,
      "sigmapsf": 0.06492512,
      "sigmapsf_corr": 0.022093,
      "sigmapsf_corr_ext": 0.042731214,
      "sigmagap": 0.0998,
      "sigmagap_corr": null,
      "ra": 18.5220148,
      "dec": 38.118119,
      "rb": 0.9557143,
      "rbversion": "t17_f5_c3",
      "drb": 0.9999972,
      "magapbig": 18.8902,
      "sigmagapbig": 0.123,
      "rfid": 696120209,
      "has_stamp": true,
      "corrected": true,
      "dubious": false,
      "candid_alert": null,
      "step_id_corr": "1.1.6",
      "phase": 0.0,
      "parent_candid": null
    },
    {
      "tid": "ztf",
      "mjd": 59951.24317129981,
      "candid": "2197243170915015002",
      "fid": 2,
      "pid": 2197243170915,
      "diffmaglim": 19.247679,
      "isdiffpos": 1,
      "nid": 2197,
      "distnr": 1.0542289,
      "magpsf": 19.071815,
      "magpsf_corr": 18.559849,
      "magpsf_corr_ext": null,
      "magap": 19.0401,
      "magap_corr": null,
      "sigmapsf": 0.15568839,
      "sigmapsf_corr": 0.08843663,
      "sigmapsf_corr_ext": 0.097156025,
      "sigmagap": 0.2515,
      "sigmagap_corr": null,
      "ra": 18.5218524,
      "dec": 38.1181273,
      "rb": 0.84,
      "rbversion": "t17_f5_c3",
      "drb": 0.9997142,
      "magapbig": 19.139,
      "sigmagapbig": 0.3532,
      "rfid": 696120209,
      "has_stamp": true,
      "corrected": true,
      "dubious": false,
      "candid_alert": null,
      "step_id_corr": "1.1.6",
      "phase": 0.0,
      "parent_candid": null
    },
    {
      "tid": "ztf",
      "mjd": 59956.281122699846,
      "candid": "2202281120915015019",
      "fid": 1,
      "pid": 2202281120915,
      "diffmaglim": 18.6982,
      "isdiffpos": 1,
      "nid": 2202,
      "distnr": 0.976479,
      "magpsf": 19.1171,
      "magpsf_corr": 18.845066,
      "magpsf_corr_ext": null,
      "magap": 19.6127,
      "magap_corr": null,
      "sigmapsf": 0.237189,
      "sigmapsf_corr": 0.18294476,
      "sigmapsf_corr_ext": 0.18462107,
      "sigmagap": 0.6048,
      "sigmagap_corr": null,
      "ra": 18.5220682,
      "dec": 38.118125,
      "rb": 0.602857,
      "rbversion": "t17_f5_c3",
      "drb": null,
      "magapbig": 19.4329,
      "sigmagapbig": 0.658,
      "rfid": null,
      "has_stamp": false,
      "corrected": true,
      "dubious": false,
      "candid_alert": null,
      "step_id_corr": "1.1.6",
      "phase": 0.0,
      "parent_candid": 2204157110915015000
    },
    {
      "tid": "ztf",
      "mjd": 59958.15711810021,
      "candid": "2204157110915015003",
      "fid": 2,
      "pid": 2204157110915,
      "diffmaglim": 20.307138,
      "isdiffpos": 1,
      "nid": 2204,
      "distnr": 0.9575211,
      "magpsf": 18.834015,
      "magpsf_corr": 18.405462,
      "magpsf_corr_ext": null,
      "magap": 18.9538,
      "magap_corr": null,
      "sigmapsf": 0.07326922,
      "sigmapsf_corr": 0.034930274,
      "sigmapsf_corr_ext": 0.049374245,
      "sigmagap": 0.1183,
      "sigmagap_corr": null,
      "ra": 18.5219779,
      "dec": 38.1181179,
      "rb": 0.96,
      "rbversion": "t17_f5_c3",
      "drb": 0.99999994,
      "magapbig": 18.8596,
      "sigmagapbig": 0.1379,
      "rfid": 696120209,
      "has_stamp": true,
      "corrected": true,
      "dubious": false,
      "candid_alert": null,
      "step_id_corr": "1.1.6",
      "phase": 0.0,
      "parent_candid": null
    },
    {
      "tid": "ztf",
      "mjd": 59966.14476849977,
      "candid": "2212144760915015003",
      "fid": 2,
      "pid": 2212144760915,
      "diffmaglim": 19.745075,
      "isdiffpos": 1,
      "nid": 2212,
      "distnr": 1.2232378,
      "magpsf": 18.965355,
      "magpsf_corr": 18.492199,
      "magpsf_corr_ext": null,
      "magap": 18.9626,
      "magap_corr": null,
      "sigmapsf": 0.10131513,
      "sigmapsf_corr": 0.053525418,
      "sigmapsf_corr_ext": 0.065525755,
      "sigmagap": 0.1319,