{
  "detections": [
    {
      "tid": "ztf",
      "mjd": 60099.235752299894,
      "candid": "2345235750415015010",
      "fid": 2,
      "pid": 2345235750415,
      "diffmaglim": 19.527077,
      "isdiffpos": 1,
      "nid": 2345,
      "distnr": 2.9696543,
      "magpsf": 19.080149,
      "magpsf_corr": null,
      "magpsf_corr_ext": null,
      "magap": 18.9691,
      "magap_corr": null,
      "sigmapsf": 0.14952518,
      "sigmapsf_corr": null,
      "sigmapsf_corr_ext": null,
      "sigmagap": 0.2513,
      "sigmagap_corr": null,
      "ra": 181.086109,
      "dec": 9.1938968,
      "rb": 0.7385714,
      "rbversion": "t17_f5_c3",
      "drb": 0.96404016,
      "magapbig": 18.9449,
      "sigmagapbig": 0.3156,
      "rfid": 524120204,
      "has_stamp": true,
      "corrected": false,
      "dubious": false,
      "candid_alert": null,
      "step_id_corr": "1.2.0",
      "phase": 0.0,
      "parent_candid": null
    },
    {
      "tid": "ztf",
      "mjd": 60101.186504600104,
      "candid": "2347186500415015008",
      "fid": 1,
      "pid": 2347186500415,
      "diffmaglim": 20.153395,
      "isdiffpos": 1,
      "nid": 2347,
      "distnr": 3.1750953,
      "magpsf": 19.100235,
      "magpsf_corr": null,
      "magpsf_corr_ext": null,
      "magap": 19.1217,
      "magap_corr": null,
      "sigmapsf": 0.14369887,
      "sigmapsf_corr": null,
      "sigmapsf_corr_ext": null,
      "sigmagap": 0.0986,
      "sigmagap_corr": null,
      "ra": 181.0861708,
      "dec": 9.1938146,
      "rb": 0.47714287,
      "rbversion": "t17_f5_c3",
      "drb": 0.99556935,
      "magapbig": 19.1287,
      "sigmagapbig": 0.1264,
      "rfid": 524120104,
      "has_stamp": true,
      "corrected": false,
      "dubious": false,
      "candid_alert": null,
      "step_id_corr": "1.2.0",
      "phase": 0.0,
      "parent_candid": null
    },
    {
      "tid": "ztf",
      "mjd": 60103.18673609989,
      "candid": "2349186730415015016",
      "fid": 1,
      "pid": 2349186730415,
      "diffmaglim": 20.520695,
      "isdiffpos": 1,
      "nid": 2349,
      "distnr": 3.495148,
      "magpsf": 19.12093,
      "magpsf_corr": null,
      "magpsf_corr_ext": null,
      "magap": 19.1868,
      "magap_corr": null,
      "sigmapsf": 0.09469871,
      "sigmapsf_corr": null,
      "sigmapsf_corr_ext": null,
      "sigmagap": 0.1119,
      "sigmagap_corr": null,
      "ra": 181.0861242,
      "dec": 9.1939001,
      "rb": 0.92714286,
      "rbversion": "t17_f5_c3",
      "drb": 0.9999964,
      "magapbig": 19.1563,
      "sigmagapbig": 0.139,
      "rfid": 524120104,
      "has_stamp": true,
      "corrected": false,
      "dubious": false,
      "candid_alert": null,
      "step_id_corr": "1.2.0",
      "phase": 0.0,
      "parent_candid": null
    },
    {
      "tid": "ztf",
      "mjd": 60105.22465279978,
      "candid": "2351224650415015009",
      "fid": 1,
      "pid": 2351224650415,
      "diffmaglim": 20.609835,
      "isdiffpos": 1,
      "nid": 2351,
      "distnr": 3.465048,
      "magpsf": 19.106728,
      "magpsf_corr": null,
      "magpsf_corr_ext": null,
      "magap": 19.0421,
      "magap_corr": null,
      "sigmapsf": 0.09648181,
      "sigmapsf_corr": null,
      "sigmapsf_corr_ext": null,
      "sigmagap": 0.0876,
      "sigmagap_corr": null,
      "ra": 181.0861341,
      "dec": 9.1938985,
      "rb": 0.94714284,
      "rbversion": "t17_f5_c3",
      "drb": 0.99999964,
      "magapbig": 19.0855,
      "sigmagapbig": 0.116,
      "rfid": 524120104,
      "has_stamp": true,
      "corrected": false,
      "dubious": false,
      "candid_alert": null,
      "step_id_corr": "1.2.0",
      "phase": 0.0,
      "parent_candid": null
    },
    {
      "tid": "ztf",
      "mjd": 60109.22692129994,
      "candid": "2355226920415015017",
      "fid": 1,
      "pid": 2355226920415,
      "diffmaglim": 20.180225,
      "isdiffpos": 1,
      "nid": 2355,
      "distnr": 3.404887,
      "magpsf": 19.16671,
      "magpsf_corr": null,
      "magpsf_corr_ext": null,
      "magap": 18.9596,
      "magap_corr": null,
      "sigmapsf": 0.096506774,
      "sigmapsf_corr": null,
      "sigmapsf_corr_ext": null,
      "sigmagap": 0.1036,
      "sigmagap_corr": null,
      "ra": 181.0861209,
      "dec": 9.1938565,
      "rb": 0.76857144,
      "rbversion": "t17_f5_c3",
      "drb": 0.9999586,
      "magapbig": 18.8564,
      "sigmagapbig": 0.1204,
      "rfid": 524120104,
      "has_stamp": true,
      "corrected": false,
      "dubious": false,
      "candid_alert": null,
      "step_id_corr": "1.2.0",
      "phase": 0.0,
      "parent_candid": null
    },
    {
      "tid": "ztf",
      "mjd": 60111.24937500013,
      "candid": "2357249370415015018",
      "fid": 1,
      "pid": 2357249370415,
      "diffmaglim": 20.169409,
      "isdiffpos": 1,
      "nid": 2357,
      "distnr": 3.3809721,
      "magpsf": 19.300016,
      "magpsf_corr": null,
      "magpsf_corr_ext": null,
      "magap": 19.3202,
      "magap_corr": null,
      "sigmapsf": 0.11025039,
      "sigmapsf_corr": null,
      "sigmapsf_corr_ext": null,
      "sigmagap": 0.1491,
      "sigmagap_corr": null,
      "ra": 181.0861349,
      "dec": 9.1938635,
      "rb": 0.89285713,
      "rbversion": "t17_f5_c3",
      "drb": 0.999995,
      "magapbig": 19.3258,
      "sigmagapbig": 0.1919,
      "rfid": 524120104,
      "has_stamp": true,
      "corrected": false,
      "dubious": false,
      "candid_alert": null,
      "step_id_corr": "1.2.0",
      "phase": 0.0,
      "parent_candid": null
    },
    {
      "tid": "ztf",
      "mjd": 60113.268969899975,
      "candid": "2359268960415015012",
      "fid": 1,
      "pid": 2359268960415,
      "diffmaglim": 19.98895,
      "isdiffpos": 1,
      "nid": 2359,
      "distnr": 3.3610485,
      "magpsf": 19.232363,
      "magpsf_corr": null,
      "magpsf_corr_ext": null,
      "magap": 19.0369,
      "magap_corr": null,
      "sigmapsf": 0.12341634,
      "sigmapsf_corr": null,
      "sigmapsf_corr_ext": null,
      "sigmagap": 0.1414,
      "sigmagap_corr": null,
      "ra": 181.0861354,
      "dec": 9.1938547,
      "rb": 0.87285715,
      "rbversion": "t17_f5_c3",
      "drb": 0.9999865,
      "magapbig": 18.9945,
      "sigmagapbig": 0.1741,
      "rfid": 524120104,
      "has_stamp": true,
      "corrected": false,
      "dubious": false,
      "candid_alert": null,
      "step_id_corr": "1.2.0",
      "phase": 0.0,
      "parent_candid": null
    },
    {
      "tid": "ztf",
      "mjd": 60115.243182899896,
      "candid": "2361243180415015008",
      "fid": 1,
      "pid": 2361243180415,
      "diffmaglim": 19.977652,
      "isdiffpos": 1,
      "nid": 2361,
      "distnr": 3.6058645,
      "magpsf": 19.2959,
      "magpsf_corr": null,
      "magpsf_corr_ext": null,
      "magap": 19.2106,
      "magap_corr": null,
      "sigmapsf": 0.16733572,
      "sigmapsf_corr": null,
      "sigmapsf_corr_ext": null,
      "sigmagap": 0.157,
      "sigmagap_corr": null,
      "ra": 181.0860906,
      "dec": 9.1939093,
      "rb": 0.7542857,
      "rbversion": "t17_f5_c3",
      "drb": 0.999969,
      "magapbig": 19.2988,
      "sigmagapbig": 0.2181,
      "rfid": 524120104,
      "has_stamp": true,
      "corrected": false,
      "dubious": false,
      "candid_alert": null,
      "step_id_corr": "1.2.0",
      "phase": 0.0,
      "parent_candid": null
    },
    {
      "tid": "ztf",
      "mjd": 60117.268344900105,
      "candid": "2363268340415015014",
      "fid": 1,
      "pid": 2363268340415,
      "diffmaglim": 19.51169,
      "isdiffpos": 1,
      "nid": 2363,
      "distnr": 3.621213,
      "magpsf": 19.372305,
      "magpsf_corr": null,
      "magpsf_corr_ext": null,
      "magap": 19.2318,
      "magap_corr": null,
      "sigmapsf": 0.17921503,
      "sigmapsf_corr": null,
      "sigmapsf_corr_ext": null,
      "sigmagap": 0.2199,
      "sigmagap_corr": null,
      "ra": 181.0860867,
      "dec": 9.1939114,
      "rb": 0.57,
      "rbversion": "t17_f5_c3",