{
  "detections": [
    {
      "tid": "ztf",
      "mjd": 59697.1791782002,
      "candid": "1943179170615015006",
      "fid": 2,
      "pid": 1943179170615,
      "diffmaglim": 20.296862,
      "isdiffpos": 1,
      "nid": 1943,
      "distnr": 1.1578026,
      "magpsf": 19.142553,
      "magpsf_corr": 19.002579,
      "magpsf_corr_ext": null,
      "magap": 19.1703,
      "magap_corr": null,
      "sigmapsf": 0.08412677,
      "sigmapsf_corr": 0.072363526,
      "sigmapsf_corr_ext": 0.073951036,
      "sigmagap": 0.1453,
      "sigmagap_corr": null,
      "ra": 134.1977912,
      "dec": 29.9230044,
      "rb": 0.94285715,
      "rbversion": "t17_f5_c3",
      "drb": 0.99999255,
      "magapbig": 19.1561,
      "sigmagapbig": 0.1837,
      "rfid": 665120206,
      "has_stamp": true,
      "corrected": true,
      "dubious": false,
      "candid_alert": null,
      "step_id_corr": "correction_1.0.6",
      "phase": 0.0,
      "parent_candid": null
    },
    {
      "tid": "ztf",
      "mjd": 59697.21861110022,
      "candid": "1943218610615015007",
      "fid": 1,
      "pid": 1943218610615,
      "diffmaglim": 20.40947,
      "isdiffpos": 1,
      "nid": 1943,
      "distnr": 6.242442,
      "magpsf": 18.73032,
      "magpsf_corr": null,
      "magpsf_corr_ext": null,
      "magap": 18.8434,
      "magap_corr": null,
      "sigmapsf": 0.08657449,
      "sigmapsf_corr": null,
      "sigmapsf_corr_ext": null,
      "sigmagap": 0.0892,
      "sigmagap_corr": null,
      "ra": 134.197793,
      "dec": 29.9229834,
      "rb": 0.93714285,
      "rbversion": "t17_f5_c3",
      "drb": 1.0,
      "magapbig": 18.7681,
      "sigmagapbig": 0.1062,
      "rfid": 665120106,
      "has_stamp": true,
      "corrected": false,
      "dubious": false,
      "candid_alert": null,
      "step_id_corr": "correction_1.0.6",
      "phase": 0.0,
      "parent_candid": null
    },
    {
      "tid": "ztf",
      "mjd": 59699.1776389,
      "candid": "1945177630615015021",
      "fid": 2,
      "pid": 1945177630615,
      "diffmaglim": 20.328295,
      "isdiffpos": 1,
      "nid": 1945,
      "distnr": 1.1119462,
      "magpsf": 18.85296,
      "magpsf_corr": 18.744175,
      "magpsf_corr_ext": null,
      "magap": 18.8008,
      "magap_corr": null,
      "sigmapsf": 0.08147777,
      "sigmapsf_corr": 0.072724305,
      "sigmapsf_corr_ext": 0.07370976,
      "sigmagap": 0.1057,
      "sigmagap_corr": null,
      "ra": 134.1978059,
      "dec": 29.922992,
      "rb": 0.9357143,
      "rbversion": "t17_f5_c3",
      "drb": 0.9999081,
      "magapbig": 18.8194,
      "sigmagapbig": 0.1374,
      "rfid": 665120206,
      "has_stamp": true,
      "corrected": true,
      "dubious": false,
      "candid_alert": null,
      "step_id_corr": "correction_1.0.6",
      "phase": 0.0,
      "parent_candid": null
    },
    {
      "tid": "ztf",
      "mjd": 59699.20572920004,
      "candid": "1945205720615015003",
      "fid": 1,
      "pid": 1945205720615,
      "diffmaglim": 20.426378,
      "isdiffpos": 1,
      "nid": 1945,
      "distnr": 6.2563643,
      "magpsf": 18.622232,
      "magpsf_corr": null,
      "magpsf_corr_ext": null,
      "magap": 18.6506,
      "magap_corr": null,
      "sigmapsf": 0.072341174,
      "sigmapsf_corr": null,
      "sigmapsf_corr_ext": null,
      "sigmagap": 0.0773,
      "sigmagap_corr": null,
      "ra": 134.1978131,
      "dec": 29.9229525,
      "rb": 0.94142854,
      "rbversion": "t17_f5_c3",
      "drb": 1.0,
      "magapbig": 18.6472,
      "sigmagapbig": 0.098,
      "rfid": 665120106,
      "has_stamp": true,
      "corrected": false,
      "dubious": false,
      "candid_alert": null,
      "step_id_corr": "correction_1.0.6",
      "phase": 0.0,
      "parent_candid": null
    },
    {
      "tid": "ztf",
      "mjd": 59701.196330999956,
      "candid": "1947196330615015009",
      "fid": 2,
      "pid": 1947196330615,
      "diffmaglim": 20.415358,
      "isdiffpos": 1,
      "nid": 1947,
      "distnr": 0.99032396,
      "magpsf": 18.707296,
      "magpsf_corr": 18.611586,
      "magpsf_corr_ext": null,
      "magap": 18.5373,
      "magap_corr": null,
      "sigmapsf": 0.06917358,
      "sigmapsf_corr": 0.06243808,
      "sigmapsf_corr_ext": 0.06333678,
      "sigmagap": 0.0732,
      "sigmagap_corr": null,
      "ra": 134.1977837,
      "dec": 29.9229579,
      "rb": 0.9514286,
      "rbversion": "t17_f5_c3",
      "drb": 0.9999989,
      "magapbig": 18.6295,
      "sigmagapbig": 0.1014,
      "rfid": 665120206,
      "has_stamp": true,
      "corrected": true,
      "dubious": false,
      "candid_alert": null,
      "step_id_corr": "correction_1.0.6",
      "phase": 0.0,
      "parent_candid": null
    },
    {
      "tid": "ztf",
      "mjd": 59703.176365700085,
      "candid": "1949176360615015007",
      "fid": 1,
      "pid": 1949176360615,
      "diffmaglim": 20.04898,
      "isdiffpos": 1,
      "nid": 1949,
      "distnr": 6.184668,
      "magpsf": 18.590902,
      "magpsf_corr": null,
      "magpsf_corr_ext": null,
      "magap": 18.5338,
      "magap_corr": null,
      "sigmapsf": 0.09358844,
      "sigmapsf_corr": null,
      "sigmapsf_corr_ext": null,
      "sigmagap": 0.077,
      "sigmagap_corr": null,
      "ra": 134.1978346,
      "dec": 29.92296,
      "rb": 0.9042857,
      "rbversion": "t17_f5_c3",
      "drb": 0.99999857,
      "magapbig": 18.3904,
      "sigmagapbig": 0.0861,
      "rfid": 665120106,
      "has_stamp": true,
      "corrected": false,
      "dubious": false,
      "candid_alert": null,
      "step_id_corr": "correction_1.0.6",
      "phase": 0.0,
      "parent_candid": null
    },
    {
      "tid": "ztf",
      "mjd": 59709.24486109987,
      "candid": "1955244860615015007",
      "fid": 2,
      "pid": 1955244860615,
      "diffmaglim": 19.365133,
      "isdiffpos": 1,
      "nid": 1955,
      "distnr": 1.0661917,
      "magpsf": 18.697361,
      "magpsf_corr": 18.602486,
      "magpsf_corr_ext": null,
      "magap": 18.4721,
      "magap_corr": null,
      "sigmapsf": 0.11166473,
      "sigmapsf_corr": 0.10177659,
      "sigmapsf_corr_ext": 0.102321215,
      "sigmagap": 0.1579,
      "sigmagap_corr": null,
      "ra": 134.1977662,
      "dec": 29.9229777,
      "rb": 0.85142857,
      "rbversion": "t17_f5_c3",
      "drb": 0.9999976,
      "magapbig": 18.4549,
      "sigmagapbig": 0.1995,
      "rfid": 665120206,
      "has_stamp": true,
      "corrected": true,
      "dubious": false,
      "candid_alert": null,
      "step_id_corr": "correction_1.0.6",
      "phase": 0.0,
      "parent_candid": null
    },
    {
      "tid": "ztf",
      "mjd": 59710.18285880005,
      "candid": "1956182850615015003",
      "fid": 1,
      "pid": 1956182850615,
      "diffmaglim": 19.68876,
      "isdiffpos": 1,
      "nid": 1956,
      "distnr": 6.1501513,
      "magpsf": 18.755827,
      "magpsf_corr": null,
      "magpsf_corr_ext": null,
      "magap": 18.7586,
      "magap_corr": null,
      "sigmapsf": 0.117290094,
      "sigmapsf_corr": null,
      "sigmapsf_corr_ext": null,
      "sigmagap": 0.1538,
      "sigmagap_corr": null,
      "ra": 134.1978421,
      "dec": 29.9229676,
      "rb": 0.81285715,
      "rbversion": "t17_f5_c3",
      "drb": 0.99999434,
      "magapbig": 18.6016,
      "sigmagapbig": 0.1708,
      "rfid": 665120106,
      "has_stamp": true,
      "corrected": false,
      "dubious": false,
      "candid_alert": null,
      "step_id_corr": "correction_1.0.6",
      "phase": 0.0,
      "parent_candid": null
    },
    {
      "tid": "ztf",
      "mjd": 59710.217731500044,
      "candid": "1956217730615015004",
      "fid": 2,
      "pid": 1956217730615,
      "diffmaglim": 19.696135,
      "isdiffpos": 1,
      "nid": 1956,
      "distnr": 0.9601692,
      "magpsf": 18.659725,
      "magpsf_corr": 18.56795,
      "magpsf_corr_ext": null,
      "magap": 18.7106,
      "magap_corr": null,
      "sigmapsf": 0.09274477,
      "sigmapsf_corr": 0.08461321,