{
  "detections": [
    {
      "tid": "ztf",
      "mjd": 60159.467673600186,
      "candid": "2405467670215015002",
      "fid": 2,
      "pid": 2405467670215,
      "diffmaglim": 19.5191,
      "isdiffpos": 1,
      "nid": 2405,
      "distnr": 3.23985,
      "magpsf": 20.0143,
      "magpsf_corr": null,
      "magpsf_corr_ext": null,
      "magap": 19.9788,
      "magap_corr": null,
      "sigmapsf": 0.264145,
      "sigmapsf_corr": null,
      "sigmapsf_corr_ext": null,
      "sigmagap": 0.531,
      "sigmagap_corr": null,
      "ra": 65.2823083,
      "dec": 66.0742203,
      "rb": 0.782857,
      "rbversion": "t17_f5_c3",
      "drb": null,
      "magapbig": 20.0138,
      "sigmagapbig": 0.7053,
      "rfid": null,
      "has_stamp": false,
      "corrected": false,
      "dubious": false,
      "candid_alert": null,
      "step_id_corr": "1.2.0",
      "phase": 0.0,
      "parent_candid": 2408453400215015000
    },
    {
      "tid": "ztf",
      "mjd": 60162.45340280002,
      "candid": "2408453400215015001",
      "fid": 2,
      "pid": 2408453400215,
      "diffmaglim": 20.003408,
      "isdiffpos": 1,
      "nid": 2408,
      "distnr": 2.7414126,
      "magpsf": 20.106058,
      "magpsf_corr": null,
      "magpsf_corr_ext": null,
      "magap": 20.7595,
      "magap_corr": null,
      "sigmapsf": 0.19256806,
      "sigmapsf_corr": null,
      "sigmapsf_corr_ext": null,
      "sigmagap": 0.8052,
      "sigmagap_corr": null,
      "ra": 65.2828165,
      "dec": 66.0742507,
      "rb": 0.8542857,
      "rbversion": "t17_f5_c3",
      "drb": 0.99987566,
      "magapbig": 20.5646,
      "sigmagapbig": 0.8669,
      "rfid": 836120202,
      "has_stamp": true,
      "corrected": false,
      "dubious": false,
      "candid_alert": null,
      "step_id_corr": "1.2.0",
      "phase": 0.0,
      "parent_candid": null
    },
    {
      "tid": "ztf",
      "mjd": 60174.380960599985,
      "candid": "2420380960215015002",
      "fid": 2,
      "pid": 2420380960215,
      "diffmaglim": 20.1148,
      "isdiffpos": 1,
      "nid": 2420,
      "distnr": 2.77398,
      "magpsf": 20.0261,
      "magpsf_corr": null,
      "magpsf_corr_ext": null,
      "magap": 20.0626,
      "magap_corr": null,
      "sigmapsf": 0.227737,
      "sigmapsf_corr": null,
      "sigmapsf_corr_ext": null,
      "sigmagap": 0.3623,
      "sigmagap_corr": null,
      "ra": 65.2829142,
      "dec": 66.0742214,
      "rb": 0.744286,
      "rbversion": "t17_f5_c3",
      "drb": null,
      "magapbig": 19.7685,
      "sigmagapbig": 0.3562,
      "rfid": null,
      "has_stamp": false,
      "corrected": false,
      "dubious": false,
      "candid_alert": null,
      "step_id_corr": "1.2.0",
      "phase": 0.0,
      "parent_candid": 2427477220215015000
    },
    {
      "tid": "ztf",
      "mjd": 60181.47722220002,
      "candid": "2427477220215015001",
      "fid": 2,
      "pid": 2427477220215,
      "diffmaglim": 20.31403,
      "isdiffpos": 1,
      "nid": 2427,
      "distnr": 2.8720024,
      "magpsf": 20.072918,
      "magpsf_corr": null,
      "magpsf_corr_ext": null,
      "magap": 20.4831,
      "magap_corr": null,
      "sigmapsf": 0.21044065,
      "sigmapsf_corr": null,
      "sigmapsf_corr_ext": null,
      "sigmagap": 0.4414,
      "sigmagap_corr": null,
      "ra": 65.2827653,
      "dec": 66.0742211,
      "rb": 0.86714286,
      "rbversion": "t17_f5_c3",
      "drb": 0.9993243,
      "magapbig": 20.4509,
      "sigmagapbig": 0.5526,
      "rfid": 836120202,
      "has_stamp": true,
      "corrected": false,
      "dubious": false,
      "candid_alert": null,
      "step_id_corr": "1.2.0",
      "phase": 0.0,
      "parent_candid": null
    },
    {
      "tid": "ztf",
      "mjd": 60183.47430559993,
      "candid": "2429474300215015002",
      "fid": 2,
      "pid": 2429474300215,
      "diffmaglim": 20.453276,
      "isdiffpos": 1,
      "nid": 2429,
      "distnr": 2.8082242,
      "magpsf": 19.95729,
      "magpsf_corr": null,
      "magpsf_corr_ext": null,
      "magap": 19.7819,
      "magap_corr": null,
      "sigmapsf": 0.15209411,
      "sigmapsf_corr": null,
      "sigmapsf_corr_ext": null,
      "sigmagap": 0.2364,
      "sigmagap_corr": null,
      "ra": 65.2828061,
      "dec": 66.0742315,
      "rb": 0.8957143,
      "rbversion": "t17_f5_c3",
      "drb": 0.9999573,
      "magapbig": 19.7944,
      "sigmagapbig": 0.3084,
      "rfid": 836120202,
      "has_stamp": true,
      "corrected": false,
      "dubious": false,
      "candid_alert": null,
      "step_id_corr": "1.2.0",
      "phase": 0.0,
      "parent_candid": null
    },
    {
      "tid": "ztf",
      "mjd": 60192.43060189998,
      "candid": "2438430600215015003",
      "fid": 2,
      "pid": 2438430600215,
      "diffmaglim": 20.096046,
      "isdiffpos": 1,
      "nid": 2438,
      "distnr": 2.921906,
      "magpsf": 20.109144,
      "magpsf_corr": null,
      "magpsf_corr_ext": null,
      "magap": 20.7928,
      "magap_corr": null,
      "sigmapsf": 0.20285201,
      "sigmapsf_corr": null,
      "sigmapsf_corr_ext": null,
      "sigmagap": 0.7947,
      "sigmagap_corr": null,
      "ra": 65.2826773,
      "dec": 66.0742243,
      "rb": 0.79285717,
      "rbversion": "t17_f5_c3",
      "drb": 0.9999867,
      "magapbig": 20.3752,
      "sigmagapbig": 0.6979,
      "rfid": 836120202,
      "has_stamp": true,
      "corrected": false,
      "dubious": false,
      "candid_alert": null,
      "step_id_corr": "1.2.0",
      "phase": 0.0,
      "parent_candid": null
    },
    {
      "tid": "ztf",
      "mjd": 60195.49043980008,
      "candid": "2441490430215015005",
      "fid": 2,
      "pid": 2441490430215,
      "diffmaglim": 20.275366,
      "isdiffpos": 1,
      "nid": 2441,
      "distnr": 2.9641147,
      "magpsf": 19.981426,
      "magpsf_corr": null,
      "magpsf_corr_ext": null,
      "magap": 20.4223,
      "magap_corr": null,
      "sigmapsf": 0.1741028,
      "sigmapsf_corr": null,
      "sigmapsf_corr_ext": null,
      "sigmagap": 0.4974,
      "sigmagap_corr": null,
      "ra": 65.2825701,
      "dec": 66.0742367,
      "rb": 0.87142855,
      "rbversion": "t17_f5_c3",
      "drb": 0.9999927,
      "magapbig": 19.9993,
      "sigmagapbig": 0.4357,
      "rfid": 836120202,
      "has_stamp": true,
      "corrected": false,
      "dubious": false,
      "candid_alert": null,
      "step_id_corr": "1.2.1",
      "phase": 0.0,
      "parent_candid": null
    },
    {
      "tid": "ztf",
      "mjd": 60199.432731499895,
      "candid": "2445432730215015003",
      "fid": 2,
      "pid": 2445432730215,
      "diffmaglim": 20.490955,
      "isdiffpos": 1,
      "nid": 2445,
      "distnr": 3.1959512,
      "magpsf": 20.209354,
      "magpsf_corr": null,
      "magpsf_corr_ext": null,
      "magap": 19.9037,
      "magap_corr": null,
      "sigmapsf": 0.16728596,
      "sigmapsf_corr": null,
      "sigmapsf_corr_ext": null,
      "sigmagap": 0.2599,
      "sigmagap_corr": null,
      "ra": 65.2825892,
      "dec": 66.0741545,
      "rb": 0.8,
      "rbversion": "t17_f5_c3",
      "drb": 0.99963534,
      "magapbig": 19.9547,
      "sigmagapbig": 0.352,
      "rfid": 836120202,
      "has_stamp": true,
      "corrected": false,
      "dubious": false,
      "candid_alert": null,
      "step_id_corr": "1.2.1",
      "phase": 0.0,
      "parent_candid": null
    }
  ],
  "non_detections": [
    {
      "tid": "ztf",
      "mjd": 60159.45391200017,
      "fid": 1,
      "diffmaglim": 19.2841
    },
    {
      "tid": "ztf",
      "mjd": 60165.38568289997,
      "fid": 1,
      "diffmaglim": 18.732
    },
    {
      "tid": "ztf",
      "mjd": 60169.42824070016,
      "fid": 2,
      "diffmaglim": 19.743
    },
    {
      "tid": "ztf",
      "mjd": 60169.467673600186,
      "fid": 1,
      "diffmaglim": 20.4032
    },
    {
      "tid": "ztf",
      "mjd": 60171.38679399993,
      "fid": 1,
      "diffmaglim": 20.3263
    },
    {
      "tid": "ztf",
      "mjd": 60171.4267477002,