{
  "detections": [
    {
      "tid": "ztf",
      "mjd": 59815.48201389983,
      "candid": "2061482010915015000",
      "fid": 2,
      "pid": 2061482010915,
      "diffmaglim": 20.21203,
      "isdiffpos": 1,
      "nid": 2061,
      "distnr": 4.14707,
      "magpsf": 18.076256,
      "magpsf_corr": null,
      "magpsf_corr_ext": null,
      "magap": 18.1059,
      "magap_corr": null,
      "sigmapsf": 0.06772414,
      "sigmapsf_corr": null,
      "sigmapsf_corr_ext": null,
      "sigmagap": 0.0594,
      "sigmagap_corr": null,
      "ra": 29.626358,
      "dec": -26.2845949,
      "rb": 0.9142857,
      "rbversion": "t17_f5_c3",
      "drb": 0.98551685,
      "magapbig": 18.1109,
      "sigmagapbig": 0.0756,
      "rfid": 249120209,
      "has_stamp": true,
      "corrected": false,
      "dubious": false,
      "candid_alert": null,
      "step_id_corr": "dev",
      "phase": 0.0,
      "parent_candid": null
    },
    {
      "tid": "ztf",
      "mjd": 59819.480509299785,
      "candid": "2065480500915015000",
      "fid": 2,
      "pid": 2065480500915,
      "diffmaglim": 20.180626,
      "isdiffpos": 1,
      "nid": 2065,
      "distnr": 4.200958,
      "magpsf": 18.200699,
      "magpsf_corr": null,
      "magpsf_corr_ext": null,
      "magap": 18.1117,
      "magap_corr": null,
      "sigmapsf": 0.07801283,
      "sigmapsf_corr": null,
      "sigmapsf_corr_ext": null,
      "sigmagap": 0.0533,
      "sigmagap_corr": null,
      "ra": 29.6263765,
      "dec": -26.2845848,
      "rb": 0.8842857,
      "rbversion": "t17_f5_c3",
      "drb": 0.9965813,
      "magapbig": 18.1328,
      "sigmagapbig": 0.0687,
      "rfid": 249120209,
      "has_stamp": true,
      "corrected": false,
      "dubious": false,
      "candid_alert": null,
      "step_id_corr": "dev",
      "phase": 0.0,
      "parent_candid": null
    },
    {
      "tid": "ztf",
      "mjd": 59822.478483799845,
      "candid": "2068478480915015000",
      "fid": 2,
      "pid": 2068478480915,
      "diffmaglim": 20.042809,
      "isdiffpos": 1,
      "nid": 2068,
      "distnr": 4.1885166,
      "magpsf": 18.294212,
      "magpsf_corr": null,
      "magpsf_corr_ext": null,
      "magap": 18.3935,
      "magap_corr": null,
      "sigmapsf": 0.074585356,
      "sigmapsf_corr": null,
      "sigmapsf_corr_ext": null,
      "sigmagap": 0.0826,
      "sigmagap_corr": null,
      "ra": 29.6263675,
      "dec": -26.2845837,
      "rb": 0.9057143,
      "rbversion": "t17_f5_c3",
      "drb": 0.97548616,
      "magapbig": 18.3381,
      "sigmagapbig": 0.1002,
      "rfid": 249120209,
      "has_stamp": true,
      "corrected": false,
      "dubious": false,
      "candid_alert": null,
      "step_id_corr": "dev",
      "phase": 0.0,
      "parent_candid": null
    },
    {
      "tid": "ztf",
      "mjd": 59827.46068290016,
      "candid": "2073460680915015000",
      "fid": 2,
      "pid": 2073460680915,
      "diffmaglim": 19.876396,
      "isdiffpos": 1,
      "nid": 2073,
      "distnr": 4.1607456,
      "magpsf": 18.293999,
      "magpsf_corr": null,
      "magpsf_corr_ext": null,
      "magap": 18.3152,
      "magap_corr": null,
      "sigmapsf": 0.07710661,
      "sigmapsf_corr": null,
      "sigmapsf_corr_ext": null,
      "sigmagap": 0.0831,
      "sigmagap_corr": null,
      "ra": 29.626368,
      "dec": -26.28461,
      "rb": 0.9057143,
      "rbversion": "t17_f5_c3",
      "drb": 0.99532175,
      "magapbig": 18.2819,
      "sigmagapbig": 0.1028,
      "rfid": 249120209,
      "has_stamp": true,
      "corrected": false,
      "dubious": false,
      "candid_alert": null,
      "step_id_corr": "dev",
      "phase": 0.0,
      "parent_candid": null
    },
    {
      "tid": "ztf",
      "mjd": 59846.41517359996,
      "candid": "2092415170915015000",
      "fid": 2,
      "pid": 2092415170915,
      "diffmaglim": 20.1469,
      "isdiffpos": 1,
      "nid": 2092,
      "distnr": 4.13491,
      "magpsf": 19.0293,
      "magpsf_corr": null,
      "magpsf_corr_ext": null,
      "magap": 18.609,
      "magap_corr": null,
      "sigmapsf": 0.133346,
      "sigmapsf_corr": null,
      "sigmapsf_corr_ext": null,
      "sigmagap": 0.0999,
      "sigmagap_corr": null,
      "ra": 29.6263636,
      "dec": -26.2846213,
      "rb": 0.517143,
      "rbversion": "t17_f5_c3",
      "drb": null,
      "magapbig": 18.6081,
      "sigmagapbig": 0.1276,
      "rfid": null,
      "has_stamp": false,
      "corrected": false,
      "dubious": false,
      "candid_alert": null,
      "step_id_corr": "dev",
      "phase": 0.0,
      "parent_candid": 2096356150915015000
    },
    {
      "tid": "ztf",
      "mjd": 59850.35615740018,
      "candid": "2096356150915015000",
      "fid": 2,
      "pid": 2096356150915,
      "diffmaglim": 20.188633,
      "isdiffpos": 1,
      "nid": 2096,
      "distnr": 4.1790843,
      "magpsf": 19.401777,
      "magpsf_corr": null,
      "magpsf_corr_ext": null,
      "magap": 19.3385,
      "magap_corr": null,
      "sigmapsf": 0.13526572,
      "sigmapsf_corr": null,
      "sigmapsf_corr_ext": null,
      "sigmagap": 0.1849,
      "sigmagap_corr": null,
      "ra": 29.626373,
      "dec": -26.2846073,
      "rb": 0.81857145,
      "rbversion": "t17_f5_c3",
      "drb": 0.9814553,
      "magapbig": 18.7829,
      "sigmagapbig": 0.1425,
      "rfid": 249120209,
      "has_stamp": true,
      "corrected": false,
      "dubious": false,
      "candid_alert": null,
      "step_id_corr": "dev",
      "phase": 0.0,
      "parent_candid": null
    },
    {
      "tid": "ztf",
      "mjd": 59854.33600689983,
      "candid": "2100336000915015001",
      "fid": 2,
      "pid": 2100336000915,
      "diffmaglim": 20.226883,
      "isdiffpos": 1,
      "nid": 2100,
      "distnr": 4.2569027,
      "magpsf": 19.526714,
      "magpsf_corr": null,
      "magpsf_corr_ext": null,
      "magap": 19.1837,
      "magap_corr": null,
      "sigmapsf": 0.14107415,
      "sigmapsf_corr": null,
      "sigmapsf_corr_ext": null,
      "sigmagap": 0.1452,
      "sigmagap_corr": null,
      "ra": 29.6264022,
      "dec": -26.2846186,
      "rb": 0.5371429,
      "rbversion": "t17_f5_c3",
      "drb": 0.80938137,
      "magapbig": 18.8782,
      "sigmagapbig": 0.1405,
      "rfid": 249120209,
      "has_stamp": true,
      "corrected": false,
      "dubious": false,
      "candid_alert": null,
      "step_id_corr": "dev",
      "phase": 0.0,
      "parent_candid": null
    },
    {
      "tid": "ztf",
      "mjd": 59858.334571800195,
      "candid": "2104334570915015001",
      "fid": 2,
      "pid": 2104334570915,
      "diffmaglim": 19.556255,
      "isdiffpos": 1,
      "nid": 2104,
      "distnr": 4.3321595,
      "magpsf": 19.552588,
      "magpsf_corr": null,
      "magpsf_corr_ext": null,
      "magap": 19.2248,
      "magap_corr": null,
      "sigmapsf": 0.21078101,
      "sigmapsf_corr": null,
      "sigmapsf_corr_ext": null,
      "sigmagap": 0.297,
      "sigmagap_corr": null,
      "ra": 29.6264241,
      "dec": -26.2846098,
      "rb": 0.37285715,
      "rbversion": "t17_f5_c3",
      "drb": 0.9784273,
      "magapbig": 18.816,
      "sigmagapbig": 0.2618,
      "rfid": 249120209,
      "has_stamp": true,
      "corrected": false,
      "dubious": false,
      "candid_alert": null,
      "step_id_corr": "dev",
      "phase": 0.0,
      "parent_candid": null
    },
    {
      "tid": "ztf",
      "mjd": 59866.355463000014,
      "candid": "2112355460915015000",
      "fid": 2,
      "pid": 2112355460915,
      "diffmaglim": 19.728079,
      "isdiffpos": 1,
      "nid": 2112,
      "distnr": 3.9855864,
      "magpsf": 19.404634,
      "magpsf_corr": null,
      "magpsf_corr_ext": null,
      "magap": 19.4146,
      "magap_corr": null,
      "sigmapsf": 0.21001674,
      "sigmapsf_corr": null,
      "sigmapsf_corr_ext": null,
      "sigmagap": 0.3013,
      "sigmagap_corr": null,
      "ra": 29.6263101,
      "dec": -26.2846096,
      "rb": 0.48285714,
      "rbversion": "t17_f5_c3",