{
  "detections": [
    {
      "tid": "ztf",
      "mjd": 59923.54771990003,
      "candid": "2169547716315015009",
      "fid": 2,
      "pid": 2169547716315,
      "diffmaglim": 19.4974,
      "isdiffpos": 1,
      "nid": 2169,
      "distnr": 1.63211,
      "magpsf": 19.4917,
      "magpsf_corr": null,
      "magpsf_corr_ext": null,
      "magap": 18.9162,
      "magap_corr": null,
      "sigmapsf": 0.19103,
      "sigmapsf_corr": null,
      "sigmapsf_corr_ext": null,
      "sigmagap": 0.2254,
      "sigmagap_corr": null,
      "ra": 228.0088684,
      "dec": 21.2961705,
      "rb": 0.61,
      "rbversion": "t17_f5_c3",
      "drb": null,
      "magapbig": 18.5449,
      "sigmagapbig": 0.2044,
      "rfid": null,
      "has_stamp": false,
      "corrected": false,
      "dubious": false,
      "candid_alert": null,
      "step_id_corr": "1.1.6",
      "phase": 0.0,
      "parent_candid": 2182507386315015000
    },
    {
      "tid": "ztf",
      "mjd": 59936.50738430023,
      "candid": "2182507386315015011",
      "fid": 1,
      "pid": 2182507386315,
      "diffmaglim": 20.15665,
      "isdiffpos": 1,
      "nid": 2182,
      "distnr": 1.6009073,
      "magpsf": 20.013273,
      "magpsf_corr": null,
      "magpsf_corr_ext": null,
      "magap": 19.9016,
      "magap_corr": null,
      "sigmapsf": 0.21263127,
      "sigmapsf_corr": null,
      "sigmapsf_corr_ext": null,
      "sigmagap": 0.2931,
      "sigmagap_corr": null,
      "ra": 228.0088555,
      "dec": 21.2961649,
      "rb": 0.8542857,
      "rbversion": "t17_f5_c3",
      "drb": 0.99963284,
      "magapbig": 20.1482,
      "sigmagapbig": 0.4664,
      "rfid": 582120163,
      "has_stamp": true,
      "corrected": false,
      "dubious": false,
      "candid_alert": null,
      "step_id_corr": "1.1.6",
      "phase": 0.0,
      "parent_candid": null
    },
    {
      "tid": "ztf",
      "mjd": 59936.540057899896,
      "candid": "2182540056315015006",
      "fid": 2,
      "pid": 2182540056315,
      "diffmaglim": 20.196064,
      "isdiffpos": 1,
      "nid": 2182,
      "distnr": 1.7396053,
      "magpsf": 18.921862,
      "magpsf_corr": null,
      "magpsf_corr_ext": null,
      "magap": 19.1411,
      "magap_corr": null,
      "sigmapsf": 0.10075872,
      "sigmapsf_corr": null,
      "sigmapsf_corr_ext": null,
      "sigmagap": 0.1643,
      "sigmagap_corr": null,
      "ra": 228.0088965,
      "dec": 21.2962377,
      "rb": 0.9614286,
      "rbversion": "t17_f5_c3",
      "drb": 0.99999344,
      "magapbig": 19.1017,
      "sigmagapbig": 0.1989,
      "rfid": 582120263,
      "has_stamp": true,
      "corrected": false,
      "dubious": false,
      "candid_alert": null,
      "step_id_corr": "1.1.6",
      "phase": 0.0,
      "parent_candid": null
    },
    {
      "tid": "ztf",
      "mjd": 59951.548194400035,
      "candid": "2197548196315015005",
      "fid": 2,
      "pid": 2197548196315,
      "diffmaglim": 19.449661,
      "isdiffpos": 1,
      "nid": 2197,
      "distnr": 1.6563293,
      "magpsf": 18.383484,
      "magpsf_corr": null,
      "magpsf_corr_ext": null,
      "magap": 18.4735,
      "magap_corr": null,
      "sigmapsf": 0.104902506,
      "sigmapsf_corr": null,
      "sigmapsf_corr_ext": null,
      "sigmagap": 0.1415,
      "sigmagap_corr": null,
      "ra": 228.0088751,
      "dec": 21.2961606,
      "rb": 0.70285714,
      "rbversion": "t17_f5_c3",
      "drb": 0.9999931,
      "magapbig": 18.5887,
      "sigmagapbig": 0.2,
      "rfid": 582120263,
      "has_stamp": true,
      "corrected": false,
      "dubious": false,
      "candid_alert": null,
      "step_id_corr": "1.1.6",
      "phase": 0.0,
      "parent_candid": null
    },
    {
      "tid": "ztf",
      "mjd": 59957.54010420013,
      "candid": "2203540106315015007",
      "fid": 1,
      "pid": 2203540106315,
      "diffmaglim": 19.3753,
      "isdiffpos": 1,
      "nid": 2203,
      "distnr": 2.0509,
      "magpsf": 19.3998,
      "magpsf_corr": null,
      "magpsf_corr_ext": null,
      "magap": 19.3502,
      "magap_corr": null,
      "sigmapsf": 0.251205,
      "sigmapsf_corr": null,
      "sigmapsf_corr_ext": null,
      "sigmagap": 0.4444,
      "sigmagap_corr": null,
      "ra": 228.0089335,
      "dec": 21.2962924,
      "rb": 0.827143,
      "rbversion": "t17_f5_c3",
      "drb": null,
      "magapbig": 19.0166,
      "sigmagapbig": 0.4188,
      "rfid": null,
      "has_stamp": false,
      "corrected": false,
      "dubious": false,
      "candid_alert": null,
      "step_id_corr": "1.1.6",
      "phase": 0.0,
      "parent_candid": 2213433556315015000
    },
    {
      "tid": "ztf",
      "mjd": 59967.433553200215,
      "candid": "2213433556315015006",
      "fid": 2,
      "pid": 2213433556315,
      "diffmaglim": 19.246382,
      "isdiffpos": 1,
      "nid": 2213,
      "distnr": 2.4911735,
      "magpsf": 18.312365,
      "magpsf_corr": null,
      "magpsf_corr_ext": null,
      "magap": 18.648,
      "magap_corr": null,
      "sigmapsf": 0.12314514,
      "sigmapsf_corr": null,
      "sigmapsf_corr_ext": null,
      "sigmagap": 0.1175,
      "sigmagap_corr": null,
      "ra": 228.00912,
      "dec": 21.2962765,
      "rb": 0.5928571,
      "rbversion": "t17_f5_c3",
      "drb": 0.8372058,
      "magapbig": 18.359,
      "sigmagapbig": 0.1126,
      "rfid": 582120263,
      "has_stamp": true,
      "corrected": false,
      "dubious": false,
      "candid_alert": null,
      "step_id_corr": "1.1.6",
      "phase": 0.0,
      "parent_candid": null
    },
    {
      "tid": "ztf",
      "mjd": 59969.519861099776,
      "candid": "2215519866315015011",
      "fid": 1,
      "pid": 2215519866315,
      "diffmaglim": 20.568573,
      "isdiffpos": 1,
      "nid": 2215,
      "distnr": 1.9124955,
      "magpsf": 19.980215,
      "magpsf_corr": null,
      "magpsf_corr_ext": null,
      "magap": 19.9116,
      "magap_corr": null,
      "sigmapsf": 0.21322222,
      "sigmapsf_corr": null,
      "sigmapsf_corr_ext": null,
      "sigmagap": 0.2278,
      "sigmagap_corr": null,
      "ra": 228.0089,
      "dec": 21.2962778,
      "rb": 0.9442857,
      "rbversion": "t17_f5_c3",
      "drb": 0.99999845,
      "magapbig": 19.6425,
      "sigmagapbig": 0.2245,
      "rfid": 582120163,
      "has_stamp": true,
      "corrected": false,
      "dubious": false,
      "candid_alert": null,
      "step_id_corr": "1.1.6",
      "phase": 0.0,
      "parent_candid": null
    },
    {
      "tid": "ztf",
      "mjd": 59969.54251160007,
      "candid": "2215542516315015008",
      "fid": 2,
      "pid": 2215542516315,
      "diffmaglim": 20.490757,
      "isdiffpos": 1,
      "nid": 2215,
      "distnr": 1.706662,
      "magpsf": 18.452911,
      "magpsf_corr": null,
      "magpsf_corr_ext": null,
      "magap": 18.4978,
      "magap_corr": null,
      "sigmapsf": 0.096005686,
      "sigmapsf_corr": null,
      "sigmapsf_corr_ext": null,
      "sigmagap": 0.081,
      "sigmagap_corr": null,
      "ra": 228.0088806,
      "dec": 21.2962256,
      "rb": 0.94,
      "rbversion": "t17_f5_c3",
      "drb": 0.99999994,
      "magapbig": 18.4684,
      "sigmagapbig": 0.0979,
      "rfid": 582120263,
      "has_stamp": true,
      "corrected": false,
      "dubious": false,
      "candid_alert": null,
      "step_id_corr": "1.1.6",
      "phase": 0.0,
      "parent_candid": null
    },
    {
      "tid": "ztf",
      "mjd": 59972.51106479997,
      "candid": "2218511066315015005",
      "fid": 2,
      "pid": 2218511066315,
      "diffmaglim": 19.665005,
      "isdiffpos": 1,
      "nid": 2218,
      "distnr": 1.69372,
      "magpsf": 18.397715,
      "magpsf_corr": null,
      "magpsf_corr_ext": null,
      "magap": 18.2654,
      "magap_corr": null,
      "sigmapsf": 0.09913023,
      "sigmapsf_corr": null,
      "sigmapsf_corr_ext": null,
      "sigmagap": 0.0932,
      "sigmagap_corr": null,
      "ra": 228.0088841,
      "dec": 21.2961283,
      "rb": 0.51428574,
      "rbversion": "t17_f5_c3",