{
  "detections": [
    {
      "tid": "ztf",
      "mjd": 60036.25842589978,
      "candid": "2282258421415015003",
      "fid": 2,
      "pid": 2282258421415,
      "diffmaglim": 19.539347,
      "isdiffpos": 1,
      "nid": 2282,
      "distnr": 3.9284244,
      "magpsf": 19.234201,
      "magpsf_corr": null,
      "magpsf_corr_ext": null,
      "magap": 18.9874,
      "magap_corr": null,
      "sigmapsf": 0.12812123,
      "sigmapsf_corr": null,
      "sigmapsf_corr_ext": null,
      "sigmagap": 0.2768,
      "sigmagap_corr": null,
      "ra": 136.8143274,
      "dec": 37.2151939,
      "rb": 0.79,
      "rbversion": "t17_f5_c3",
      "drb": 0.9999062,
      "magapbig": 18.6789,
      "sigmagapbig": 0.2679,
      "rfid": 710120214,
      "has_stamp": true,
      "corrected": false,
      "dubious": false,
      "candid_alert": null,
      "step_id_corr": "1.1.6",
      "phase": 0.0,
      "parent_candid": null
    },
    {
      "tid": "ztf",
      "mjd": 60049.21432870021,
      "candid": "2295214321415015012",
      "fid": 2,
      "pid": 2295214321415,
      "diffmaglim": 20.439259,
      "isdiffpos": 1,
      "nid": 2295,
      "distnr": 3.6962764,
      "magpsf": 19.501,
      "magpsf_corr": null,
      "magpsf_corr_ext": null,
      "magap": 19.5529,
      "magap_corr": null,
      "sigmapsf": 0.12026018,
      "sigmapsf_corr": null,
      "sigmapsf_corr_ext": null,
      "sigmagap": 0.2741,
      "sigmagap_corr": null,
      "ra": 136.8144096,
      "dec": 37.2151842,
      "rb": 0.8442857,
      "rbversion": "t17_f5_c3",
      "drb": 0.9999988,
      "magapbig": 19.2329,
      "sigmagapbig": 0.2601,
      "rfid": 710120214,
      "has_stamp": true,
      "corrected": false,
      "dubious": false,
      "candid_alert": null,
      "step_id_corr": "1.1.6",
      "phase": 0.0,
      "parent_candid": null
    },
    {
      "tid": "ztf",
      "mjd": 60051.24675930012,
      "candid": "2297246751415015009",
      "fid": 2,
      "pid": 2297246751415,
      "diffmaglim": 20.55995,
      "isdiffpos": 1,
      "nid": 2297,
      "distnr": 3.8791265,
      "magpsf": 19.43307,
      "magpsf_corr": null,
      "magpsf_corr_ext": null,
      "magap": 19.446,
      "magap_corr": null,
      "sigmapsf": 0.113124646,
      "sigmapsf_corr": null,
      "sigmapsf_corr_ext": null,
      "sigmagap": 0.2344,
      "sigmagap_corr": null,
      "ra": 136.81437,
      "dec": 37.2152375,
      "rb": 0.81,
      "rbversion": "t17_f5_c3",
      "drb": 0.9999828,
      "magapbig": 19.5035,
      "sigmagapbig": 0.3142,
      "rfid": 710120214,
      "has_stamp": true,
      "corrected": false,
      "dubious": false,
      "candid_alert": null,
      "step_id_corr": "1.1.6",
      "phase": 0.0,
      "parent_candid": null
    }
  ],
  "non_detections": [
    {
      "tid": "ztf",
      "mjd": 60013.303969900124,
      "fid": 1,
      "diffmaglim": 18.7763
    },
    {
      "tid": "ztf",
      "mjd": 60017.22111110017,
      "fid": 1,
      "diffmaglim": 20.7003
    },
    {
      "tid": "ztf",
      "mjd": 60021.22513889987,
      "fid": 2,
      "diffmaglim": 18.7839
    },
    {
      "tid": "ztf",
      "mjd": 60021.2825230998,
      "fid": 1,
      "diffmaglim": 20.4485
    },
    {
      "tid": "ztf",
      "mjd": 60031.20368060004,
      "fid": 1,
      "diffmaglim": 20.308
    },
    {
      "tid": "ztf",
      "mjd": 60031.266354199965,
      "fid": 2,
      "diffmaglim": 19.8406
    },
    {
      "tid": "ztf",
      "mjd": 60036.3041087999,
      "fid": 1,
      "diffmaglim": 19.1904
    },
    {
      "tid": "ztf",
      "mjd": 60043.19703700021,
      "fid": 2,
      "diffmaglim": 19.8609
    },
    {
      "tid": "ztf",
      "mjd": 60043.28887729999,
      "fid": 1,
      "diffmaglim": 19.1635
    },
    {
      "tid": "ztf",
      "mjd": 60045.185972199775,
      "fid": 1,
      "diffmaglim": 20.6875
    },
    {
      "tid": "ztf",
      "mjd": 60045.24822920002,
      "fid": 2,
      "diffmaglim": 20.5478
    },
    {
      "tid": "ztf",
      "mjd": 60051.213379600085,
      "fid": 1,
      "diffmaglim": 20.7732
    }
  ],
  "forced_detections": []
}