{
  "detections": [
    {
      "tid": "ztf",
      "mjd": 60161.34520829981,
      "candid": "2407345205715015010",
      "fid": 2,
      "pid": 2407345205715,
      "diffmaglim": 19.7129,
      "isdiffpos": 1,
      "nid": 2407,
      "distnr": 4.62162,
      "magpsf": 18.7287,
      "magpsf_corr": null,
      "magpsf_corr_ext": null,
      "magap": 18.188,
      "magap_corr": null,
      "sigmapsf": 0.136476,
      "sigmapsf_corr": null,
      "sigmapsf_corr_ext": null,
      "sigmagap": 0.1114,
      "sigmagap_corr": null,
      "ra": 241.1311205,
      "dec": 36.3168061,
      "rb": 0.398571,
      "rbversion": "t17_f5_c3",
      "drb": null,
      "magapbig": 18.0702,
      "sigmagapbig": 0.1275,
      "rfid": null,
      "has_stamp": false,
      "corrected": false,
      "dubious": false,
      "candid_alert": null,
      "step_id_corr": "1.2.0",
      "phase": 0.0,
      "parent_candid": 2411246995715015000
    },
    {
      "tid": "ztf",
      "mjd": 60165.24699069979,
      "candid": "2411246995715015012",
      "fid": 1,
      "pid": 2411246995715,
      "diffmaglim": 20.52456,
      "isdiffpos": 1,
      "nid": 2411,
      "distnr": 4.5985985,
      "magpsf": 18.67446,
      "magpsf_corr": null,
      "magpsf_corr_ext": null,
      "magap": 18.6822,
      "magap_corr": null,
      "sigmapsf": 0.105250984,
      "sigmapsf_corr": null,
      "sigmapsf_corr_ext": null,
      "sigmagap": 0.0842,
      "sigmagap_corr": null,
      "ra": 241.131121,
      "dec": 36.3168221,
      "rb": 0.93285716,
      "rbversion": "t17_f5_c3",
      "drb": 0.8301761,
      "magapbig": 18.7716,
      "sigmagapbig": 0.1145,
      "rfid": 679120157,
      "has_stamp": true,
      "corrected": false,
      "dubious": false,
      "candid_alert": null,
      "step_id_corr": "1.2.0",
      "phase": 0.0,
      "parent_candid": null
    },
    {
      "tid": "ztf",
      "mjd": 60169.2853472,
      "candid": "2415285345715015014",
      "fid": 2,
      "pid": 2415285345715,
      "diffmaglim": 19.953672,
      "isdiffpos": 1,
      "nid": 2415,
      "distnr": 4.7093024,
      "magpsf": 18.35238,
      "magpsf_corr": null,
      "magpsf_corr_ext": null,
      "magap": 18.3633,
      "magap_corr": null,
      "sigmapsf": 0.09203487,
      "sigmapsf_corr": null,
      "sigmapsf_corr_ext": null,
      "sigmagap": 0.0928,
      "sigmagap_corr": null,
      "ra": 241.1311378,
      "dec": 36.3168264,
      "rb": 0.6542857,
      "rbversion": "t17_f5_c3",
      "drb": 0.9963569,
      "magapbig": 18.2532,
      "sigmagapbig": 0.1069,
      "rfid": 679120257,
      "has_stamp": true,
      "corrected": false,
      "dubious": false,
      "candid_alert": null,
      "step_id_corr": "1.2.0",
      "phase": 0.0,
      "parent_candid": null
    },
    {
      "tid": "ztf",
      "mjd": 60171.28805560013,
      "candid": "2417288055715015011",
      "fid": 1,
      "pid": 2417288055715,
      "diffmaglim": 20.234697,
      "isdiffpos": 1,
      "nid": 2417,
      "distnr": 4.71867,
      "magpsf": 18.47576,
      "magpsf_corr": null,
      "magpsf_corr_ext": null,
      "magap": 18.6085,
      "magap_corr": null,
      "sigmapsf": 0.10238026,
      "sigmapsf_corr": null,
      "sigmapsf_corr_ext": null,
      "sigmagap": 0.0968,
      "sigmagap_corr": null,
      "ra": 241.1311283,
      "dec": 36.3168542,
      "rb": 0.92,
      "rbversion": "t17_f5_c3",
      "drb": 0.9999981,
      "magapbig": 18.7265,
      "sigmagapbig": 0.1364,
      "rfid": 679120157,
      "has_stamp": true,
      "corrected": false,
      "dubious": false,
      "candid_alert": null,
      "step_id_corr": "1.2.0",
      "phase": 0.0,
      "parent_candid": null
    },
    {
      "tid": "ztf",
      "mjd": 60193.25677079987,
      "candid": "2439256775715015010",
      "fid": 2,
      "pid": 2439256775715,
      "diffmaglim": 19.905373,
      "isdiffpos": 1,
      "nid": 2439,
      "distnr": 4.7290215,
      "magpsf": 18.571573,
      "magpsf_corr": null,
      "magpsf_corr_ext": null,
      "magap": 18.5733,
      "magap_corr": null,
      "sigmapsf": 0.08228449,
      "sigmapsf_corr": null,
      "sigmapsf_corr_ext": null,
      "sigmagap": 0.1251,
      "sigmagap_corr": null,
      "ra": 241.131141,
      "dec": 36.3168323,
      "rb": 0.68285716,
      "rbversion": "t17_f5_c3",
      "drb": 0.9998087,
      "magapbig": 18.6179,
      "sigmagapbig": 0.1662,
      "rfid": 679120257,
      "has_stamp": true,
      "corrected": false,
      "dubious": false,
      "candid_alert": null,
      "step_id_corr": "1.2.0",
      "phase": 0.0,
      "parent_candid": null
    },
    {
      "tid": "ztf",
      "mjd": 60222.142546299845,
      "candid": "2468142545715015024",
      "fid": 2,
      "pid": 2468142545715,
      "diffmaglim": 19.6363,
      "isdiffpos": 1,
      "nid": 2468,
      "distnr": 4.73146,
      "magpsf": 19.417,
      "magpsf_corr": null,
      "magpsf_corr_ext": null,
      "magap": 19.1411,
      "magap_corr": null,
      "sigmapsf": 0.242686,
      "sigmapsf_corr": null,
      "sigmapsf_corr_ext": null,
      "sigmagap": 0.2033,
      "sigmagap_corr": null,
      "ra": 241.131256,
      "dec": 36.3167871,
      "rb": 0.582857,
      "rbversion": "t17_f5_c3",
      "drb": null,
      "magapbig": 19.3878,
      "sigmagapbig": 0.3282,
      "rfid": null,
      "has_stamp": false,
      "corrected": false,
      "dubious": false,
      "candid_alert": null,
      "step_id_corr": "1.2.1",
      "phase": 0.0,
      "parent_candid": 2470178315715015000
    },
    {
      "tid": "ztf",
      "mjd": 60224.178310200106,
      "candid": "2470178315715015006",
      "fid": 2,
      "pid": 2470178315715,
      "diffmaglim": 19.554485,
      "isdiffpos": 1,
      "nid": 2470,
      "distnr": 4.6241603,
      "magpsf": 19.102533,
      "magpsf_corr": null,
      "magpsf_corr_ext": null,
      "magap": 18.9883,
      "magap_corr": null,
      "sigmapsf": 0.14528944,
      "sigmapsf_corr": null,
      "sigmapsf_corr_ext": null,
      "sigmagap": 0.2275,
      "sigmagap_corr": null,
      "ra": 241.1311438,
      "dec": 36.3167991,
      "rb": 0.86285716,
      "rbversion": "t17_f5_c3",
      "drb": 0.99882585,
      "magapbig": 19.0472,
      "sigmagapbig": 0.3061,
      "rfid": 679120257,
      "has_stamp": true,
      "corrected": false,
      "dubious": false,
      "candid_alert": null,
      "step_id_corr": "1.2.1",
      "phase": 0.0,
      "parent_candid": null
    },
    {
      "tid": "ztf",
      "mjd": 60231.13402780006,
      "candid": "2477134025715015009",
      "fid": 2,
      "pid": 2477134025715,
      "diffmaglim": 19.877169,
      "isdiffpos": 1,
      "nid": 2477,
      "distnr": 4.4242826,
      "magpsf": 19.371428,
      "magpsf_corr": null,
      "magpsf_corr_ext": null,
      "magap": 19.5195,
      "magap_corr": null,
      "sigmapsf": 0.13944367,
      "sigmapsf_corr": null,
      "sigmapsf_corr_ext": null,
      "sigmagap": 0.3277,
      "sigmagap_corr": null,
      "ra": 241.1310668,
      "dec": 36.3167644,
      "rb": 0.9014286,
      "rbversion": "t17_f5_c3",
      "drb": 0.9612433,
      "magapbig": 19.2033,
      "sigmagapbig": 0.3114,
      "rfid": 679120257,
      "has_stamp": true,
      "corrected": false,
      "dubious": false,
      "candid_alert": null,
      "step_id_corr": "1.2.1",
      "phase": 0.0,
      "parent_candid": null
    },
    {
      "tid": "ztf",
      "mjd": 60233.13366900012,
      "candid": "2479133665715015015",
      "fid": 2,
      "pid": 2479133665715,
      "diffmaglim": 19.802496,
      "isdiffpos": 1,
      "nid": 2479,
      "distnr": 4.6563454,
      "magpsf": 19.47949,
      "magpsf_corr": null,
      "magpsf_corr_ext": null,
      "magap": 20.1774,
      "magap_corr": null,
      "sigmapsf": 0.20003855,
      "sigmapsf_corr": null,
      "sigmapsf_corr_ext": null,
      "sigmagap": 0.5912,
      "sigmagap_corr": null,
      "ra": 241.1311159,
      "dec": 36.3168183,
      "rb": 0.70714283,
      "rbversion": "t17_f5_c3",