{
  "detections": [
    {
      "tid": "ztf",
      "mjd": 60636.4712731,
      "candid": "2882471272115015000",
      "fid": 1,
      "pid": 2882471272115,
      "diffmaglim": 19.5455,
      "isdiffpos": 1,
      "nid": 2882,
      "distnr": 1.54425,
      "magpsf": 19.5652,
      "magpsf_corr": null,
      "magpsf_corr_ext": null,
      "magap": 19.3469,
      "magap_corr": null,
      "sigmapsf": 0.236135,
      "sigmapsf_corr": null,
      "sigmapsf_corr_ext": null,
      "sigmagap": 0.2977,
      "sigmagap_corr": null,
      "ra": 153.6708607,
      "dec": -9.9405685,
      "rb": 0.717143,
      "rbversion": "t17_f5_c3",
      "drb": null,
      "magapbig": 19.7896,
      "sigmagapbig": 0.57,
      "rfid": null,
      "has_stamp": false,
      "corrected": false,
      "dubious": false,
      "candid_alert": null,
      "step_id_corr": "25.0.0",
      "phase": 0.0,
      "parent_candid": 2905440742115015000
    },
    {
      "tid": "ztf",
      "mjd": 60640.50228009978,
      "candid": "2886502282115015000",
      "fid": 1,
      "pid": 2886502282115,
      "diffmaglim": 20.072483,
      "isdiffpos": 1,
      "nid": 2886,
      "distnr": 1.4208043,
      "magpsf": 18.519915,
      "magpsf_corr": null,
      "magpsf_corr_ext": null,
      "magap": 18.5597,
      "magap_corr": null,
      "sigmapsf": 0.091427624,
      "sigmapsf_corr": null,
      "sigmapsf_corr_ext": null,
      "sigmagap": 0.1005,
      "sigmagap_corr": null,
      "ra": 153.6708207,
      "dec": -9.9405186,
      "rb": 0.93857145,
      "rbversion": "t17_f5_c3",
      "drb": 0.99265265,
      "magapbig": 18.553,
      "sigmagapbig": 0.1228,
      "rfid": 366120121,
      "has_stamp": true,
      "corrected": false,
      "dubious": false,
      "candid_alert": null,
      "step_id_corr": "25.0.0",
      "phase": 0.0,
      "parent_candid": null
    },
    {
      "tid": "ztf",
      "mjd": 60644.44862269983,
      "candid": "2890448622115015000",
      "fid": 1,
      "pid": 2890448622115,
      "diffmaglim": 19.9696,
      "isdiffpos": 1,
      "nid": 2890,
      "distnr": 1.24625,
      "magpsf": 18.0746,
      "magpsf_corr": 16.99589,
      "magpsf_corr_ext": null,
      "magap": 17.9466,
      "magap_corr": null,
      "sigmapsf": 0.064591,
      "sigmapsf_corr": 100.0,
      "sigmapsf_corr_ext": 0.02391595,
      "sigmagap": 0.0567,
      "sigmagap_corr": null,
      "ra": 153.6708303,
      "dec": -9.9404694,
      "rb": 0.915714,
      "rbversion": "t17_f5_c3",
      "drb": null,
      "magapbig": 17.8222,
      "sigmagapbig": 0.0635,
      "rfid": null,
      "has_stamp": false,
      "corrected": true,
      "dubious": true,
      "candid_alert": null,
      "step_id_corr": "25.0.0",
      "phase": 0.0,
      "parent_candid": 2905440742115015000
    },
    {
      "tid": "ztf",
      "mjd": 60652.5022454001,
      "candid": "2898502242115015000",
      "fid": 1,
      "pid": 2898502242115,
      "diffmaglim": 20.295,
      "isdiffpos": 1,
      "nid": 2898,
      "distnr": 1.23001,
      "magpsf": 18.0095,
      "magpsf_corr": 16.971327,
      "magpsf_corr_ext": null,
      "magap": 17.8934,
      "magap_corr": null,
      "sigmapsf": 0.079255,
      "sigmapsf_corr": 0.017052744,
      "sigmapsf_corr_ext": 0.030461939,
      "sigmagap": 0.0461,
      "sigmagap_corr": null,
      "ra": 153.6708387,
      "dec": -9.9404657,
      "rb": 0.91,
      "rbversion": "t17_f5_c3",
      "drb": null,
      "magapbig": 17.8532,
      "sigmagapbig": 0.0552,
      "rfid": null,
      "has_stamp": false,
      "corrected": true,
      "dubious": true,
      "candid_alert": null,
      "step_id_corr": "25.0.0",
      "phase": 0.0,
      "parent_candid": 2905440742115015000
    },
    {
      "tid": "ztf",
      "mjd": 60653.5067245001,
      "candid": "2899506722115015000",
      "fid": 1,
      "pid": 2899506722115,
      "diffmaglim": 20.2948,
      "isdiffpos": 1,
      "nid": 2899,
      "distnr": 1.29731,
      "magpsf": 17.9634,
      "magpsf_corr": 16.953377,
      "magpsf_corr_ext": null,
      "magap": 17.9068,
      "magap_corr": null,
      "sigmapsf": 0.057004,
      "sigmapsf_corr": 100.0,
      "sigmapsf_corr_ext": 0.022485157,
      "sigmagap": 0.0444,
      "sigmagap_corr": null,
      "ra": 153.6708457,
      "dec": -9.9404897,
      "rb": 0.87,
      "rbversion": "t17_f5_c3",
      "drb": null,
      "magapbig": 17.8553,
      "sigmagapbig": 0.0524,
      "rfid": null,
      "has_stamp": false,
      "corrected": true,
      "dubious": true,
      "candid_alert": null,
      "step_id_corr": "25.0.0",
      "phase": 0.0,
      "parent_candid": 2905440742115015000
    },
    {
      "tid": "ztf",
      "mjd": 60659.44074069988,
      "candid": "2905440742115015000",
      "fid": 1,
      "pid": 2905440742115,
      "diffmaglim": 18.821579,
      "isdiffpos": 1,
      "nid": 2905,
      "distnr": 0.93578726,
      "magpsf": 18.1811,
      "magpsf_corr": 17.034117,
      "magpsf_corr_ext": null,
      "magap": 17.9189,
      "magap_corr": null,
      "sigmapsf": 0.13409598,
      "sigmapsf_corr": 0.038192544,
      "sigmapsf_corr_ext": 0.04662537,
      "sigmagap": 0.139,
      "sigmagap_corr": null,
      "ra": 153.6708821,
      "dec": -9.9403958,
      "rb": 0.72571427,
      "rbversion": "t17_f5_c3",
      "drb": 0.95675194,
      "magapbig": 18.1039,
      "sigmagapbig": 0.2108,
      "rfid": 366120121,
      "has_stamp": true,
      "corrected": true,
      "dubious": true,
      "candid_alert": null,
      "step_id_corr": "25.0.0",
      "phase": 0.0,
      "parent_candid": null
    }
  ],
  "non_detections": [
    {
      "tid": "ztf",
      "mjd": 60620.53157409979,
      "fid": 2,
      "diffmaglim": 17.9555
    },
    {
      "tid": "ztf",
      "mjd": 60622.49668980017,
      "fid": 1,
      "diffmaglim": 19.533
    },
    {
      "tid": "ztf",
      "mjd": 60622.551620400045,
      "fid": 2,
      "diffmaglim": 18.6274
    },
    {
      "tid": "ztf",
      "mjd": 60623.48464119993,
      "fid": 1,
      "diffmaglim": 19.755
    },
    {
      "tid": "ztf",
      "mjd": 60628.47840279993,
      "fid": 2,
      "diffmaglim": 19.4513
    },
    {
      "tid": "ztf",
      "mjd": 60632.44037039997,
      "fid": 2,
      "diffmaglim": 18.3301
    },
    {
      "tid": "ztf",
      "mjd": 60632.49045140017,
      "fid": 1,
      "diffmaglim": 17.3972
    },
    {
      "tid": "ztf",
      "mjd": 60633.52579860017,
      "fid": 1,
      "diffmaglim": 18.9046
    },
    {
      "tid": "ztf",
      "mjd": 60635.47954860004,
      "fid": 1,
      "diffmaglim": 17.5831
    },
    {
      "tid": "ztf",
      "mjd": 60637.507685199846,
      "fid": 2,
      "diffmaglim": 19.9155
    },
    {
      "tid": "ztf",
      "mjd": 60644.49888890004,
      "fid": 2,
      "diffmaglim": 20.1978
    },
    {
      "tid": "ztf",
      "mjd": 60648.45115739992,
      "fid": 2,
      "diffmaglim": 20.3486
    },
    {
      "tid": "ztf",
      "mjd": 60648.50182869984,
      "fid": 1,
      "diffmaglim": 19.7703
    },
    {
      "tid": "ztf",
      "mjd": 60651.56136569986,
      "fid": 2,
      "diffmaglim": 19.0386
    },
    {
      "tid": "ztf",
      "mjd": 60652.52791670011,
      "fid": 2,
      "diffmaglim": 20.0736
    },
    {
      "tid": "ztf",
      "mjd": 60654.50201389985,
      "fid": 1,
      "diffmaglim": 19.2462
    },
    {
      "tid": "ztf",
      "mjd": 60658.43842589995,
      "fid": 2,
      "diffmaglim": 16.8976
    }
  ],
  "forced_detections": [
    {
      "candid": "ZTF24abuhiar2879525792115",
      "tid": "ztf",
      "pid": 2879525792115,
      "oid": "ZTF24abuhiar",
      "mjd": 60633.52579860017,
      "fid": 1,
      "ra": 153.6708821,
      "e_ra": null,
      "dec": -9.9403958,
      "e_dec": null,
      "mag": 21.249099731445312,
      "e_mag": 1.0942624807357788,
      "mag_corr": null,
      "e_mag_corr": null,
      "e_mag_corr_ext": null,
      "isdiffpos": -1,
      "corrected": false,
      "dubious": true,