{
  "detections": [
    {
      "tid": "ztf",
      "mjd": 59928.21045139991,
      "candid": "2174210453815015005",
      "fid": 2,
      "pid": 2174210453815,
      "diffmaglim": 19.468695,
      "isdiffpos": 1,
      "nid": 2174,
      "distnr": 3.4686916,
      "magpsf": 18.150635,
      "magpsf_corr": null,
      "magpsf_corr_ext": null,
      "magap": 18.1723,
      "magap_corr": null,
      "sigmapsf": 0.06963981,
      "sigmapsf_corr": null,
      "sigmapsf_corr_ext": null,
      "sigmagap": 0.0952,
      "sigmagap_corr": null,
      "ra": 31.3326435,
      "dec": -23.6981644,
      "rb": 0.7814286,
      "rbversion": "t17_f5_c3",
      "drb": 0.9999331,
      "magapbig": 18.2992,
      "sigmagapbig": 0.1343,
      "rfid": 249120238,
      "has_stamp": true,
      "corrected": false,
      "dubious": false,
      "candid_alert": null,
      "step_id_corr": "1.1.6",
      "phase": 0.0,
      "parent_candid": null
    },
    {
      "tid": "ztf",
      "mjd": 59932.2099768999,
      "candid": "2178209973815015001",
      "fid": 2,
      "pid": 2178209973815,
      "diffmaglim": 19.600851,
      "isdiffpos": 1,
      "nid": 2178,
      "distnr": 3.5165873,
      "magpsf": 17.634123,
      "magpsf_corr": null,
      "magpsf_corr_ext": null,
      "magap": 17.5807,
      "magap_corr": null,
      "sigmapsf": 0.049098596,
      "sigmapsf_corr": null,
      "sigmapsf_corr_ext": null,
      "sigmagap": 0.0493,
      "sigmagap_corr": null,
      "ra": 31.3326278,
      "dec": -23.6981579,
      "rb": 0.68142855,
      "rbversion": "t17_f5_c3",
      "drb": 0.99998367,
      "magapbig": 17.5481,
      "sigmagapbig": 0.0596,
      "rfid": 249120238,
      "has_stamp": true,
      "corrected": false,
      "dubious": false,
      "candid_alert": null,
      "step_id_corr": "1.1.6",
      "phase": 0.0,
      "parent_candid": null
    },
    {
      "tid": "ztf",
      "mjd": 59934.1927546002,
      "candid": "2180192753815015003",
      "fid": 1,
      "pid": 2180192753815,
      "diffmaglim": 19.84187,
      "isdiffpos": 1,
      "nid": 2180,
      "distnr": 1.6763128,
      "magpsf": 18.200703,
      "magpsf_corr": null,
      "magpsf_corr_ext": null,
      "magap": 18.1437,
      "magap_corr": null,
      "sigmapsf": 0.069999754,
      "sigmapsf_corr": null,
      "sigmapsf_corr_ext": null,
      "sigmagap": 0.0753,
      "sigmagap_corr": null,
      "ra": 31.3326127,
      "dec": -23.6981605,
      "rb": 0.9242857,
      "rbversion": "t17_f5_c3",
      "drb": 0.9999788,
      "magapbig": 18.1289,
      "sigmagapbig": 0.0933,
      "rfid": 249120138,
      "has_stamp": true,
      "corrected": false,
      "dubious": false,
      "candid_alert": null,
      "step_id_corr": "1.1.6",
      "phase": 0.0,
      "parent_candid": null
    },
    {
      "tid": "ztf",
      "mjd": 59934.23377310019,
      "candid": "2180233773815015003",
      "fid": 2,
      "pid": 2180233773815,
      "diffmaglim": 19.763712,
      "isdiffpos": 1,
      "nid": 2180,
      "distnr": 3.5102327,
      "magpsf": 18.031443,
      "magpsf_corr": null,
      "magpsf_corr_ext": null,
      "magap": 18.0083,
      "magap_corr": null,
      "sigmapsf": 0.085265644,
      "sigmapsf_corr": null,
      "sigmapsf_corr_ext": null,
      "sigmagap": 0.077,
      "sigmagap_corr": null,
      "ra": 31.3326203,
      "dec": -23.6981646,
      "rb": 0.83285713,
      "rbversion": "t17_f5_c3",
      "drb": 0.9999994,
      "magapbig": 18.0205,
      "sigmagapbig": 0.0975,
      "rfid": 249120238,
      "has_stamp": true,
      "corrected": false,
      "dubious": false,
      "candid_alert": null,
      "step_id_corr": "1.1.6",
      "phase": 0.0,
      "parent_candid": null
    },
    {
      "tid": "ztf",
      "mjd": 59936.189722199924,
      "candid": "2182189723815015005",
      "fid": 2,
      "pid": 2182189723815,
      "diffmaglim": 19.015707,
      "isdiffpos": 1,
      "nid": 2182,
      "distnr": 3.490617,
      "magpsf": 18.17637,
      "magpsf_corr": null,
      "magpsf_corr_ext": null,
      "magap": 18.2241,
      "magap_corr": null,
      "sigmapsf": 0.081913985,
      "sigmapsf_corr": null,
      "sigmapsf_corr_ext": null,
      "sigmagap": 0.1963,
      "sigmagap_corr": null,
      "ra": 31.3325653,
      "dec": -23.6982075,
      "rb": 0.87285715,
      "rbversion": "t17_f5_c3",
      "drb": 0.99998903,
      "magapbig": 18.3554,
      "sigmagapbig": 0.282,
      "rfid": 249120238,
      "has_stamp": true,
      "corrected": false,
      "dubious": false,
      "candid_alert": null,
      "step_id_corr": "1.1.6",
      "phase": 0.0,
      "parent_candid": null
    },
    {
      "tid": "ztf",
      "mjd": 59951.12674769992,
      "candid": "2197126743815015000",
      "fid": 1,
      "pid": 2197126743815,
      "diffmaglim": 18.99419,
      "isdiffpos": 1,
      "nid": 2197,
      "distnr": 1.6279918,
      "magpsf": 18.051514,
      "magpsf_corr": null,
      "magpsf_corr_ext": null,
      "magap": 18.0063,
      "magap_corr": null,
      "sigmapsf": 0.10505074,
      "sigmapsf_corr": null,
      "sigmapsf_corr_ext": null,
      "sigmagap": 0.1301,
      "sigmagap_corr": null,
      "ra": 31.3326301,
      "dec": -23.6981285,
      "rb": 0.75857145,
      "rbversion": "t17_f5_c3",
      "drb": 0.9999974,
      "magapbig": 17.8283,
      "sigmagapbig": 0.1411,
      "rfid": 249120138,
      "has_stamp": true,
      "corrected": false,
      "dubious": false,
      "candid_alert": null,
      "step_id_corr": "1.1.6",
      "phase": 0.0,
      "parent_candid": null
    },
    {
      "tid": "ztf",
      "mjd": 59951.18780090008,
      "candid": "2197187803815015001",
      "fid": 2,
      "pid": 2197187803815,
      "diffmaglim": 19.203136,
      "isdiffpos": 1,
      "nid": 2197,
      "distnr": 3.4769573,
      "magpsf": 17.633629,
      "magpsf_corr": null,
      "magpsf_corr_ext": null,
      "magap": 17.5695,
      "magap_corr": null,
      "sigmapsf": 0.0588611,
      "sigmapsf_corr": null,
      "sigmapsf_corr_ext": null,
      "sigmagap": 0.0809,
      "sigmagap_corr": null,
      "ra": 31.3325901,
      "dec": -23.6981954,
      "rb": 0.8585714,
      "rbversion": "t17_f5_c3",
      "drb": 0.99999577,
      "magapbig": 17.5042,
      "sigmagapbig": 0.0968,
      "rfid": 249120238,
      "has_stamp": true,
      "corrected": false,
      "dubious": false,
      "candid_alert": null,
      "step_id_corr": "1.1.6",
      "phase": 0.0,
      "parent_candid": null
    },
    {
      "tid": "ztf",
      "mjd": 59957.165358799975,
      "candid": "2203165353815015004",
      "fid": 2,
      "pid": 2203165353815,
      "diffmaglim": 18.820127,
      "isdiffpos": 1,
      "nid": 2203,
      "distnr": 3.3368921,
      "magpsf": 17.709993,
      "magpsf_corr": null,
      "magpsf_corr_ext": null,
      "magap": 17.693,
      "magap_corr": null,
      "sigmapsf": 0.07895792,
      "sigmapsf_corr": null,
      "sigmapsf_corr_ext": null,
      "sigmagap": 0.121,
      "sigmagap_corr": null,
      "ra": 31.3326628,
      "dec": -23.6981973,
      "rb": 0.84,
      "rbversion": "t17_f5_c3",
      "drb": 0.9999132,
      "magapbig": 17.7193,
      "sigmagapbig": 0.1578,
      "rfid": 249120238,
      "has_stamp": true,
      "corrected": false,
      "dubious": false,
      "candid_alert": null,
      "step_id_corr": "1.1.6",
      "phase": 0.0,
      "parent_candid": null
    },
    {
      "tid": "ztf",
      "mjd": 59969.12753470009,
      "candid": "2215127533815015003",
      "fid": 2,
      "pid": 2215127533815,
      "diffmaglim": 19.399477,
      "isdiffpos": 1,
      "nid": 2215,
      "distnr": 3.277643,
      "magpsf": 18.34986,
      "magpsf_corr": null,
      "magpsf_corr_ext": null,
      "magap": 18.323,
      "magap_corr": null,
      "sigmapsf": 0.09546214,
      "sigmapsf_corr": null,
      "sigmapsf_corr_ext": null,
      "sigmagap": 0.1073,
      "sigmagap_corr": null,
      "ra": 31.3326517,
      "dec": -23.6982242,
      "rb": 0.39,