{
  "detections": [
    {
      "tid": "ztf",
      "mjd": 59625.16697920021,
      "candid": "1871166971615015010",
      "fid": 2,
      "pid": 1871166971615,
      "diffmaglim": 19.600744,
      "isdiffpos": 1,
      "nid": 1871,
      "distnr": 0.6113968,
      "magpsf": 19.153275,
      "magpsf_corr": 18.306284,
      "magpsf_corr_ext": null,
      "magap": 19.6257,
      "magap_corr": null,
      "sigmapsf": 0.13812661,
      "sigmapsf_corr": 0.02993116,
      "sigmapsf_corr_ext": 0.06331126,
      "sigmagap": 0.4135,
      "sigmagap_corr": null,
      "ra": 105.8844081,
      "dec": 18.2120103,
      "rb": 0.8442857,
      "rbversion": "t17_f5_c3",
      "drb": 1.0,
      "magapbig": 19.6058,
      "sigmagapbig": 0.5202,
      "rfid": 564120216,
      "has_stamp": true,
      "corrected": true,
      "dubious": false,
      "candid_alert": null,
      "step_id_corr": "correction_1.0.6",
      "phase": 0.0,
      "parent_candid": null
    },
    {
      "tid": "ztf",
      "mjd": 59628.16921300022,
      "candid": "1874169211615015020",
      "fid": 1,
      "pid": 1874169211615,
      "diffmaglim": 19.875576,
      "isdiffpos": 1,
      "nid": 1874,
      "distnr": 2.4676518,
      "magpsf": 19.60879,
      "magpsf_corr": null,
      "magpsf_corr_ext": null,
      "magap": 19.6232,
      "magap_corr": null,
      "sigmapsf": 0.18410486,
      "sigmapsf_corr": null,
      "sigmapsf_corr_ext": null,
      "sigmagap": 0.3187,
      "sigmagap_corr": null,
      "ra": 105.8844118,
      "dec": 18.2120944,
      "rb": 0.8414286,
      "rbversion": "t17_f5_c3",
      "drb": 1.0,
      "magapbig": 19.8916,
      "sigmagapbig": 0.5228,
      "rfid": 564120116,
      "has_stamp": true,
      "corrected": false,
      "dubious": false,
      "candid_alert": null,
      "step_id_corr": "correction_1.0.6",
      "phase": 0.0,
      "parent_candid": null
    },
    {
      "tid": "ztf",
      "mjd": 59628.300219899975,
      "candid": "1874300211615015021",
      "fid": 2,
      "pid": 1874300211615,
      "diffmaglim": 19.842827,
      "isdiffpos": 1,
      "nid": 1874,
      "distnr": 0.5026318,
      "magpsf": 19.151106,
      "magpsf_corr": 18.305288,
      "magpsf_corr_ext": null,
      "magap": 19.4512,
      "magap_corr": null,
      "sigmapsf": 0.13044836,
      "sigmapsf_corr": 0.021818912,
      "sigmapsf_corr_ext": 0.05985657,
      "sigmagap": 0.2758,
      "sigmagap_corr": null,
      "ra": 105.8844008,
      "dec": 18.2120405,
      "rb": 0.9357143,
      "rbversion": "t17_f5_c3",
      "drb": 1.0,
      "magapbig": 19.5862,
      "sigmagapbig": 0.399,
      "rfid": 564120216,
      "has_stamp": true,
      "corrected": true,
      "dubious": false,
      "candid_alert": null,
      "step_id_corr": "correction_1.0.6",
      "phase": 0.0,
      "parent_candid": null
    },
    {
      "tid": "ztf",
      "mjd": 59630.1938426001,
      "candid": "1876193841615015017",
      "fid": 1,
      "pid": 1876193841615,
      "diffmaglim": 19.0878,
      "isdiffpos": 1,
      "nid": 1876,
      "distnr": 2.3371,
      "magpsf": 19.4529,
      "magpsf_corr": null,
      "magpsf_corr_ext": null,
      "magap": 18.7282,
      "magap_corr": null,
      "sigmapsf": 0.299055,
      "sigmapsf_corr": null,
      "sigmapsf_corr_ext": null,
      "sigmagap": 0.301,
      "sigmagap_corr": null,
      "ra": 105.8844543,
      "dec": 18.2120907,
      "rb": 0.435714,
      "rbversion": "t17_f5_c3",
      "drb": null,
      "magapbig": 18.6678,
      "sigmagapbig": 0.3646,
      "rfid": null,
      "has_stamp": false,
      "corrected": false,
      "dubious": false,
      "candid_alert": null,
      "step_id_corr": "correction_1.0.6",
      "phase": 0.0,
      "parent_candid": 1883213091615015024
    },
    {
      "tid": "ztf",
      "mjd": 59637.213090300094,
      "candid": "1883213091615015024",
      "fid": 1,
      "pid": 1883213091615,
      "diffmaglim": 20.272896,
      "isdiffpos": 1,
      "nid": 1883,
      "distnr": 2.4171576,
      "magpsf": 19.564468,
      "magpsf_corr": null,
      "magpsf_corr_ext": null,
      "magap": 19.4243,
      "magap_corr": null,
      "sigmapsf": 0.15476258,
      "sigmapsf_corr": null,
      "sigmapsf_corr_ext": null,
      "sigmagap": 0.1475,
      "sigmagap_corr": null,
      "ra": 105.8843847,
      "dec": 18.2119384,
      "rb": 0.7185714,
      "rbversion": "t17_f5_c3",
      "drb": 0.9999928,
      "magapbig": 19.4691,
      "sigmagapbig": 0.1953,
      "rfid": 564120116,
      "has_stamp": true,
      "corrected": false,
      "dubious": false,
      "candid_alert": null,
      "step_id_corr": "correction_1.0.6",
      "phase": 0.0,
      "parent_candid": null
    },
    {
      "tid": "ztf",
      "mjd": 59639.18868059991,
      "candid": "1885188681615015015",
      "fid": 1,
      "pid": 1885188681615,
      "diffmaglim": 20.22733,
      "isdiffpos": 1,
      "nid": 1885,
      "distnr": 2.5766487,
      "magpsf": 19.500599,
      "magpsf_corr": null,
      "magpsf_corr_ext": null,
      "magap": 19.5149,
      "magap_corr": null,
      "sigmapsf": 0.13495576,
      "sigmapsf_corr": null,
      "sigmapsf_corr_ext": null,
      "sigmagap": 0.1609,
      "sigmagap_corr": null,
      "ra": 105.8843625,
      "dec": 18.212042,
      "rb": 0.76428574,
      "rbversion": "t17_f5_c3",
      "drb": 1.0,
      "magapbig": 19.3425,
      "sigmagapbig": 0.1748,
      "rfid": 564120116,
      "has_stamp": true,
      "corrected": false,
      "dubious": false,
      "candid_alert": null,
      "step_id_corr": "correction_1.0.6",
      "phase": 0.0,
      "parent_candid": null
    },
    {
      "tid": "ztf",
      "mjd": 59671.202025500126,
      "candid": "1917202021615015057",
      "fid": 1,
      "pid": 1917202021615,
      "diffmaglim": 20.254356,
      "isdiffpos": 1,
      "nid": 1917,
      "distnr": 2.679297,
      "magpsf": 19.638807,
      "magpsf_corr": null,
      "magpsf_corr_ext": null,
      "magap": 19.2837,
      "magap_corr": null,
      "sigmapsf": 0.14803635,
      "sigmapsf_corr": null,
      "sigmapsf_corr_ext": null,
      "sigmagap": 0.138,
      "sigmagap_corr": null,
      "ra": 105.8843197,
      "dec": 18.2120029,
      "rb": 0.44714287,
      "rbversion": "t17_f5_c3",
      "drb": 0.9999926,
      "magapbig": 19.2872,
      "sigmagapbig": 0.1759,
      "rfid": 564120116,
      "has_stamp": true,
      "corrected": false,
      "dubious": false,
      "candid_alert": null,
      "step_id_corr": "correction_1.0.6",
      "phase": 0.0,
      "parent_candid": null
    },
    {
      "tid": "ztf",
      "mjd": 59671.202025500126,
      "candid": "1917202021615025022",
      "fid": 1,
      "pid": 1917202021615,
      "diffmaglim": 20.2304,
      "isdiffpos": 1,
      "nid": 1917,
      "distnr": 2.67897,
      "magpsf": 19.6942,
      "magpsf_corr": null,
      "magpsf_corr_ext": null,
      "magap": 19.4389,
      "magap_corr": null,
      "sigmapsf": 0.170897,
      "sigmapsf_corr": null,
      "sigmapsf_corr_ext": null,
      "sigmagap": 0.162,
      "sigmagap_corr": null,
      "ra": 105.8843226,
      "dec": 18.2120142,
      "rb": 0.7,
      "rbversion": "t17_f5_c3",
      "drb": null,
      "magapbig": 19.5258,
      "sigmagapbig": 0.2229,
      "rfid": null,
      "has_stamp": false,
      "corrected": false,
      "dubious": false,
      "candid_alert": null,
      "step_id_corr": "correction_1.0.6",
      "phase": 0.0,
      "parent_candid": 1939174651615015004
    },
    {
      "tid": "ztf",
      "mjd": 59674.20689810021,
      "candid": "1920206891615015018",
      "fid": 2,
      "pid": 1920206891615,
      "diffmaglim": 20.196754,
      "isdiffpos": 1,
      "nid": 1920,
      "distnr": 0.58244103,
      "magpsf": 19.056377,
      "magpsf_corr": 18.260794,
      "magpsf_corr_ext": null,
      "magap": 19.1177,
      "magap_corr": null,
      "sigmapsf": 0.08255165,
      "sigmapsf_corr": 100.0,
      "sigmapsf_corr_ext": 0.03967277,
      "sigmagap": 0.15,