{
  "detections": [
    {
      "tid": "ztf",
      "mjd": 59623.21396989981,
      "candid": "1869213962815015001",
      "fid": 1,
      "pid": 1869213962815,
      "diffmaglim": 19.634735,
      "isdiffpos": 1,
      "nid": 1869,
      "distnr": 4.6008234,
      "magpsf": 19.051395,
      "magpsf_corr": null,
      "magpsf_corr_ext": null,
      "magap": 18.6873,
      "magap_corr": null,
      "sigmapsf": 0.11500982,
      "sigmapsf_corr": null,
      "sigmapsf_corr_ext": null,
      "sigmagap": 0.1647,
      "sigmagap_corr": null,
      "ra": 76.3935216,
      "dec": 11.5536617,
      "rb": 0.7785714,
      "rbversion": "t17_f5_c3",
      "drb": 0.999995,
      "magapbig": 18.5634,
      "sigmagapbig": 0.1889,
      "rfid": 510120128,
      "has_stamp": true,
      "corrected": false,
      "dubious": false,
      "candid_alert": null,
      "step_id_corr": "correction_1.0.6",
      "phase": 0.0,
      "parent_candid": null
    },
    {
      "tid": "ztf",
      "mjd": 59623.25456020003,
      "candid": "1869254562815015004",
      "fid": 2,
      "pid": 1869254562815,
      "diffmaglim": 19.546398,
      "isdiffpos": 1,
      "nid": 1869,
      "distnr": 4.5187554,
      "magpsf": 19.140453,
      "magpsf_corr": null,
      "magpsf_corr_ext": null,
      "magap": 19.1512,
      "magap_corr": null,
      "sigmapsf": 0.14203568,
      "sigmapsf_corr": null,
      "sigmapsf_corr_ext": null,
      "sigmagap": 0.2571,
      "sigmagap_corr": null,
      "ra": 76.3935045,
      "dec": 11.5535568,
      "rb": 0.7942857,
      "rbversion": "t17_f5_c3",
      "drb": 0.99999535,
      "magapbig": 19.1845,
      "sigmagapbig": 0.3418,
      "rfid": 510120228,
      "has_stamp": true,
      "corrected": false,
      "dubious": false,
      "candid_alert": null,
      "step_id_corr": "correction_1.0.6",
      "phase": 0.0,
      "parent_candid": null
    },
    {
      "tid": "ztf",
      "mjd": 59625.15098380018,
      "candid": "1871150982815015001",
      "fid": 2,
      "pid": 1871150982815,
      "diffmaglim": 20.02533,
      "isdiffpos": 1,
      "nid": 1871,
      "distnr": 4.534549,
      "magpsf": 18.997635,
      "magpsf_corr": null,
      "magpsf_corr_ext": null,
      "magap": 19.2376,
      "magap_corr": null,
      "sigmapsf": 0.096340664,
      "sigmapsf_corr": null,
      "sigmapsf_corr_ext": null,
      "sigmagap": 0.2103,
      "sigmagap_corr": null,
      "ra": 76.3935041,
      "dec": 11.5535637,
      "rb": 0.8757143,
      "rbversion": "t17_f5_c3",
      "drb": 0.9999998,
      "magapbig": 19.3124,
      "sigmagapbig": 0.2909,
      "rfid": 510120228,
      "has_stamp": true,
      "corrected": false,
      "dubious": false,
      "candid_alert": null,
      "step_id_corr": "correction_1.0.6",
      "phase": 0.0,
      "parent_candid": null
    },
    {
      "tid": "ztf",
      "mjd": 59625.17033560015,
      "candid": "1871170332815015002",
      "fid": 1,
      "pid": 1871170332815,
      "diffmaglim": 19.46251,
      "isdiffpos": 1,
      "nid": 1871,
      "distnr": 4.247783,
      "magpsf": 18.9963,
      "magpsf_corr": null,
      "magpsf_corr_ext": null,
      "magap": 19.2053,
      "magap_corr": null,
      "sigmapsf": 0.13310613,
      "sigmapsf_corr": null,
      "sigmapsf_corr_ext": null,
      "sigmagap": 0.2644,
      "sigmagap_corr": null,
      "ra": 76.3934758,
      "dec": 11.5535571,
      "rb": 0.8371429,
      "rbversion": "t17_f5_c3",
      "drb": 0.99999344,
      "magapbig": 19.4422,
      "sigmagapbig": 0.4232,
      "rfid": 510120128,
      "has_stamp": true,
      "corrected": false,
      "dubious": false,
      "candid_alert": null,
      "step_id_corr": "correction_1.0.6",
      "phase": 0.0,
      "parent_candid": null
    },
    {
      "tid": "ztf",
      "mjd": 59627.216319399886,
      "candid": "1873216312815015001",
      "fid": 1,
      "pid": 1873216312815,
      "diffmaglim": 19.355053,
      "isdiffpos": 1,
      "nid": 1873,
      "distnr": 4.553553,
      "magpsf": 18.765917,
      "magpsf_corr": null,
      "magpsf_corr_ext": null,
      "magap": 18.7077,
      "magap_corr": null,
      "sigmapsf": 0.111714825,
      "sigmapsf_corr": null,
      "sigmapsf_corr_ext": null,
      "sigmagap": 0.187,
      "sigmagap_corr": null,
      "ra": 76.3935583,
      "dec": 11.5535892,
      "rb": 0.8971428,
      "rbversion": "t17_f5_c3",
      "drb": 0.99999106,
      "magapbig": 18.6505,
      "sigmagapbig": 0.228,
      "rfid": 510120128,
      "has_stamp": true,
      "corrected": false,
      "dubious": false,
      "candid_alert": null,
      "step_id_corr": "correction_1.0.6",
      "phase": 0.0,
      "parent_candid": null
    },
    {
      "tid": "ztf",
      "mjd": 59629.148842600174,
      "candid": "1875148842815015002",
      "fid": 2,
      "pid": 1875148842815,
      "diffmaglim": 20.3908,
      "isdiffpos": 1,
      "nid": 1875,
      "distnr": 4.4664173,
      "magpsf": 18.977486,
      "magpsf_corr": null,
      "magpsf_corr_ext": null,
      "magap": 19.0331,
      "magap_corr": null,
      "sigmapsf": 0.07389515,
      "sigmapsf_corr": null,
      "sigmapsf_corr_ext": null,
      "sigmagap": 0.1137,
      "sigmagap_corr": null,
      "ra": 76.3934902,
      "dec": 11.5535544,
      "rb": 0.9242857,
      "rbversion": "t17_f5_c3",
      "drb": 0.9999988,
      "magapbig": 19.0004,
      "sigmagapbig": 0.143,
      "rfid": 510120228,
      "has_stamp": true,
      "corrected": false,
      "dubious": false,
      "candid_alert": null,
      "step_id_corr": "correction_1.0.6",
      "phase": 0.0,
      "parent_candid": null
    },
    {
      "tid": "ztf",
      "mjd": 59638.15309030004,
      "candid": "1884153092815015001",
      "fid": 1,
      "pid": 1884153092815,
      "diffmaglim": 18.92794,
      "isdiffpos": 1,
      "nid": 1884,
      "distnr": 4.193044,
      "magpsf": 18.633574,
      "magpsf_corr": null,
      "magpsf_corr_ext": null,
      "magap": 18.6412,
      "magap_corr": null,
      "sigmapsf": 0.20312993,
      "sigmapsf_corr": null,
      "sigmapsf_corr_ext": null,
      "sigmagap": 0.2059,
      "sigmagap_corr": null,
      "ra": 76.3934479,
      "dec": 11.5535754,
      "rb": 0.56714284,
      "rbversion": "t17_f5_c3",
      "drb": 0.9969667,
      "magapbig": 19.0129,
      "sigmagapbig": 0.3723,
      "rfid": 510120128,
      "has_stamp": true,
      "corrected": false,
      "dubious": false,
      "candid_alert": null,
      "step_id_corr": "correction_1.0.6",
      "phase": 0.0,
      "parent_candid": null
    },
    {
      "tid": "ztf",
      "mjd": 59640.18537040008,
      "candid": "1886185372815015000",
      "fid": 1,
      "pid": 1886185372815,
      "diffmaglim": 20.534597,
      "isdiffpos": 1,
      "nid": 1886,
      "distnr": 4.326626,
      "magpsf": 18.659174,
      "magpsf_corr": null,
      "magpsf_corr_ext": null,
      "magap": 18.7761,
      "magap_corr": null,
      "sigmapsf": 0.0653919,
      "sigmapsf_corr": null,
      "sigmapsf_corr_ext": null,
      "sigmagap": 0.0831,
      "sigmagap_corr": null,
      "ra": 76.3934872,
      "dec": 11.5535771,
      "rb": 0.9342857,
      "rbversion": "t17_f5_c3",
      "drb": 0.9999999,
      "magapbig": 18.8319,
      "sigmagapbig": 0.1125,
      "rfid": 510120128,
      "has_stamp": true,
      "corrected": false,
      "dubious": false,
      "candid_alert": null,
      "step_id_corr": "correction_1.0.6",
      "phase": 0.0,
      "parent_candid": null
    },
    {
      "tid": "ztf",
      "mjd": 59640.21565969987,
      "candid": "1886215652815015000",
      "fid": 2,
      "pid": 1886215652815,
      "diffmaglim": 20.347094,
      "isdiffpos": 1,
      "nid": 1886,
      "distnr": 4.517704,
      "magpsf": 18.491816,
      "magpsf_corr": null,
      "magpsf_corr_ext": null,
      "magap": 18.4378,
      "magap_corr": null,
      "sigmapsf": 0.06850386,
      "sigmapsf_corr": null,
      "sigmapsf_corr_ext": null,
      "sigmagap": 0.0716,
      "sigmagap_corr": null,