{
  "detections": [
    {
      "tid": "ztf",
      "mjd": 60168.334838000126,
      "candid": "2414334835215015019",
      "fid": 2,
      "pid": 2414334835215,
      "diffmaglim": 20.076239,
      "isdiffpos": 1,
      "nid": 2414,
      "distnr": 1.6245639,
      "magpsf": 19.361727,
      "magpsf_corr": null,
      "magpsf_corr_ext": null,
      "magap": 19.2601,
      "magap_corr": null,
      "sigmapsf": 0.12092301,
      "sigmapsf_corr": null,
      "sigmapsf_corr_ext": null,
      "sigmagap": 0.1746,
      "sigmagap_corr": null,
      "ra": 318.382516,
      "dec": -20.9691194,
      "rb": 0.91714287,
      "rbversion": "t17_f5_c3",
      "drb": 0.99998856,
      "magapbig": 19.2586,
      "sigmagapbig": 0.2212,
      "rfid": 288120252,
      "has_stamp": true,
      "corrected": false,
      "dubious": false,
      "candid_alert": null,
      "step_id_corr": "1.2.0",
      "phase": 0.0,
      "parent_candid": null
    },
    {
      "tid": "ztf",
      "mjd": 60168.356909700204,
      "candid": "2414356905215015017",
      "fid": 1,
      "pid": 2414356905215,
      "diffmaglim": 20.18622,
      "isdiffpos": 1,
      "nid": 2414,
      "distnr": 1.8896612,
      "magpsf": 19.04247,
      "magpsf_corr": null,
      "magpsf_corr_ext": null,
      "magap": 18.8874,
      "magap_corr": null,
      "sigmapsf": 0.15379138,
      "sigmapsf_corr": null,
      "sigmapsf_corr_ext": null,
      "sigmagap": 0.1126,
      "sigmagap_corr": null,
      "ra": 318.3824833,
      "dec": -20.9691042,
      "rb": 0.7442857,
      "rbversion": "t17_f5_c3",
      "drb": 0.99916255,
      "magapbig": 18.757,
      "sigmagapbig": 0.1267,
      "rfid": 288120152,
      "has_stamp": true,
      "corrected": false,
      "dubious": false,
      "candid_alert": null,
      "step_id_corr": "1.2.0",
      "phase": 0.0,
      "parent_candid": null
    },
    {
      "tid": "ztf",
      "mjd": 60170.334687499795,
      "candid": "2416334685215015013",
      "fid": 1,
      "pid": 2416334685215,
      "diffmaglim": 20.278423,
      "isdiffpos": 1,
      "nid": 2416,
      "distnr": 1.8010149,
      "magpsf": 18.519815,
      "magpsf_corr": null,
      "magpsf_corr_ext": null,
      "magap": 18.4942,
      "magap_corr": null,
      "sigmapsf": 0.08344528,
      "sigmapsf_corr": null,
      "sigmapsf_corr_ext": null,
      "sigmagap": 0.0758,
      "sigmagap_corr": null,
      "ra": 318.3825091,
      "dec": -20.9690977,
      "rb": 0.94714284,
      "rbversion": "t17_f5_c3",
      "drb": 0.9999994,
      "magapbig": 18.4836,
      "sigmagapbig": 0.0947,
      "rfid": 288120152,
      "has_stamp": true,
      "corrected": false,
      "dubious": false,
      "candid_alert": null,
      "step_id_corr": "1.2.0",
      "phase": 0.0,
      "parent_candid": null
    },
    {
      "tid": "ztf",
      "mjd": 60170.39163189987,
      "candid": "2416391635215015022",
      "fid": 2,
      "pid": 2416391635215,
      "diffmaglim": 19.972576,
      "isdiffpos": 1,
      "nid": 2416,
      "distnr": 1.7233678,
      "magpsf": 18.76247,
      "magpsf_corr": null,
      "magpsf_corr_ext": null,
      "magap": 18.8404,
      "magap_corr": null,
      "sigmapsf": 0.099052414,
      "sigmapsf_corr": null,
      "sigmapsf_corr_ext": null,
      "sigmagap": 0.1363,
      "sigmagap_corr": null,
      "ra": 318.382476,
      "dec": -20.9690879,
      "rb": 0.93857145,
      "rbversion": "t17_f5_c3",
      "drb": 0.9999998,
      "magapbig": 18.7207,
      "sigmagapbig": 0.1551,
      "rfid": 288120252,
      "has_stamp": true,
      "corrected": false,
      "dubious": false,
      "candid_alert": null,
      "step_id_corr": "1.2.0",
      "phase": 0.0,
      "parent_candid": null
    },
    {
      "tid": "ztf",
      "mjd": 60174.314097200055,
      "candid": "2420314095215015013",
      "fid": 1,
      "pid": 2420314095215,
      "diffmaglim": 20.06618,
      "isdiffpos": 1,
      "nid": 2420,
      "distnr": 1.880062,
      "magpsf": 18.45596,
      "magpsf_corr": null,
      "magpsf_corr_ext": null,
      "magap": 18.4288,
      "magap_corr": null,
      "sigmapsf": 0.103637345,
      "sigmapsf_corr": null,
      "sigmapsf_corr_ext": null,
      "sigmagap": 0.0748,
      "sigmagap_corr": null,
      "ra": 318.3824876,
      "dec": -20.9691172,
      "rb": 0.86,
      "rbversion": "t17_f5_c3",
      "drb": 0.99997294,
      "magapbig": 18.3695,
      "sigmagapbig": 0.0895,
      "rfid": 288120152,
      "has_stamp": true,
      "corrected": false,
      "dubious": false,
      "candid_alert": null,
      "step_id_corr": "1.2.0",
      "phase": 0.0,
      "parent_candid": null
    },
    {
      "tid": "ztf",
      "mjd": 60174.38804400014,
      "candid": "2420388045215015012",
      "fid": 2,
      "pid": 2420388045215,
      "diffmaglim": 19.746672,
      "isdiffpos": 1,
      "nid": 2420,
      "distnr": 1.6838077,
      "magpsf": 18.657524,
      "magpsf_corr": null,
      "magpsf_corr_ext": null,
      "magap": 18.5338,
      "magap_corr": null,
      "sigmapsf": 0.10797012,
      "sigmapsf_corr": null,
      "sigmapsf_corr_ext": null,
      "sigmagap": 0.1155,
      "sigmagap_corr": null,
      "ra": 318.3824896,
      "dec": -20.9690944,
      "rb": 0.9285714,
      "rbversion": "t17_f5_c3",
      "drb": 0.99999964,
      "magapbig": 18.5148,
      "sigmagapbig": 0.1443,
      "rfid": 288120252,
      "has_stamp": true,
      "corrected": false,
      "dubious": false,
      "candid_alert": null,
      "step_id_corr": "1.2.0",
      "phase": 0.0,
      "parent_candid": null
    },
    {
      "tid": "ztf",
      "mjd": 60181.314965299796,
      "candid": "2427314965215015013",
      "fid": 1,
      "pid": 2427314965215,
      "diffmaglim": 19.750837,
      "isdiffpos": 1,
      "nid": 2427,
      "distnr": 1.9156921,
      "magpsf": 18.71495,
      "magpsf_corr": null,
      "magpsf_corr_ext": null,
      "magap": 18.5551,
      "magap_corr": null,
      "sigmapsf": 0.1423092,
      "sigmapsf_corr": null,
      "sigmapsf_corr_ext": null,
      "sigmagap": 0.0903,
      "sigmagap_corr": null,
      "ra": 318.3824737,
      "dec": -20.9690883,
      "rb": 0.39571428,
      "rbversion": "t17_f5_c3",
      "drb": 0.99949026,
      "magapbig": 18.5054,
      "sigmagapbig": 0.1095,
      "rfid": 288120152,
      "has_stamp": true,
      "corrected": false,
      "dubious": false,
      "candid_alert": null,
      "step_id_corr": "1.2.0",
      "phase": 0.0,
      "parent_candid": null
    },
    {
      "tid": "ztf",
      "mjd": 60183.31523150019,
      "candid": "2429315235215015005",
      "fid": 1,
      "pid": 2429315235215,
      "diffmaglim": 19.365461,
      "isdiffpos": 1,
      "nid": 2429,
      "distnr": 1.7625399,
      "magpsf": 18.840033,
      "magpsf_corr": null,
      "magpsf_corr_ext": null,
      "magap": 18.7588,
      "magap_corr": null,
      "sigmapsf": 0.17568985,
      "sigmapsf_corr": null,
      "sigmapsf_corr_ext": null,
      "sigmagap": 0.1969,
      "sigmagap_corr": null,
      "ra": 318.3825316,
      "dec": -20.9691568,
      "rb": 0.5985714,
      "rbversion": "t17_f5_c3",
      "drb": 0.9999739,
      "magapbig": 18.8305,
      "sigmagapbig": 0.2695,
      "rfid": 288120152,
      "has_stamp": true,
      "corrected": false,
      "dubious": false,
      "candid_alert": null,
      "step_id_corr": "1.2.0",
      "phase": 0.0,
      "parent_candid": null
    },
    {
      "tid": "ztf",
      "mjd": 60193.29302080022,
      "candid": "2439293025215015019",
      "fid": 2,
      "pid": 2439293025215,
      "diffmaglim": 20.032204,
      "isdiffpos": 1,
      "nid": 2439,
      "distnr": 1.6447139,
      "magpsf": 18.785599,
      "magpsf_corr": null,
      "magpsf_corr_ext": null,
      "magap": 18.8851,
      "magap_corr": null,
      "sigmapsf": 0.086306535,
      "sigmapsf_corr": null,
      "sigmapsf_corr_ext": null,
      "sigmagap": 0.1343,
      "sigmagap_corr": null,
      "ra": 318.3825097,
      "dec": -20.9691113,
      "rb": 0.93857145,