{
  "detections": [
    {
      "tid": "ztf",
      "mjd": 60134.35559030017,
      "candid": "2380355590715015039",
      "fid": 1,
      "pid": 2380355590715,
      "diffmaglim": 20.2373,
      "isdiffpos": 1,
      "nid": 2380,
      "distnr": 4.21485,
      "magpsf": 20.7171,
      "magpsf_corr": null,
      "magpsf_corr_ext": null,
      "magap": 20.4429,
      "magap_corr": null,
      "sigmapsf": 0.277676,
      "sigmapsf_corr": null,
      "sigmapsf_corr_ext": null,
      "sigmagap": 0.434,
      "sigmagap_corr": null,
      "ra": 293.070472,
      "dec": -6.0724448,
      "rb": 0.285714,
      "rbversion": "t17_f5_c3",
      "drb": null,
      "magapbig": 20.3257,
      "sigmagapbig": 0.5034,
      "rfid": null,
      "has_stamp": false,
      "corrected": false,
      "dubious": false,
      "candid_alert": null,
      "step_id_corr": "1.2.0",
      "phase": 0.0,
      "parent_candid": 2380423430715015000
    },
    {
      "tid": "ztf",
      "mjd": 60134.42343749991,
      "candid": "2380423430715015022",
      "fid": 2,
      "pid": 2380423430715,
      "diffmaglim": 20.523233,
      "isdiffpos": 1,
      "nid": 2380,
      "distnr": 1.943424,
      "magpsf": 20.20719,
      "magpsf_corr": null,
      "magpsf_corr_ext": null,
      "magap": 19.8782,
      "magap_corr": null,
      "sigmapsf": 0.20634432,
      "sigmapsf_corr": null,
      "sigmapsf_corr_ext": null,
      "sigmagap": 0.2412,
      "sigmagap_corr": null,
      "ra": 293.0706383,
      "dec": -6.0724914,
      "rb": 0.36714286,
      "rbversion": "t17_f5_c3",
      "drb": 0.9576664,
      "magapbig": 19.8634,
      "sigmagapbig": 0.3094,
      "rfid": 437120207,
      "has_stamp": true,
      "corrected": false,
      "dubious": false,
      "candid_alert": null,
      "step_id_corr": "1.2.0",
      "phase": 0.0,
      "parent_candid": null
    },
    {
      "tid": "ztf",
      "mjd": 60136.36141199991,
      "candid": "2382361410715015032",
      "fid": 1,
      "pid": 2382361410715,
      "diffmaglim": 20.320648,
      "isdiffpos": 1,
      "nid": 2382,
      "distnr": 4.2939186,
      "magpsf": 20.418106,
      "magpsf_corr": null,
      "magpsf_corr_ext": null,
      "magap": 20.3389,
      "magap_corr": null,
      "sigmapsf": 0.20865205,
      "sigmapsf_corr": null,
      "sigmapsf_corr_ext": null,
      "sigmagap": 0.3539,
      "sigmagap_corr": null,
      "ra": 293.0706358,
      "dec": -6.0724779,
      "rb": 0.47714287,
      "rbversion": "t17_f5_c3",
      "drb": 0.9999427,
      "magapbig": 20.3715,
      "sigmagapbig": 0.4688,
      "rfid": 437120107,
      "has_stamp": true,
      "corrected": false,
      "dubious": false,
      "candid_alert": null,
      "step_id_corr": "1.2.0",
      "phase": 0.0,
      "parent_candid": null
    },
    {
      "tid": "ztf",
      "mjd": 60140.321411999874,
      "candid": "2386321410715015027",
      "fid": 1,
      "pid": 2386321410715,
      "diffmaglim": 20.400393,
      "isdiffpos": 1,
      "nid": 2386,
      "distnr": 4.123657,
      "magpsf": 20.568964,
      "magpsf_corr": null,
      "magpsf_corr_ext": null,
      "magap": 20.4674,
      "magap_corr": null,
      "sigmapsf": 0.19533224,
      "sigmapsf_corr": null,
      "sigmapsf_corr_ext": null,
      "sigmagap": 0.3579,
      "sigmagap_corr": null,
      "ra": 293.0706093,
      "dec": -6.0724289,
      "rb": 0.4342857,
      "rbversion": "t17_f5_c3",
      "drb": 0.99997723,
      "magapbig": 20.8496,
      "sigmagapbig": 0.6552,
      "rfid": 437120107,
      "has_stamp": true,
      "corrected": false,
      "dubious": false,
      "candid_alert": null,
      "step_id_corr": "1.2.0",
      "phase": 0.0,
      "parent_candid": null
    },
    {
      "tid": "ztf",
      "mjd": 60140.37700230023,
      "candid": "2386377000715015028",
      "fid": 1,
      "pid": 2386377000715,
      "diffmaglim": 20.4768,
      "isdiffpos": 1,
      "nid": 2386,
      "distnr": 4.27252,
      "magpsf": 20.729,
      "magpsf_corr": null,
      "magpsf_corr_ext": null,
      "magap": 21.0507,
      "magap_corr": null,
      "sigmapsf": 0.295792,
      "sigmapsf_corr": null,
      "sigmapsf_corr_ext": null,
      "sigmagap": 0.639,
      "sigmagap_corr": null,
      "ra": 293.0707112,
      "dec": -6.0724701,
      "rb": 0.428571,
      "rbversion": "t17_f5_c3",
      "drb": null,
      "magapbig": 21.0874,
      "sigmagapbig": 0.8528,
      "rfid": null,
      "has_stamp": false,
      "corrected": false,
      "dubious": false,
      "candid_alert": null,
      "step_id_corr": "1.2.0",
      "phase": 0.0,
      "parent_candid": 2393273260715015000
    },
    {
      "tid": "ztf",
      "mjd": 60143.37711809995,
      "candid": "2389377110715015024",
      "fid": 2,
      "pid": 2389377110715,
      "diffmaglim": 20.5513,
      "isdiffpos": 1,
      "nid": 2389,
      "distnr": 1.89063,
      "magpsf": 20.4064,
      "magpsf_corr": null,
      "magpsf_corr_ext": null,
      "magap": 20.2862,
      "magap_corr": null,
      "sigmapsf": 0.22142,
      "sigmapsf_corr": null,
      "sigmapsf_corr_ext": null,
      "sigmagap": 0.333,
      "sigmagap_corr": null,
      "ra": 293.0706133,
      "dec": -6.0725097,
      "rb": 0.372857,
      "rbversion": "t17_f5_c3",
      "drb": null,
      "magapbig": 20.8449,
      "sigmagapbig": 0.7317,
      "rfid": null,
      "has_stamp": false,
      "corrected": false,
      "dubious": false,
      "candid_alert": null,
      "step_id_corr": "1.2.0",
      "phase": 0.0,
      "parent_candid": 2393273260715015000
    },
    {
      "tid": "ztf",
      "mjd": 60145.34498840012,
      "candid": "2391344980715015036",
      "fid": 1,
      "pid": 2391344980715,
      "diffmaglim": 20.6988,
      "isdiffpos": 1,
      "nid": 2391,
      "distnr": 4.41207,
      "magpsf": 20.5685,
      "magpsf_corr": null,
      "magpsf_corr_ext": null,
      "magap": 20.0394,
      "magap_corr": null,
      "sigmapsf": 0.211411,
      "sigmapsf_corr": null,
      "sigmapsf_corr_ext": null,
      "sigmagap": 0.2324,
      "sigmagap_corr": null,
      "ra": 293.070645,
      "dec": -6.0725109,
      "rb": 0.172857,
      "rbversion": "t17_f5_c3",
      "drb": null,
      "magapbig": 19.6925,
      "sigmagapbig": 0.2182,
      "rfid": null,
      "has_stamp": false,
      "corrected": false,
      "dubious": false,
      "candid_alert": null,
      "step_id_corr": "1.2.0",
      "phase": 0.0,
      "parent_candid": 2393273260715015000
    },
    {
      "tid": "ztf",
      "mjd": 60147.273263900075,
      "candid": "2393273260715015027",
      "fid": 2,
      "pid": 2393273260715,
      "diffmaglim": 20.592472,
      "isdiffpos": 1,
      "nid": 2393,
      "distnr": 1.9721677,
      "magpsf": 20.030697,
      "magpsf_corr": null,
      "magpsf_corr_ext": null,
      "magap": 19.783,
      "magap_corr": null,
      "sigmapsf": 0.21649288,
      "sigmapsf_corr": null,
      "sigmapsf_corr_ext": null,
      "sigmagap": 0.2049,
      "sigmagap_corr": null,
      "ra": 293.070664,
      "dec": -6.0724882,
      "rb": 0.28,
      "rbversion": "t17_f5_c3",
      "drb": 0.9771472,
      "magapbig": 20.2388,
      "sigmagapbig": 0.4069,
      "rfid": 437120207,
      "has_stamp": true,
      "corrected": false,
      "dubious": false,
      "candid_alert": null,
      "step_id_corr": "1.2.0",
      "phase": 0.0,
      "parent_candid": null
    },
    {
      "tid": "ztf",
      "mjd": 60149.353148099966,
      "candid": "2395353140715015028",
      "fid": 1,
      "pid": 2395353140715,
      "diffmaglim": 20.4459,
      "isdiffpos": 1,
      "nid": 2395,
      "distnr": 4.5656,
      "magpsf": 20.7352,
      "magpsf_corr": null,
      "magpsf_corr_ext": null,
      "magap": 20.1856,
      "magap_corr": null,
      "sigmapsf": 0.288046,
      "sigmapsf_corr": null,
      "sigmapsf_corr_ext": null,
      "sigmagap": 0.3022,
      "sigmagap_corr": null,
      "ra": 293.0706927,
      "dec": -6.0725514,
      "rb": 0.188571,
      "rbversion": "t17_f5_c3",
      "drb": null,