{
  "detections": [
    {
      "tid": "ztf",
      "mjd": 59923.54273150023,
      "candid": "2169542732115015006",
      "fid": 2,
      "pid": 2169542732115,
      "diffmaglim": 19.670511,
      "isdiffpos": 1,
      "nid": 2169,
      "distnr": 2.9611292,
      "magpsf": 18.128126,
      "magpsf_corr": null,
      "magpsf_corr_ext": null,
      "magap": 18.0046,
      "magap_corr": null,
      "sigmapsf": 0.06787574,
      "sigmapsf_corr": null,
      "sigmapsf_corr_ext": null,
      "sigmagap": 0.0882,
      "sigmagap_corr": null,
      "ra": 185.8590576,
      "dec": -17.9808654,
      "rb": 0.9285714,
      "rbversion": "t17_f5_c3",
      "drb": 0.999995,
      "magapbig": 17.951,
      "sigmagapbig": 0.1074,
      "rfid": 320120221,
      "has_stamp": true,
      "corrected": false,
      "dubious": false,
      "candid_alert": null,
      "step_id_corr": "1.1.6",
      "phase": 0.0,
      "parent_candid": null
    },
    {
      "tid": "ztf",
      "mjd": 59934.46967589995,
      "candid": "2180469672115015005",
      "fid": 2,
      "pid": 2180469672115,
      "diffmaglim": 19.299837,
      "isdiffpos": 1,
      "nid": 2180,
      "distnr": 2.9150016,
      "magpsf": 18.23424,
      "magpsf_corr": null,
      "magpsf_corr_ext": null,
      "magap": 18.3906,
      "magap_corr": null,
      "sigmapsf": 0.122164056,
      "sigmapsf_corr": null,
      "sigmapsf_corr_ext": null,
      "sigmagap": 0.0928,
      "sigmagap_corr": null,
      "ra": 185.8590384,
      "dec": -17.9808548,
      "rb": 0.49142858,
      "rbversion": "t17_f5_c3",
      "drb": 0.99830663,
      "magapbig": 18.3162,
      "sigmagapbig": 0.1107,
      "rfid": 320120221,
      "has_stamp": true,
      "corrected": false,
      "dubious": false,
      "candid_alert": null,
      "step_id_corr": "1.1.6",
      "phase": 0.0,
      "parent_candid": null
    },
    {
      "tid": "ztf",
      "mjd": 59951.43468749989,
      "candid": "2197434682115015004",
      "fid": 2,
      "pid": 2197434682115,
      "diffmaglim": 18.919647,
      "isdiffpos": 1,
      "nid": 2197,
      "distnr": 2.8359432,
      "magpsf": 18.255968,
      "magpsf_corr": null,
      "magpsf_corr_ext": null,
      "magap": 18.0094,
      "magap_corr": null,
      "sigmapsf": 0.11644401,
      "sigmapsf_corr": null,
      "sigmapsf_corr_ext": null,
      "sigmagap": 0.1169,
      "sigmagap_corr": null,
      "ra": 185.8589836,
      "dec": -17.9808498,
      "rb": 0.4842857,
      "rbversion": "t17_f5_c3",
      "drb": 0.99394614,
      "magapbig": 17.9591,
      "sigmagapbig": 0.1432,
      "rfid": 320120221,
      "has_stamp": true,
      "corrected": false,
      "dubious": false,
      "candid_alert": null,
      "step_id_corr": "1.1.6",
      "phase": 0.0,
      "parent_candid": null
    },
    {
      "tid": "ztf",
      "mjd": 59965.42241899995,
      "candid": "2211422412115015004",
      "fid": 2,
      "pid": 2211422412115,
      "diffmaglim": 19.326342,
      "isdiffpos": 1,
      "nid": 2211,
      "distnr": 3.381729,
      "magpsf": 18.416882,
      "magpsf_corr": null,
      "magpsf_corr_ext": null,
      "magap": 18.4897,
      "magap_corr": null,
      "sigmapsf": 0.12617953,
      "sigmapsf_corr": null,
      "sigmapsf_corr_ext": null,
      "sigmagap": 0.1009,
      "sigmagap_corr": null,
      "ra": 185.8591591,
      "dec": -17.9809503,
      "rb": 0.43571427,
      "rbversion": "t17_f5_c3",
      "drb": 0.4746751,
      "magapbig": 18.4986,
      "sigmagapbig": 0.1299,
      "rfid": 320120221,
      "has_stamp": true,
      "corrected": false,
      "dubious": false,
      "candid_alert": null,
      "step_id_corr": "1.1.6",
      "phase": 0.0,
      "parent_candid": null
    }
  ],
  "non_detections": [
    {
      "tid": "ztf",
      "mjd": 59903.53596059978,
      "fid": 2,
      "diffmaglim": 19.3572
    },
    {
      "tid": "ztf",
      "mjd": 59903.53850689996,
      "fid": 2,
      "diffmaglim": 19.4919
    },
    {
      "tid": "ztf",
      "mjd": 59903.54105320014,
      "fid": 2,
      "diffmaglim": 19.5002
    },
    {
      "tid": "ztf",
      "mjd": 59903.54361109994,
      "fid": 2,
      "diffmaglim": 19.5278
    },
    {
      "tid": "ztf",
      "mjd": 59903.546157400124,
      "fid": 2,
      "diffmaglim": 19.448
    },
    {
      "tid": "ztf",
      "mjd": 59904.53560189996,
      "fid": 2,
      "diffmaglim": 19.431
    },
    {
      "tid": "ztf",
      "mjd": 59904.538113399874,
      "fid": 2,
      "diffmaglim": 19.2998
    },
    {
      "tid": "ztf",
      "mjd": 59904.54062499991,
      "fid": 2,
      "diffmaglim": 19.307
    },
    {
      "tid": "ztf",
      "mjd": 59904.54313659994,
      "fid": 2,
      "diffmaglim": 19.4212
    },
    {
      "tid": "ztf",
      "mjd": 59904.545648099855,
      "fid": 2,
      "diffmaglim": 19.7287
    },
    {
      "tid": "ztf",
      "mjd": 59932.483020800166,
      "fid": 1,
      "diffmaglim": 19.8511
    },
    {
      "tid": "ztf",
      "mjd": 59934.53785880003,
      "fid": 1,
      "diffmaglim": 19.8338
    },
    {
      "tid": "ztf",
      "mjd": 59936.50265049981,
      "fid": 1,
      "diffmaglim": 19.9933
    },
    {
      "tid": "ztf",
      "mjd": 59951.46552080009,
      "fid": 1,
      "diffmaglim": 18.4254
    }
  ],
  "forced_detections": []
}