{
  "detections": [
    {
      "tid": "ztf",
      "mjd": 60284.21180560021,
      "candid": "2530211804415015002",
      "fid": 1,
      "pid": 2530211804415,
      "diffmaglim": 19.899448,
      "isdiffpos": 1,
      "nid": 2530,
      "distnr": 1.6695844,
      "magpsf": 18.866657,
      "magpsf_corr": null,
      "magpsf_corr_ext": null,
      "magap": 19.0487,
      "magap_corr": null,
      "sigmapsf": 0.09894709,
      "sigmapsf_corr": null,
      "sigmapsf_corr_ext": null,
      "sigmagap": 0.1602,
      "sigmagap_corr": null,
      "ra": 28.201514,
      "dec": -22.7430946,
      "rb": 0.93285716,
      "rbversion": "t17_f5_c3",
      "drb": 0.9999994,
      "magapbig": 18.9404,
      "sigmagapbig": 0.1837,
      "rfid": 249120144,
      "has_stamp": true,
      "corrected": false,
      "dubious": false,
      "candid_alert": null,
      "step_id_corr": "23.12.x",
      "phase": 0.0,
      "parent_candid": null
    },
    {
      "tid": "ztf",
      "mjd": 60288.27526619984,
      "candid": "2534275264415015004",
      "fid": 1,
      "pid": 2534275264415,
      "diffmaglim": 19.47871,
      "isdiffpos": 1,
      "nid": 2534,
      "distnr": 1.6870964,
      "magpsf": 18.780436,
      "magpsf_corr": null,
      "magpsf_corr_ext": null,
      "magap": 18.6439,
      "magap_corr": null,
      "sigmapsf": 0.11710234,
      "sigmapsf_corr": null,
      "sigmapsf_corr_ext": null,
      "sigmagap": 0.1336,
      "sigmagap_corr": null,
      "ra": 28.2015234,
      "dec": -22.7430658,
      "rb": 0.5557143,
      "rbversion": "t17_f5_c3",
      "drb": 0.9999076,
      "magapbig": 18.5298,
      "sigmagapbig": 0.1529,
      "rfid": 249120144,
      "has_stamp": true,
      "corrected": false,
      "dubious": false,
      "candid_alert": null,
      "step_id_corr": "23.12.x",
      "phase": 0.0,
      "parent_candid": null
    },
    {
      "tid": "ztf",
      "mjd": 60290.23101849994,
      "candid": "2536231014415015003",
      "fid": 1,
      "pid": 2536231014415,
      "diffmaglim": 20.10801,
      "isdiffpos": 1,
      "nid": 2536,
      "distnr": 1.7064935,
      "magpsf": 18.886131,
      "magpsf_corr": null,
      "magpsf_corr_ext": null,
      "magap": 18.5818,
      "magap_corr": null,
      "sigmapsf": 0.11627682,
      "sigmapsf_corr": null,
      "sigmapsf_corr_ext": null,
      "sigmagap": 0.1002,
      "sigmagap_corr": null,
      "ra": 28.2015283,
      "dec": -22.7430749,
      "rb": 0.8257143,
      "rbversion": "t17_f5_c3",
      "drb": 0.9999885,
      "magapbig": 18.5653,
      "sigmagapbig": 0.1244,
      "rfid": 249120144,
      "has_stamp": true,
      "corrected": false,
      "dubious": false,
      "candid_alert": null,
      "step_id_corr": "23.12.x",
      "phase": 0.0,
      "parent_candid": null
    }
  ],
  "non_detections": [
    {
      "tid": "ztf",
      "mjd": 60257.25295139989,
      "fid": 2,
      "diffmaglim": 19.4054
    },
    {
      "tid": "ztf",
      "mjd": 60257.293819400016,
      "fid": 1,
      "diffmaglim": 19.1611
    },
    {
      "tid": "ztf",
      "mjd": 60259.29256939981,
      "fid": 2,
      "diffmaglim": 19.6241
    },
    {
      "tid": "ztf",
      "mjd": 60259.36232639989,
      "fid": 1,
      "diffmaglim": 19.537
    },
    {
      "tid": "ztf",
      "mjd": 60261.272743099835,
      "fid": 2,
      "diffmaglim": 20.0829
    },
    {
      "tid": "ztf",
      "mjd": 60261.29414349981,
      "fid": 1,
      "diffmaglim": 20.0559
    },
    {
      "tid": "ztf",
      "mjd": 60288.20976850018,
      "fid": 2,
      "diffmaglim": 19.4047
    },
    {
      "tid": "ztf",
      "mjd": 60290.17089120019,
      "fid": 2,
      "diffmaglim": 19.9388
    }
  ],
  "forced_detections": [
    {
      "candid": "ZTF23abrzxeb2507294144415",
      "tid": "ztf",
      "pid": 2507294144415,
      "oid": "ZTF23abrzxeb",
      "mjd": 60261.29414349981,
      "fid": 1,
      "ra": 28.201514,
      "e_ra": null,
      "dec": -22.7430946,
      "e_dec": null,
      "mag": 22.56317710876465,
      "e_mag": 1.4740389585494995,
      "mag_corr": null,
      "e_mag_corr": null,
      "e_mag_corr_ext": null,
      "isdiffpos": 1,
      "corrected": false,
      "dubious": false,
      "parent_candid": 2530211804415015002,
      "has_stamp": false,
      "scibckgnd": 158.18099975585938,
      "exptime": 30.0,
      "magnr": 19.052000045776367,
      "scisigpix": 7.288060188293457,
      "adpctdif1": 0.11686299741268158,
      "sigmagnr": 0.10000000149011612,
      "magzpsci": 26.23390007019043,
      "adpctdif2": 0.11547800153493881,
      "chinr": 4.947999954223633,
      "diffmaglim": 20.05590057373047,
      "programid": 1,
      "sharpnr": 0.3059999942779541,
      "field": 249,
      "magzpsciunc": 3.7693800550187007e-05,
      "procstatus": "0",
      "rcid": 44,
      "magzpscirms": 0.03450360149145126,
      "distnr": 1.6909631490707397,
      "rfid": 249120144,
      "clrcoeff": -0.029634200036525726,
      "ranr": 28.201011657714844,
      "sciinpseeing": 2.6640000343322754,
      "clrcounc": 5.058110036770813e-05,
      "decnr": -22.74302101135254
    },
    {
      "candid": "ZTF23abrzxeb2507272744415",
      "tid": "ztf",
      "pid": 2507272744415,
      "oid": "ZTF23abrzxeb",
      "mjd": 60261.272743099835,
      "fid": 2,
      "ra": 28.201514,
      "e_ra": null,
      "dec": -22.7430946,
      "e_dec": null,
      "mag": 21.806379318237305,
      "e_mag": 0.6960976719856262,
      "mag_corr": null,
      "e_mag_corr": null,
      "e_mag_corr_ext": null,
      "isdiffpos": 1,
      "corrected": false,
      "dubious": false,
      "parent_candid": 2530211804415015002,
      "has_stamp": false,
      "scibckgnd": 377.6830139160156,
      "exptime": 30.0,
      "magnr": 17.115999221801758,
      "scisigpix": 8.05115032196045,
      "adpctdif1": 0.11499299854040146,
      "sigmagnr": 0.09200000017881393,
      "magzpsci": 26.270299911499023,
      "adpctdif2": 0.10337900370359421,
      "chinr": 5.584000110626221,
      "diffmaglim": 20.08289909362793,
      "programid": 1,
      "sharpnr": 0.4909999966621399,
      "field": 249,
      "magzpsciunc": 3.386109892744571e-05,
      "procstatus": "0",
      "rcid": 44,
      "magzpscirms": 0.033422600477933884,
      "distnr": 4.344892978668213,
      "rfid": 249120244,
      "clrcoeff": 0.12954799830913544,
      "ranr": 28.202783584594727,
      "sciinpseeing": 2.3684000968933105,
      "clrcounc": 4.130649904254824e-05,
      "decnr": -22.743385314941406
    },
    {
      "candid": "ZTF23abrzxeb2505362324415",
      "tid": "ztf",
      "pid": 2505362324415,
      "oid": "ZTF23abrzxeb",
      "mjd": 60259.36232639989,
      "fid": 1,
      "ra": 28.201514,
      "e_ra": null,
      "dec": -22.7430946,
      "e_dec": null,
      "mag": 22.417362213134766,
      "e_mag": 2.053537368774414,
      "mag_corr": null,
      "e_mag_corr": null,
      "e_mag_corr_ext": null,
      "isdiffpos": -1,
      "corrected": false,
      "dubious": true,
      "parent_candid": 2530211804415015002,
      "has_stamp": false,
      "scibckgnd": 143.01699829101562,
      "exptime": 30.0,
      "magnr": 19.052000045776367,
      "scisigpix": 8.807169914245605,
      "adpctdif1": 0.1419910043478012,
      "sigmagnr": 0.10000000149011612,
      "magzpsci": 26.136699676513672,
      "adpctdif2": 0.13283699750900269,
      "chinr": 4.947999954223633,
      "diffmaglim": 19.53700065612793,
      "programid": 1,
      "sharpnr": 0.3059999942779541,
      "field": 249,
      "magzpsciunc": 5.637199865304865e-05,
      "procstatus": "0",
      "rcid": 44,
      "magzpscirms": 0.03937460109591484,
      "distnr": 1.6909631490707397,
      "rfid": 249120144,
      "clrcoeff": -0.04563850164413452,
      "ranr": 28.201011657714844,
      "sciinpseeing": 3.182800054550171,
      "clrcounc": 8.932330092648044e-05,
      "decnr": -22.74302101135254
    },
    {
      "candid": "ZTF23abrzxeb2503293814415",
      "tid": "ztf",
      "pid": 2503293814415,