{
  "detections": [
    {
      "tid": "ztf",
      "mjd": 59600.46442130022,
      "candid": "1846464420615015000",
      "fid": 1,
      "pid": 1846464420615,
      "diffmaglim": 19.252802,
      "isdiffpos": 1,
      "nid": 1846,
      "distnr": 2.5161972,
      "magpsf": 18.936562,
      "magpsf_corr": null,
      "magpsf_corr_ext": null,
      "magap": 19.112,
      "magap_corr": null,
      "sigmapsf": 0.14944012,
      "sigmapsf_corr": null,
      "sigmapsf_corr_ext": null,
      "sigmagap": 0.303,
      "sigmagap_corr": null,
      "ra": 221.2957169,
      "dec": -5.7356711,
      "rb": 0.9185714,
      "rbversion": "t17_f5_c3",
      "drb": 0.9998398,
      "magapbig": 19.2996,
      "sigmagapbig": 0.462,
      "rfid": 427120106,
      "has_stamp": true,
      "corrected": false,
      "dubious": false,
      "candid_alert": null,
      "step_id_corr": "correction_1.0.6",
      "phase": 0.0,
      "parent_candid": null
    },
    {
      "tid": "ztf",
      "mjd": 59623.4601619998,
      "candid": "1869460160615015003",
      "fid": 2,
      "pid": 1869460160615,
      "diffmaglim": 19.83199,
      "isdiffpos": 1,
      "nid": 1869,
      "distnr": 3.5881395,
      "magpsf": 18.678787,
      "magpsf_corr": null,
      "magpsf_corr_ext": null,
      "magap": 18.619,
      "magap_corr": null,
      "sigmapsf": 0.10752582,
      "sigmapsf_corr": null,
      "sigmapsf_corr_ext": null,
      "sigmagap": 0.1264,
      "sigmagap_corr": null,
      "ra": 221.2957096,
      "dec": -5.7356601,
      "rb": 0.89285713,
      "rbversion": "t17_f5_c3",
      "drb": 0.9999901,
      "magapbig": 18.5157,
      "sigmagapbig": 0.1467,
      "rfid": 427120206,
      "has_stamp": true,
      "corrected": false,
      "dubious": false,
      "candid_alert": null,
      "step_id_corr": "correction_1.0.6",
      "phase": 0.0,
      "parent_candid": null
    },
    {
      "tid": "ztf",
      "mjd": 59623.52194439992,
      "candid": "1869521940615015004",
      "fid": 1,
      "pid": 1869521940615,
      "diffmaglim": 20.00236,
      "isdiffpos": 1,
      "nid": 1869,
      "distnr": 2.3524334,
      "magpsf": 19.141548,
      "magpsf_corr": null,
      "magpsf_corr_ext": null,
      "magap": 18.8258,
      "magap_corr": null,
      "sigmapsf": 0.09824491,
      "sigmapsf_corr": null,
      "sigmapsf_corr_ext": null,
      "sigmagap": 0.1232,
      "sigmagap_corr": null,
      "ra": 221.2957484,
      "dec": -5.7356369,
      "rb": 0.80285716,
      "rbversion": "t17_f5_c3",
      "drb": 0.99989426,
      "magapbig": 18.6867,
      "sigmagapbig": 0.1385,
      "rfid": 427120106,
      "has_stamp": true,
      "corrected": false,
      "dubious": false,
      "candid_alert": null,
      "step_id_corr": "correction_1.0.6",
      "phase": 0.0,
      "parent_candid": null
    },
    {
      "tid": "ztf",
      "mjd": 59625.46344910003,
      "candid": "1871463440615015001",
      "fid": 2,
      "pid": 1871463440615,
      "diffmaglim": 19.66389,
      "isdiffpos": 1,
      "nid": 1871,
      "distnr": 3.736608,
      "magpsf": 18.653116,
      "magpsf_corr": null,
      "magpsf_corr_ext": null,
      "magap": 18.8242,
      "magap_corr": null,
      "sigmapsf": 0.0900674,
      "sigmapsf_corr": null,
      "sigmapsf_corr_ext": null,
      "sigmagap": 0.175,
      "sigmagap_corr": null,
      "ra": 221.295754,
      "dec": -5.7356666,
      "rb": 0.92285717,
      "rbversion": "t17_f5_c3",
      "drb": 0.9999981,
      "magapbig": 18.8486,
      "sigmagapbig": 0.2289,
      "rfid": 427120206,
      "has_stamp": true,
      "corrected": false,
      "dubious": false,
      "candid_alert": null,
      "step_id_corr": "correction_1.0.6",
      "phase": 0.0,
      "parent_candid": null
    },
    {
      "tid": "ztf",
      "mjd": 59625.504513899796,
      "candid": "1871504510615015001",
      "fid": 1,
      "pid": 1871504510615,
      "diffmaglim": 19.414782,
      "isdiffpos": 1,
      "nid": 1871,
      "distnr": 2.428909,
      "magpsf": 18.986498,
      "magpsf_corr": null,
      "magpsf_corr_ext": null,
      "magap": 18.8378,
      "magap_corr": null,
      "sigmapsf": 0.11655218,
      "sigmapsf_corr": null,
      "sigmapsf_corr_ext": null,
      "sigmagap": 0.2009,
      "sigmagap_corr": null,
      "ra": 221.2957384,
      "dec": -5.7356588,
      "rb": 0.88714284,
      "rbversion": "t17_f5_c3",
      "drb": 0.99997854,
      "magapbig": 18.9455,
      "sigmagapbig": 0.2843,
      "rfid": 427120106,
      "has_stamp": true,
      "corrected": false,
      "dubious": false,
      "candid_alert": null,
      "step_id_corr": "correction_1.0.6",
      "phase": 0.0,
      "parent_candid": null
    },
    {
      "tid": "ztf",
      "mjd": 59628.441666699946,
      "candid": "1874441660615015017",
      "fid": 2,
      "pid": 1874441660615,
      "diffmaglim": 18.8636,
      "isdiffpos": 1,
      "nid": 1874,
      "distnr": 3.35326,
      "magpsf": 18.7623,
      "magpsf_corr": null,
      "magpsf_corr_ext": null,
      "magap": 18.889,
      "magap_corr": null,
      "sigmapsf": 0.248045,
      "sigmapsf_corr": null,
      "sigmapsf_corr_ext": null,
      "sigmagap": 0.2361,
      "sigmagap_corr": null,
      "ra": 221.2955957,
      "dec": -5.7357523,
      "rb": 0.401429,
      "rbversion": "t17_f5_c3",
      "drb": null,
      "magapbig": 18.833,
      "sigmagapbig": 0.2876,
      "rfid": null,
      "has_stamp": false,
      "corrected": false,
      "dubious": false,
      "candid_alert": null,
      "step_id_corr": "correction_1.0.6",
      "phase": 0.0,
      "parent_candid": 1876358150615015013
    },
    {
      "tid": "ztf",
      "mjd": 59630.35815969994,
      "candid": "1876358150615015013",
      "fid": 2,
      "pid": 1876358150615,
      "diffmaglim": 19.354479,
      "isdiffpos": 1,
      "nid": 1876,
      "distnr": 3.606486,
      "magpsf": 18.72607,
      "magpsf_corr": null,
      "magpsf_corr_ext": null,
      "magap": 18.7276,
      "magap_corr": null,
      "sigmapsf": 0.123039685,
      "sigmapsf_corr": null,
      "sigmapsf_corr_ext": null,
      "sigmagap": 0.2424,
      "sigmagap_corr": null,
      "ra": 221.2957379,
      "dec": -5.7356142,
      "rb": 0.81285715,
      "rbversion": "t17_f5_c3",
      "drb": 0.9999541,
      "magapbig": 18.5647,
      "sigmagapbig": 0.2676,
      "rfid": 427120206,
      "has_stamp": true,
      "corrected": false,
      "dubious": false,
      "candid_alert": null,
      "step_id_corr": "correction_1.0.6",
      "phase": 0.0,
      "parent_candid": null
    },
    {
      "tid": "ztf",
      "mjd": 59637.419999999925,
      "candid": "1883419990615015010",
      "fid": 2,
      "pid": 1883419990615,
      "diffmaglim": 19.743048,
      "isdiffpos": 1,
      "nid": 1883,
      "distnr": 3.5955825,
      "magpsf": 18.809687,
      "magpsf_corr": null,
      "magpsf_corr_ext": null,
      "magap": 19.0563,
      "magap_corr": null,
      "sigmapsf": 0.07411513,
      "sigmapsf_corr": null,
      "sigmapsf_corr_ext": null,
      "sigmagap": 0.1847,
      "sigmagap_corr": null,
      "ra": 221.2957066,
      "dec": -5.7356776,
      "rb": 0.9028571,
      "rbversion": "t17_f5_c3",
      "drb": 0.999964,
      "magapbig": 19.2145,
      "sigmagapbig": 0.2728,
      "rfid": 427120206,
      "has_stamp": true,
      "corrected": false,
      "dubious": false,
      "candid_alert": null,
      "step_id_corr": "correction_1.0.6",
      "phase": 0.0,
      "parent_candid": null
    },
    {
      "tid": "ztf",
      "mjd": 59639.4196295999,
      "candid": "1885419620615015002",
      "fid": 1,
      "pid": 1885419620615,
      "diffmaglim": 19.838024,
      "isdiffpos": 1,
      "nid": 1885,
      "distnr": 2.6784954,
      "magpsf": 19.557287,
      "magpsf_corr": null,
      "magpsf_corr_ext": null,
      "magap": 19.5895,
      "magap_corr": null,
      "sigmapsf": 0.21585515,
      "sigmapsf_corr": null,
      "sigmapsf_corr_ext": null,
      "sigmagap": 0.1939,
      "sigmagap_corr": null,