{
  "detections": [
    {
      "tid": "ztf",
      "mjd": 59898.44190970017,
      "candid": "2144441901015015002",
      "fid": 1,
      "pid": 2144441901015,
      "diffmaglim": 19.44965,
      "isdiffpos": 1,
      "nid": 2144,
      "distnr": 1.5277532,
      "magpsf": 18.571651,
      "magpsf_corr": null,
      "magpsf_corr_ext": null,
      "magap": 18.7928,
      "magap_corr": null,
      "sigmapsf": 0.110001534,
      "sigmapsf_corr": null,
      "sigmapsf_corr_ext": null,
      "sigmagap": 0.1851,
      "sigmagap_corr": null,
      "ra": 134.2756092,
      "dec": -20.0331575,
      "rb": 0.8371429,
      "rbversion": "t17_f5_c3",
      "drb": 0.99998295,
      "magapbig": 18.6486,
      "sigmagapbig": 0.205,
      "rfid": 313120110,
      "has_stamp": true,
      "corrected": false,
      "dubious": false,
      "candid_alert": null,
      "step_id_corr": "1.1.6",
      "phase": 0.0,
      "parent_candid": null
    },
    {
      "tid": "ztf",
      "mjd": 59898.47134259995,
      "candid": "2144471341015015003",
      "fid": 2,
      "pid": 2144471341015,
      "diffmaglim": 19.739626,
      "isdiffpos": 1,
      "nid": 2144,
      "distnr": 0.9589199,
      "magpsf": 18.608992,
      "magpsf_corr": 16.947998,
      "magpsf_corr_ext": null,
      "magap": 19.0398,
      "magap_corr": null,
      "sigmapsf": 0.11688346,
      "sigmapsf_corr": 100.0,
      "sigmapsf_corr_ext": 0.025313677,
      "sigmagap": 0.2341,
      "sigmagap_corr": null,
      "ra": 134.2756523,
      "dec": -20.0332046,
      "rb": 0.8442857,
      "rbversion": "t17_f5_c3",
      "drb": 0.9999008,
      "magapbig": 18.9612,
      "sigmagapbig": 0.2698,
      "rfid": 313120210,
      "has_stamp": true,
      "corrected": true,
      "dubious": false,
      "candid_alert": null,
      "step_id_corr": "1.1.6",
      "phase": 0.0,
      "parent_candid": null
    },
    {
      "tid": "ztf",
      "mjd": 59901.503842600156,
      "candid": "2147503841015015000",
      "fid": 1,
      "pid": 2147503841015,
      "diffmaglim": 19.825096,
      "isdiffpos": 1,
      "nid": 2147,
      "distnr": 1.2939843,
      "magpsf": 18.446682,
      "magpsf_corr": 17.313622,
      "magpsf_corr_ext": null,
      "magap": 18.5893,
      "magap_corr": null,
      "sigmapsf": 0.10804673,
      "sigmapsf_corr": 100.0,
      "sigmapsf_corr_ext": 0.038052853,
      "sigmagap": 0.1016,
      "sigmagap_corr": null,
      "ra": 134.2756784,
      "dec": -20.0331582,
      "rb": 0.7242857,
      "rbversion": "t17_f5_c3",
      "drb": 0.9999676,
      "magapbig": 18.7048,
      "sigmagapbig": 0.1407,
      "rfid": 313120110,
      "has_stamp": true,
      "corrected": true,
      "dubious": true,
      "candid_alert": null,
      "step_id_corr": "1.1.6",
      "phase": 0.0,
      "parent_candid": null
    },
    {
      "tid": "ztf",
      "mjd": 59902.46152780019,
      "candid": "2148461521015015000",
      "fid": 1,
      "pid": 2148461521015,
      "diffmaglim": 19.506887,
      "isdiffpos": 1,
      "nid": 2148,
      "distnr": 0.99652684,
      "magpsf": 18.727682,
      "magpsf_corr": 17.404516,
      "magpsf_corr_ext": null,
      "magap": 18.6126,
      "magap_corr": null,
      "sigmapsf": 0.14926162,
      "sigmapsf_corr": 100.0,
      "sigmapsf_corr_ext": 0.04412474,
      "sigmagap": 0.1146,
      "sigmagap_corr": null,
      "ra": 134.2757793,
      "dec": -20.033304,
      "rb": 0.54714286,
      "rbversion": "t17_f5_c3",
      "drb": 0.99883735,
      "magapbig": 18.5937,
      "sigmagapbig": 0.1394,
      "rfid": 313120110,
      "has_stamp": true,
      "corrected": true,
      "dubious": true,
      "candid_alert": null,
      "step_id_corr": "1.1.6",
      "phase": 0.0,
      "parent_candid": null
    },
    {
      "tid": "ztf",
      "mjd": 59903.48156249989,
      "candid": "2149481561015015001",
      "fid": 2,
      "pid": 2149481561015,
      "diffmaglim": 19.7637,
      "isdiffpos": 1,
      "nid": 2149,
      "distnr": 0.823275,
      "magpsf": 18.342,
      "magpsf_corr": 16.884346,
      "magpsf_corr_ext": null,
      "magap": 17.8913,
      "magap_corr": null,
      "sigmapsf": 0.10219,
      "sigmapsf_corr": 100.0,
      "sigmapsf_corr_ext": 0.026689932,
      "sigmagap": 0.0763,
      "sigmagap_corr": null,
      "ra": 134.2757049,
      "dec": -20.0332572,
      "rb": 0.58,
      "rbversion": "t17_f5_c3",
      "drb": null,
      "magapbig": 17.8273,
      "sigmagapbig": 0.0864,
      "rfid": null,
      "has_stamp": false,
      "corrected": true,
      "dubious": false,
      "candid_alert": null,
      "step_id_corr": "1.1.6",
      "phase": 0.0,
      "parent_candid": 2149520541015015000
    },
    {
      "tid": "ztf",
      "mjd": 59903.52054399997,
      "candid": "2149520541015015000",
      "fid": 1,
      "pid": 2149520541015,
      "diffmaglim": 19.900232,
      "isdiffpos": 1,
      "nid": 2149,
      "distnr": 1.4852865,
      "magpsf": 18.519596,
      "magpsf_corr": null,
      "magpsf_corr_ext": null,
      "magap": 18.6922,
      "magap_corr": null,
      "sigmapsf": 0.08664197,
      "sigmapsf_corr": null,
      "sigmapsf_corr_ext": null,
      "sigmagap": 0.1126,
      "sigmagap_corr": null,
      "ra": 134.2756254,
      "dec": -20.03314,
      "rb": 0.87714285,
      "rbversion": "t17_f5_c3",
      "drb": 0.99999994,
      "magapbig": 18.8991,
      "sigmagapbig": 0.1688,
      "rfid": 313120110,
      "has_stamp": true,
      "corrected": false,
      "dubious": false,
      "candid_alert": null,
      "step_id_corr": "1.1.6",
      "phase": 0.0,
      "parent_candid": null
    },
    {
      "tid": "ztf",
      "mjd": 59909.4192476999,
      "candid": "2155419241015015003",
      "fid": 2,
      "pid": 2155419241015,
      "diffmaglim": 20.0739,
      "isdiffpos": 1,
      "nid": 2155,
      "distnr": 0.973529,
      "magpsf": 18.3797,
      "magpsf_corr": 16.894068,
      "magpsf_corr_ext": null,
      "magap": 18.1776,
      "magap_corr": null,
      "sigmapsf": 0.070413,
      "sigmapsf_corr": 100.0,
      "sigmapsf_corr_ext": 0.017922562,
      "sigmagap": 0.0946,
      "sigmagap_corr": null,
      "ra": 134.2756686,
      "dec": -20.0332052,
      "rb": 0.898571,
      "rbversion": "t17_f5_c3",
      "drb": null,
      "magapbig": 18.113,
      "sigmagapbig": 0.1082,
      "rfid": null,
      "has_stamp": false,
      "corrected": true,
      "dubious": false,
      "candid_alert": null,
      "step_id_corr": "1.1.6",
      "phase": 0.0,
      "parent_candid": 2156497291015015000
    },
    {
      "tid": "ztf",
      "mjd": 59910.49729169998,
      "candid": "2156497291015015001",
      "fid": 1,
      "pid": 2156497291015,
      "diffmaglim": 19.968565,
      "isdiffpos": 1,
      "nid": 2156,
      "distnr": 1.4872464,
      "magpsf": 18.667635,
      "magpsf_corr": null,
      "magpsf_corr_ext": null,
      "magap": 18.6782,
      "magap_corr": null,
      "sigmapsf": 0.09518199,
      "sigmapsf_corr": null,
      "sigmapsf_corr_ext": null,
      "sigmagap": 0.1048,
      "sigmagap_corr": null,
      "ra": 134.2756176,
      "dec": -20.0332014,
      "rb": 0.56285715,
      "rbversion": "t17_f5_c3",
      "drb": 0.9999679,
      "magapbig": 18.7203,
      "sigmagapbig": 0.1354,
      "rfid": 313120110,
      "has_stamp": true,
      "corrected": false,
      "dubious": false,
      "candid_alert": null,
      "step_id_corr": "1.1.6",
      "phase": 0.0,
      "parent_candid": null
    },
    {
      "tid": "ztf",
      "mjd": 59914.43793979986,
      "candid": "2160437931015015005",
      "fid": 2,
      "pid": 2160437931015,
      "diffmaglim": 20.220121,
      "isdiffpos": 1,
      "nid": 2160,
      "distnr": 0.9255275,
      "magpsf": 18.4222,
      "magpsf_corr": 16.904728,
      "magpsf_corr_ext": null,
      "magap": 18.3015,
      "magap_corr": null,
      "sigmapsf": 0.078758955,
      "sigmapsf_corr": 100.0,
      "sigmapsf_corr_ext": 0.019467566,
      "sigmagap": 0.0922,
      "sigmagap_corr": null,