{
  "detections": [
    {
      "tid": "ztf",
      "mjd": 60170.42047449993,
      "candid": "2416420473315015000",
      "fid": 2,
      "pid": 2416420473315,
      "diffmaglim": 20.1809,
      "isdiffpos": 1,
      "nid": 2416,
      "distnr": 0.760032,
      "magpsf": 20.3275,
      "magpsf_corr": 19.621626,
      "magpsf_corr_ext": null,
      "magap": 20.155,
      "magap_corr": null,
      "sigmapsf": 0.274825,
      "sigmapsf_corr": 0.13438445,
      "sigmapsf_corr_ext": 0.14345199,
      "sigmagap": 0.3728,
      "sigmagap_corr": null,
      "ra": 39.3375577,
      "dec": -15.4223474,
      "rb": 0.638571,
      "rbversion": "t17_f5_c3",
      "drb": null,
      "magapbig": 20.278,
      "sigmagapbig": 0.5351,
      "rfid": null,
      "has_stamp": false,
      "corrected": true,
      "dubious": false,
      "candid_alert": null,
      "step_id_corr": "1.2.0",
      "phase": 0.0,
      "parent_candid": 2431481643315015000
    },
    {
      "tid": "ztf",
      "mjd": 60179.39877310023,
      "candid": "2425398773315015000",
      "fid": 2,
      "pid": 2425398773315,
      "diffmaglim": 20.0959,
      "isdiffpos": 1,
      "nid": 2425,
      "distnr": 0.110632,
      "magpsf": 20.4392,
      "magpsf_corr": 19.678495,
      "magpsf_corr_ext": null,
      "magap": 20.0007,
      "magap_corr": null,
      "sigmapsf": 0.251689,
      "sigmapsf_corr": 0.113154374,
      "sigmapsf_corr_ext": 0.12490571,
      "sigmagap": 0.33,
      "sigmagap_corr": null,
      "ra": 39.3373303,
      "dec": -15.4223304,
      "rb": 0.502857,
      "rbversion": "t17_f5_c3",
      "drb": null,
      "magapbig": 19.6913,
      "sigmagapbig": 0.3187,
      "rfid": null,
      "has_stamp": false,
      "corrected": true,
      "dubious": false,
      "candid_alert": null,
      "step_id_corr": "1.2.0",
      "phase": 0.0,
      "parent_candid": 2431481643315015000
    },
    {
      "tid": "ztf",
      "mjd": 60183.46302080015,
      "candid": "2429463023315015000",
      "fid": 2,
      "pid": 2429463023315,
      "diffmaglim": 20.2426,
      "isdiffpos": 1,
      "nid": 2429,
      "distnr": 0.363085,
      "magpsf": 20.3106,
      "magpsf_corr": 19.612772,
      "magpsf_corr_ext": null,
      "magap": 20.4199,
      "magap_corr": null,
      "sigmapsf": 0.244465,
      "sigmapsf_corr": 0.1185224,
      "sigmapsf_corr_ext": 0.12855387,
      "sigmagap": 0.435,
      "sigmagap_corr": null,
      "ra": 39.3373926,
      "dec": -15.4223904,
      "rb": 0.648571,
      "rbversion": "t17_f5_c3",
      "drb": null,
      "magapbig": 20.8045,
      "sigmagapbig": 0.7942,
      "rfid": null,
      "has_stamp": false,
      "corrected": true,
      "dubious": false,
      "candid_alert": null,
      "step_id_corr": "1.2.0",
      "phase": 0.0,
      "parent_candid": 2431481643315015000
    },
    {
      "tid": "ztf",
      "mjd": 60185.48164349981,
      "candid": "2431481643315015002",
      "fid": 2,
      "pid": 2431481643315,
      "diffmaglim": 20.263609,
      "isdiffpos": 1,
      "nid": 2431,
      "distnr": 0.38239837,
      "magpsf": 20.37845,
      "magpsf_corr": 19.647923,
      "magpsf_corr_ext": null,
      "magap": 20.3828,
      "magap_corr": null,
      "sigmapsf": 0.17976862,
      "sigmapsf_corr": 0.075958654,
      "sigmapsf_corr_ext": 0.09172812,
      "sigmagap": 0.4217,
      "sigmagap_corr": null,
      "ra": 39.3374211,
      "dec": -15.4223761,
      "rb": 0.7342857,
      "rbversion": "t17_f5_c3",
      "drb": 0.99967575,
      "magapbig": 20.7036,
      "sigmagapbig": 0.7264,
      "rfid": 299120233,
      "has_stamp": true,
      "corrected": true,
      "dubious": false,
      "candid_alert": null,
      "step_id_corr": "1.2.0",
      "phase": 0.0,
      "parent_candid": null
    },
    {
      "tid": "ztf",
      "mjd": 60196.45853010006,
      "candid": "2442458533315015000",
      "fid": 2,
      "pid": 2442458533315,
      "diffmaglim": 20.3362,
      "isdiffpos": 1,
      "nid": 2442,
      "distnr": 0.565522,
      "magpsf": 20.4006,
      "magpsf_corr": 19.659168,
      "magpsf_corr_ext": null,
      "magap": 20.2505,
      "magap_corr": null,
      "sigmapsf": 0.229888,
      "sigmapsf_corr": 0.10385769,
      "sigmapsf_corr_ext": 0.116129674,
      "sigmagap": 0.3808,
      "sigmagap_corr": null,
      "ra": 39.3374941,
      "dec": -15.4223607,
      "rb": 0.742857,
      "rbversion": "t17_f5_c3",
      "drb": null,
      "magapbig": 20.3046,
      "sigmagapbig": 0.5135,
      "rfid": null,
      "has_stamp": false,
      "corrected": true,
      "dubious": false,
      "candid_alert": null,
      "step_id_corr": "1.2.1",
      "phase": 0.0,
      "parent_candid": 2446432633315015000
    },
    {
      "tid": "ztf",
      "mjd": 60200.43263889989,
      "candid": "2446432633315015002",
      "fid": 2,
      "pid": 2446432633315,
      "diffmaglim": 20.445679,
      "isdiffpos": 1,
      "nid": 2446,
      "distnr": 0.44314036,
      "magpsf": 20.50941,
      "magpsf_corr": 19.71277,
      "magpsf_corr_ext": null,
      "magap": 20.5439,
      "magap_corr": null,
      "sigmapsf": 0.21469778,
      "sigmapsf_corr": 0.08743853,
      "sigmapsf_corr_ext": 0.103079356,
      "sigmagap": 0.4174,
      "sigmagap_corr": null,
      "ra": 39.3374661,
      "dec": -15.4223331,
      "rb": 0.8414286,
      "rbversion": "t17_f5_c3",
      "drb": 0.9998472,
      "magapbig": 20.8086,
      "sigmagapbig": 0.6822,
      "rfid": 299120233,
      "has_stamp": true,
      "corrected": true,
      "dubious": false,
      "candid_alert": null,
      "step_id_corr": "1.2.1",
      "phase": 0.0,
      "parent_candid": null
    },
    {
      "tid": "ztf",
      "mjd": 60204.41737269983,
      "candid": "2450417373315015003",
      "fid": 2,
      "pid": 2450417373315,
      "diffmaglim": 20.647,
      "isdiffpos": 1,
      "nid": 2450,
      "distnr": 0.467965,
      "magpsf": 20.3986,
      "magpsf_corr": 19.658157,
      "magpsf_corr_ext": null,
      "magap": 20.4448,
      "magap_corr": null,
      "sigmapsf": 0.226319,
      "sigmapsf_corr": 0.10197941,
      "sigmapsf_corr_ext": 0.114431016,
      "sigmagap": 0.3406,
      "sigmagap_corr": null,
      "ra": 39.3374515,
      "dec": -15.4223786,
      "rb": 0.702857,
      "rbversion": "t17_f5_c3",
      "drb": null,
      "magapbig": 20.3699,
      "sigmagapbig": 0.4073,
      "rfid": null,
      "has_stamp": false,
      "corrected": true,
      "dubious": false,
      "candid_alert": null,
      "step_id_corr": "1.2.1",
      "phase": 0.0,
      "parent_candid": 2457420943315015000
    },
    {
      "tid": "ztf",
      "mjd": 60211.42094910005,
      "candid": "2457420943315015005",
      "fid": 2,
      "pid": 2457420943315,
      "diffmaglim": 20.491495,
      "isdiffpos": 1,
      "nid": 2457,
      "distnr": 0.7356084,
      "magpsf": 20.619862,
      "magpsf_corr": 19.7644,
      "magpsf_corr_ext": null,
      "magap": 21.1673,
      "magap_corr": null,
      "sigmapsf": 0.21429975,
      "sigmapsf_corr": 0.078878105,
      "sigmapsf_corr_ext": 0.097462416,
      "sigmagap": 0.7518,
      "sigmagap_corr": null,
      "ra": 39.3375184,
      "dec": -15.4224176,
      "rb": 0.7242857,
      "rbversion": "t17_f5_c3",
      "drb": 0.99999774,
      "magapbig": 21.2709,
      "sigmagapbig": 1.0614,
      "rfid": 299120233,
      "has_stamp": true,
      "corrected": true,
      "dubious": false,
      "candid_alert": null,
      "step_id_corr": "1.2.1",
      "phase": 0.0,
      "parent_candid": null
    }
  ],
  "non_detections": [
    {
      "tid": "ztf",
      "mjd": 60159.44223379996,
      "fid": 1,
      "diffmaglim": 18.8688
    },
    {
      "tid": "ztf",
      "mjd": 60162.44581020018,
      "fid": 2,
      "diffmaglim": 19.5924
    },
    {
      "tid": "ztf",
      "mjd": 60162.46377310017,
      "fid": 1,
      "diffmaglim": 19.5662
    },
    {
      "tid": "ztf",
      "mjd": 60168.436747699976,
      "fid": 1,
      "diffmaglim": 20.3138
    },
    {
      "tid": "ztf",