{
  "detections": [
    {
      "tid": "ztf",
      "mjd": 59913.22241900023,
      "candid": "2159222412115015008",
      "fid": 1,
      "pid": 2159222412115,
      "diffmaglim": 20.0361,
      "isdiffpos": 1,
      "nid": 2159,
      "distnr": 1.65811,
      "magpsf": 20.3395,
      "magpsf_corr": null,
      "magpsf_corr_ext": null,
      "magap": 20.6722,
      "magap_corr": null,
      "sigmapsf": 0.365746,
      "sigmapsf_corr": null,
      "sigmapsf_corr_ext": null,
      "sigmagap": 0.6754,
      "sigmagap_corr": null,
      "ra": 37.6799323,
      "dec": -2.9324318,
      "rb": 0.841429,
      "rbversion": "t17_f5_c3",
      "drb": null,
      "magapbig": 20.2782,
      "sigmagapbig": 0.5993,
      "rfid": null,
      "has_stamp": false,
      "corrected": false,
      "dubious": false,
      "candid_alert": null,
      "step_id_corr": "1.1.6",
      "phase": 0.0,
      "parent_candid": 2159252192115015000
    },
    {
      "tid": "ztf",
      "mjd": 59913.252199099865,
      "candid": "2159252192115015007",
      "fid": 2,
      "pid": 2159252192115,
      "diffmaglim": 19.836462,
      "isdiffpos": 1,
      "nid": 2159,
      "distnr": 1.5135584,
      "magpsf": 18.972008,
      "magpsf_corr": null,
      "magpsf_corr_ext": null,
      "magap": 18.9725,
      "magap_corr": null,
      "sigmapsf": 0.1386326,
      "sigmapsf_corr": null,
      "sigmapsf_corr_ext": null,
      "sigmagap": 0.1671,
      "sigmagap_corr": null,
      "ra": 37.6798263,
      "dec": -2.9325049,
      "rb": 0.7871429,
      "rbversion": "t17_f5_c3",
      "drb": 0.9998549,
      "magapbig": 18.981,
      "sigmagapbig": 0.2125,
      "rfid": 401120221,
      "has_stamp": true,
      "corrected": false,
      "dubious": false,
      "candid_alert": null,
      "step_id_corr": "1.1.6",
      "phase": 0.0,
      "parent_candid": null
    },
    {
      "tid": "ztf",
      "mjd": 59928.16958330013,
      "candid": "2174169582115015004",
      "fid": 2,
      "pid": 2174169582115,
      "diffmaglim": 20.109013,
      "isdiffpos": 1,
      "nid": 2174,
      "distnr": 1.5200968,
      "magpsf": 18.601572,
      "magpsf_corr": null,
      "magpsf_corr_ext": null,
      "magap": 18.5717,
      "magap_corr": null,
      "sigmapsf": 0.06789341,
      "sigmapsf_corr": null,
      "sigmapsf_corr_ext": null,
      "sigmagap": 0.1086,
      "sigmagap_corr": null,
      "ra": 37.6797993,
      "dec": -2.93252,
      "rb": 0.9442857,
      "rbversion": "t17_f5_c3",
      "drb": 0.9999999,
      "magapbig": 18.6955,
      "sigmagapbig": 0.1526,
      "rfid": 401120221,
      "has_stamp": true,
      "corrected": false,
      "dubious": false,
      "candid_alert": null,
      "step_id_corr": "1.1.6",
      "phase": 0.0,
      "parent_candid": null
    },
    {
      "tid": "ztf",
      "mjd": 59930.21028940007,
      "candid": "2176210282115015001",
      "fid": 1,
      "pid": 2176210282115,
      "diffmaglim": 20.322,
      "isdiffpos": 1,
      "nid": 2176,
      "distnr": 2.49173,
      "magpsf": 20.2058,
      "magpsf_corr": null,
      "magpsf_corr_ext": null,
      "magap": 20.4263,
      "magap_corr": null,
      "sigmapsf": 0.242867,
      "sigmapsf_corr": null,
      "sigmapsf_corr_ext": null,
      "sigmagap": 0.4631,
      "sigmagap_corr": null,
      "ra": 37.6796806,
      "dec": -2.9324927,
      "rb": 0.875714,
      "rbversion": "t17_f5_c3",
      "drb": null,
      "magapbig": 20.2685,
      "sigmagapbig": 0.5078,
      "rfid": null,
      "has_stamp": false,
      "corrected": false,
      "dubious": false,
      "candid_alert": null,
      "step_id_corr": "1.1.6",
      "phase": 0.0,
      "parent_candid": 2176274072115015000
    },
    {
      "tid": "ztf",
      "mjd": 59930.27407409996,
      "candid": "2176274072115015002",
      "fid": 2,
      "pid": 2176274072115,
      "diffmaglim": 19.965158,
      "isdiffpos": 1,
      "nid": 2176,
      "distnr": 1.5325965,
      "magpsf": 18.630873,
      "magpsf_corr": null,
      "magpsf_corr_ext": null,
      "magap": 18.4609,
      "magap_corr": null,
      "sigmapsf": 0.085187554,
      "sigmapsf_corr": null,
      "sigmapsf_corr_ext": null,
      "sigmagap": 0.104,
      "sigmagap_corr": null,
      "ra": 37.6798359,
      "dec": -2.9325056,
      "rb": 0.88,
      "rbversion": "t17_f5_c3",
      "drb": 0.9999989,
      "magapbig": 18.3234,
      "sigmagapbig": 0.1154,
      "rfid": 401120221,
      "has_stamp": true,
      "corrected": false,
      "dubious": false,
      "candid_alert": null,
      "step_id_corr": "1.1.6",
      "phase": 0.0,
      "parent_candid": null
    },
    {
      "tid": "ztf",
      "mjd": 59933.14793979982,
      "candid": "2179147932115015001",
      "fid": 2,
      "pid": 2179147932115,
      "diffmaglim": 19.9392,
      "isdiffpos": 1,
      "nid": 2179,
      "distnr": 1.5624095,
      "magpsf": 18.590412,
      "magpsf_corr": null,
      "magpsf_corr_ext": null,
      "magap": 18.4416,
      "magap_corr": null,
      "sigmapsf": 0.06661919,
      "sigmapsf_corr": null,
      "sigmapsf_corr_ext": null,
      "sigmagap": 0.1205,
      "sigmagap_corr": null,
      "ra": 37.6798466,
      "dec": -2.9325085,
      "rb": 0.9628571,
      "rbversion": "t17_f5_c3",
      "drb": 0.99999964,
      "magapbig": 18.4312,
      "sigmagapbig": 0.1508,
      "rfid": 401120221,
      "has_stamp": true,
      "corrected": false,
      "dubious": false,
      "candid_alert": null,
      "step_id_corr": "1.1.6",
      "phase": 0.0,
      "parent_candid": null
    },
    {
      "tid": "ztf",
      "mjd": 59935.22100690007,
      "candid": "2181221002115015003",
      "fid": 2,
      "pid": 2181221002115,
      "diffmaglim": 20.139841,
      "isdiffpos": 1,
      "nid": 2181,
      "distnr": 1.5017625,
      "magpsf": 18.6846,
      "magpsf_corr": null,
      "magpsf_corr_ext": null,
      "magap": 18.7206,
      "magap_corr": null,
      "sigmapsf": 0.08315135,
      "sigmapsf_corr": null,
      "sigmapsf_corr_ext": null,
      "sigmagap": 0.1347,
      "sigmagap_corr": null,
      "ra": 37.6798329,
      "dec": -2.9324975,
      "rb": 0.94714284,
      "rbversion": "t17_f5_c3",
      "drb": 0.9999998,
      "magapbig": 18.6626,
      "sigmagapbig": 0.1609,
      "rfid": 401120221,
      "has_stamp": true,
      "corrected": false,
      "dubious": false,
      "candid_alert": null,
      "step_id_corr": "1.1.6",
      "phase": 0.0,
      "parent_candid": null
    },
    {
      "tid": "ztf",
      "mjd": 59937.19665510021,
      "candid": "2183196652115015004",
      "fid": 2,
      "pid": 2183196652115,
      "diffmaglim": 20.432934,
      "isdiffpos": 1,
      "nid": 2183,
      "distnr": 1.4992772,
      "magpsf": 18.758608,
      "magpsf_corr": null,
      "magpsf_corr_ext": null,
      "magap": 18.803,
      "magap_corr": null,
      "sigmapsf": 0.078339495,
      "sigmapsf_corr": null,
      "sigmapsf_corr_ext": null,
      "sigmagap": 0.1225,
      "sigmagap_corr": null,
      "ra": 37.6798181,
      "dec": -2.9325008,
      "rb": 0.95714283,
      "rbversion": "t17_f5_c3",
      "drb": 0.9999999,
      "magapbig": 18.6629,
      "sigmagapbig": 0.1349,
      "rfid": 401120221,
      "has_stamp": true,
      "corrected": false,
      "dubious": false,
      "candid_alert": null,
      "step_id_corr": "1.1.6",
      "phase": 0.0,
      "parent_candid": null
    },
    {
      "tid": "ztf",
      "mjd": 59951.25447920011,
      "candid": "2197254472115015000",
      "fid": 2,
      "pid": 2197254472115,
      "diffmaglim": 19.220173,
      "isdiffpos": 1,
      "nid": 2197,
      "distnr": 1.4762799,
      "magpsf": 18.74824,
      "magpsf_corr": null,
      "magpsf_corr_ext": null,
      "magap": 18.8307,
      "magap_corr": null,
      "sigmapsf": 0.111884356,
      "sigmapsf_corr": null,
      "sigmapsf_corr_ext": null,
      "sigmagap": 0.244,
      "sigmagap_corr": null,
      "ra": 37.6798352,
      "dec": -2.9324921,
      "rb": 0.93142855,
      "rbversion": "t17_f5_c3",