{
  "detections": [
    {
      "tid": "ztf",
      "mjd": 60532.486794000026,
      "candid": "2778486794915015003",
      "fid": 2,
      "pid": 2778486794915,
      "diffmaglim": 19.681896,
      "isdiffpos": 1,
      "nid": 2778,
      "distnr": 1.6235442,
      "magpsf": 19.635944,
      "magpsf_corr": null,
      "magpsf_corr_ext": null,
      "magap": 19.6499,
      "magap_corr": null,
      "sigmapsf": 0.19708315,
      "sigmapsf_corr": null,
      "sigmapsf_corr_ext": null,
      "sigmagap": 0.3836,
      "sigmagap_corr": null,
      "ra": 107.17784,
      "dec": 54.780843,
      "rb": 0.59,
      "rbversion": "t17_f5_c3",
      "drb": 0.9900152,
      "magapbig": 19.5401,
      "sigmagapbig": 0.4452,
      "rfid": 1784120249,
      "has_stamp": true,
      "corrected": false,
      "dubious": false,
      "candid_alert": null,
      "step_id_corr": "24.5.1",
      "phase": 0.0,
      "parent_candid": null
    },
    {
      "tid": "ztf",
      "mjd": 60532.49023150001,
      "candid": "2778490234915015004",
      "fid": 2,
      "pid": 2778490234915,
      "diffmaglim": 19.803396,
      "isdiffpos": 1,
      "nid": 2778,
      "distnr": 1.8574082,
      "magpsf": 19.47351,
      "magpsf_corr": null,
      "magpsf_corr_ext": null,
      "magap": 19.3035,
      "magap_corr": null,
      "sigmapsf": 0.18354867,
      "sigmapsf_corr": null,
      "sigmapsf_corr_ext": null,
      "sigmagap": 0.2776,
      "sigmagap_corr": null,
      "ra": 107.1777256,
      "dec": 54.7808628,
      "rb": 0.68857145,
      "rbversion": "t17_f5_c3",
      "drb": 0.9998303,
      "magapbig": 19.7785,
      "sigmagapbig": 0.5512,
      "rfid": 1784120249,
      "has_stamp": true,
      "corrected": false,
      "dubious": false,
      "candid_alert": null,
      "step_id_corr": "24.5.1",
      "phase": 0.0,
      "parent_candid": null
    }
  ],
  "non_detections": [
    {
      "tid": "ztf",
      "mjd": 60526.498101899866,
      "fid": 2,
      "diffmaglim": 19.1196
    },
    {
      "tid": "ztf",
      "mjd": 60526.49857639987,
      "fid": 2,
      "diffmaglim": 19.1244
    },
    {
      "tid": "ztf",
      "mjd": 60526.499050899874,
      "fid": 2,
      "diffmaglim": 19.129
    }
  ],
  "forced_detections": [
    {
      "candid": "ZTF24aaonpbv2772499054915",
      "tid": "ztf",
      "pid": 2772499054915,
      "oid": "ZTF24aaonpbv",
      "mjd": 60526.499050899874,
      "fid": 2,
      "ra": 107.1777256,
      "e_ra": null,
      "dec": 54.7808628,
      "e_dec": null,
      "mag": 19.83570671081543,
      "e_mag": 0.2903076708316803,
      "mag_corr": null,
      "e_mag_corr": null,
      "e_mag_corr_ext": null,
      "isdiffpos": 1,
      "corrected": false,
      "dubious": false,
      "parent_candid": 2778490234915015004,
      "has_stamp": false,
      "scibckgnd": 247.96800231933594,
      "exptime": 30.0,
      "magnr": 20.986000061035156,
      "scisigpix": 18.037500381469727,
      "adpctdif1": 0.06492999941110611,
      "sigmagnr": 0.14399999380111694,
      "magzpsci": 25.857799530029297,
      "adpctdif2": 0.0787540003657341,
      "chinr": 2.628000020980835,
      "diffmaglim": 19.128999710083008,
      "programid": 1,
      "sharpnr": 0.4480000138282776,
      "field": 1784,
      "magzpsciunc": 8.528600119461771e-06,
      "procstatus": "0",
      "rcid": 49,
      "magzpscirms": 0.0398343987762928,
      "distnr": 1.880782961845398,
      "rfid": 1784120249,
      "clrcoeff": 0.10257499665021896,
      "ranr": 107.17863464355469,
      "sciinpseeing": 1.4493000507354736,
      "clrcounc": 1.5615300071658567e-05,
      "decnr": 54.78086471557617
    }
  ]
}