{
  "detections": [
    {
      "tid": "ztf",
      "mjd": 59622.192615699954,
      "candid": "1868192615615015001",
      "fid": 2,
      "pid": 1868192615615,
      "diffmaglim": 19.424839,
      "isdiffpos": 1,
      "nid": 1868,
      "distnr": 0.211561,
      "magpsf": 19.028877,
      "magpsf_corr": 18.277363,
      "magpsf_corr_ext": null,
      "magap": 19.2245,
      "magap_corr": null,
      "sigmapsf": 0.13368547,
      "sigmapsf_corr": 0.058502186,
      "sigmapsf_corr_ext": 0.066908084,
      "sigmagap": 0.2829,
      "sigmagap_corr": null,
      "ra": 57.1285457,
      "dec": 0.892511,
      "rb": 0.97,
      "rbversion": "t17_f5_c3",
      "drb": 0.9999565,
      "magapbig": 19.2446,
      "sigmagapbig": 0.3695,
      "rfid": 404120256,
      "has_stamp": true,
      "corrected": true,
      "dubious": false,
      "candid_alert": null,
      "step_id_corr": "correction_1.0.6",
      "phase": 0.0,
      "parent_candid": null
    },
    {
      "tid": "ztf",
      "mjd": 59624.17667819979,
      "candid": "1870176675615015002",
      "fid": 2,
      "pid": 1870176675615,
      "diffmaglim": 19.608067,
      "isdiffpos": 1,
      "nid": 1870,
      "distnr": 0.08651565,
      "magpsf": 19.041323,
      "magpsf_corr": 18.283575,
      "magpsf_corr_ext": null,
      "magap": 18.9266,
      "magap_corr": null,
      "sigmapsf": 0.12542006,
      "sigmapsf_corr": 0.053187713,
      "sigmapsf_corr_ext": 0.062411927,
      "sigmagap": 0.1978,
      "sigmagap_corr": null,
      "ra": 57.1286052,
      "dec": 0.8924908,
      "rb": 0.95285714,
      "rbversion": "t17_f5_c3",
      "drb": 0.9993367,
      "magapbig": 18.7648,
      "sigmagapbig": 0.2186,
      "rfid": 404120256,
      "has_stamp": true,
      "corrected": true,
      "dubious": false,
      "candid_alert": null,
      "step_id_corr": "correction_1.0.6",
      "phase": 0.0,
      "parent_candid": null
    },
    {
      "tid": "ztf",
      "mjd": 59624.19596059993,
      "candid": "1870195965615015001",
      "fid": 1,
      "pid": 1870195965615,
      "diffmaglim": 19.3782,
      "isdiffpos": 1,
      "nid": 1870,
      "distnr": 0.622157,
      "magpsf": 20.0826,
      "magpsf_corr": 19.067604,
      "magpsf_corr_ext": null,
      "magap": 19.9498,
      "magap_corr": null,
      "sigmapsf": 0.334129,
      "sigmapsf_corr": 0.124524325,
      "sigmapsf_corr_ext": 0.13119452,
      "sigmagap": 0.5983,
      "sigmagap_corr": null,
      "ra": 57.1284319,
      "dec": 0.8923632,
      "rb": 0.747143,
      "rbversion": "t17_f5_c3",
      "drb": null,
      "magapbig": 19.7278,
      "sigmagapbig": 0.6263,
      "rfid": null,
      "has_stamp": false,
      "corrected": true,
      "dubious": false,
      "candid_alert": null,
      "step_id_corr": "correction_1.0.6",
      "phase": 0.0,
      "parent_candid": 1873152615615015003
    },
    {
      "tid": "ztf",
      "mjd": 59627.15261569992,
      "candid": "1873152615615015003",
      "fid": 2,
      "pid": 1873152615615,
      "diffmaglim": 19.47892,
      "isdiffpos": 1,
      "nid": 1873,
      "distnr": 0.20983951,
      "magpsf": 19.003471,
      "magpsf_corr": 18.264574,
      "magpsf_corr_ext": null,
      "magap": 18.9268,
      "magap_corr": null,
      "sigmapsf": 0.11715955,
      "sigmapsf_corr": 0.049894936,
      "sigmapsf_corr_ext": 0.05932238,
      "sigmagap": 0.2158,
      "sigmagap_corr": null,
      "ra": 57.1285525,
      "dec": 0.8924262,
      "rb": 0.9514286,
      "rbversion": "t17_f5_c3",
      "drb": 0.999987,
      "magapbig": 18.738,
      "sigmagapbig": 0.2327,
      "rfid": 404120256,
      "has_stamp": true,
      "corrected": true,
      "dubious": false,
      "candid_alert": null,
      "step_id_corr": "correction_1.0.6",
      "phase": 0.0,
      "parent_candid": null
    },
    {
      "tid": "ztf",
      "mjd": 59629.13284720015,
      "candid": "1875132845615015002",
      "fid": 2,
      "pid": 1875132845615,
      "diffmaglim": 19.978937,
      "isdiffpos": 1,
      "nid": 1875,
      "distnr": 0.1422252,
      "magpsf": 18.9383,
      "magpsf_corr": 18.231085,
      "magpsf_corr_ext": null,
      "magap": 18.911,
      "magap_corr": null,
      "sigmapsf": 0.09810655,
      "sigmapsf_corr": 0.04059409,
      "sigmapsf_corr_ext": 0.051146105,
      "sigmagap": 0.1344,
      "sigmagap_corr": null,
      "ra": 57.128551,
      "dec": 0.8924792,
      "rb": 0.95428574,
      "rbversion": "t17_f5_c3",
      "drb": 0.9999999,
      "magapbig": 19.0391,
      "sigmagapbig": 0.1927,
      "rfid": 404120256,
      "has_stamp": true,
      "corrected": true,
      "dubious": false,
      "candid_alert": null,
      "step_id_corr": "correction_1.0.6",
      "phase": 0.0,
      "parent_candid": null
    },
    {
      "tid": "ztf",
      "mjd": 60530.44785880018,
      "candid": "2776447855615010051",
      "fid": 2,
      "pid": 2776447855615,
      "diffmaglim": 19.903315,
      "isdiffpos": -1,
      "nid": 2776,
      "distnr": 0.44160149,
      "magpsf": 19.980618,
      "magpsf_corr": 19.61686,
      "magpsf_corr_ext": null,
      "magap": 19.7222,
      "magap_corr": null,
      "sigmapsf": 0.18999927,
      "sigmapsf_corr": 0.07771784,
      "sigmapsf_corr_ext": 0.13590911,
      "sigmagap": 0.3376,
      "sigmagap_corr": null,
      "ra": 57.1284747,
      "dec": 0.8925173,
      "rb": 0.7871429,
      "rbversion": "t17_f5_c3",
      "drb": 0.99997246,
      "magapbig": 20.0615,
      "sigmagapbig": 0.591,
      "rfid": 404120256,
      "has_stamp": true,
      "corrected": true,
      "dubious": false,
      "candid_alert": null,
      "step_id_corr": "24.5.1",
      "phase": 0.0,
      "parent_candid": null
    }
  ],
  "non_detections": [
    {
      "tid": "ztf",
      "mjd": 59622.15252309991,
      "fid": 1,
      "diffmaglim": 19.4816
    },
    {
      "tid": "ztf",
      "mjd": 59627.170567099936,
      "fid": 1,
      "diffmaglim": 19.2256
    },
    {
      "tid": "ztf",
      "mjd": 60526.46241899999,
      "fid": 1,
      "diffmaglim": 20.2827
    },
    {
      "tid": "ztf",
      "mjd": 60527.48350689979,
      "fid": 1,
      "diffmaglim": 20.1855
    }
  ],
  "forced_detections": []
}