{
  "detections": [
    {
      "tid": "ztf",
      "mjd": 59712.18510420015,
      "candid": "1958185101615015009",
      "fid": 1,
      "pid": 1958185101615,
      "diffmaglim": 19.44457,
      "isdiffpos": 1,
      "nid": 1958,
      "distnr": 0.9951023,
      "magpsf": 18.59052,
      "magpsf_corr": 18.134708,
      "magpsf_corr_ext": null,
      "magap": 18.8972,
      "magap_corr": null,
      "sigmapsf": 0.098045155,
      "sigmapsf_corr": 0.053667713,
      "sigmapsf_corr_ext": 0.06443198,
      "sigmagap": 0.2276,
      "sigmagap_corr": null,
      "ra": 127.6311103,
      "dec": 18.203849,
      "rb": 0.9242857,
      "rbversion": "t17_f5_c3",
      "drb": 1.0,
      "magapbig": 19.037,
      "sigmagapbig": 0.3319,
      "rfid": 567120116,
      "has_stamp": true,
      "corrected": true,
      "dubious": false,
      "candid_alert": null,
      "step_id_corr": "correction_1.0.6",
      "phase": 0.0,
      "parent_candid": null
    },
    {
      "tid": "ztf",
      "mjd": 59712.20648150006,
      "candid": "1958206481615015005",
      "fid": 2,
      "pid": 1958206481615,
      "diffmaglim": 19.473135,
      "isdiffpos": 1,
      "nid": 1958,
      "distnr": 2.9053643,
      "magpsf": 18.811455,
      "magpsf_corr": null,
      "magpsf_corr_ext": null,
      "magap": 18.9958,
      "magap_corr": null,
      "sigmapsf": 0.10919912,
      "sigmapsf_corr": null,
      "sigmapsf_corr_ext": null,
      "sigmagap": 0.2583,
      "sigmagap_corr": null,
      "ra": 127.6311001,
      "dec": 18.2038378,
      "rb": 0.95857143,
      "rbversion": "t17_f5_c3",
      "drb": 1.0,
      "magapbig": 19.1514,
      "sigmagapbig": 0.3823,
      "rfid": 567120216,
      "has_stamp": true,
      "corrected": false,
      "dubious": false,
      "candid_alert": null,
      "step_id_corr": "correction_1.0.6",
      "phase": 0.0,
      "parent_candid": null
    },
    {
      "tid": "ztf",
      "mjd": 59713.1753934999,
      "candid": "1959175392915015006",
      "fid": 1,
      "pid": 1959175392915,
      "diffmaglim": 19.476019,
      "isdiffpos": 1,
      "nid": 1959,
      "distnr": 1.5847656,
      "magpsf": 18.094273,
      "magpsf_corr": null,
      "magpsf_corr_ext": null,
      "magap": 18.1593,
      "magap_corr": null,
      "sigmapsf": 0.087088354,
      "sigmapsf_corr": null,
      "sigmapsf_corr_ext": null,
      "sigmagap": 0.1243,
      "sigmagap_corr": null,
      "ra": 127.6311011,
      "dec": 18.2038339,
      "rb": 0.9357143,
      "rbversion": "t17_f5_c3",
      "drb": 0.99999976,
      "magapbig": 18.1348,
      "sigmagapbig": 0.1557,
      "rfid": 568120129,
      "has_stamp": true,
      "corrected": false,
      "dubious": true,
      "candid_alert": null,
      "step_id_corr": "correction_1.0.6",
      "phase": 0.0,
      "parent_candid": null
    },
    {
      "tid": "ztf",
      "mjd": 59713.21814810019,
      "candid": "1959218142915015010",
      "fid": 2,
      "pid": 1959218142915,
      "diffmaglim": 19.158094,
      "isdiffpos": 1,
      "nid": 1959,
      "distnr": 4.009343,
      "magpsf": 18.473465,
      "magpsf_corr": null,
      "magpsf_corr_ext": null,
      "magap": 18.3373,
      "magap_corr": null,
      "sigmapsf": 0.116466075,
      "sigmapsf_corr": null,
      "sigmapsf_corr_ext": null,
      "sigmagap": 0.1746,
      "sigmagap_corr": null,
      "ra": 127.6310868,
      "dec": 18.2037993,
      "rb": 0.7871429,
      "rbversion": "t17_f5_c3",
      "drb": 0.99995387,
      "magapbig": 18.1007,
      "sigmagapbig": 0.1802,
      "rfid": 568120229,
      "has_stamp": true,
      "corrected": false,
      "dubious": false,
      "candid_alert": null,
      "step_id_corr": "correction_1.0.6",
      "phase": 0.0,
      "parent_candid": null
    }
  ],
  "non_detections": [
    {
      "tid": "ztf",
      "mjd": 59682.20685190009,
      "fid": 1,
      "diffmaglim": 19.3965
    },
    {
      "tid": "ztf",
      "mjd": 59682.29076390015,
      "fid": 2,
      "diffmaglim": 19.1747
    },
    {
      "tid": "ztf",
      "mjd": 59684.265775499865,
      "fid": 1,
      "diffmaglim": 18.9946
    },
    {
      "tid": "ztf",
      "mjd": 59684.27010420011,
      "fid": 1,
      "diffmaglim": 18.9416
    },
    {
      "tid": "ztf",
      "mjd": 59687.15961810015,
      "fid": 2,
      "diffmaglim": 20.2651
    },
    {
      "tid": "ztf",
      "mjd": 59687.16055560019,
      "fid": 2,
      "diffmaglim": 20.0597
    },
    {
      "tid": "ztf",
      "mjd": 59687.171701400075,
      "fid": 1,
      "diffmaglim": 20.1244
    },
    {
      "tid": "ztf",
      "mjd": 59687.176967599895,
      "fid": 1,
      "diffmaglim": 19.8894
    },
    {
      "tid": "ztf",
      "mjd": 59689.16155089997,
      "fid": 1,
      "diffmaglim": 19.7999
    },
    {
      "tid": "ztf",
      "mjd": 59689.1813194002,
      "fid": 2,
      "diffmaglim": 19.477
    },
    {
      "tid": "ztf",
      "mjd": 59689.18510420015,
      "fid": 2,
      "diffmaglim": 20.0686
    },
    {
      "tid": "ztf",
      "mjd": 59689.28034720011,
      "fid": 1,
      "diffmaglim": 18.8465
    },
    {
      "tid": "ztf",
      "mjd": 59693.18621530011,
      "fid": 2,
      "diffmaglim": 19.8751
    },
    {
      "tid": "ztf",
      "mjd": 59693.197210600134,
      "fid": 2,
      "diffmaglim": 19.8499
    },
    {
      "tid": "ztf",
      "mjd": 59693.22175930021,
      "fid": 1,
      "diffmaglim": 20.0473
    },
    {
      "tid": "ztf",
      "mjd": 59693.22223380022,
      "fid": 1,
      "diffmaglim": 19.9608
    },
    {
      "tid": "ztf",
      "mjd": 59695.17490739981,
      "fid": 1,
      "diffmaglim": 20.2485
    },
    {
      "tid": "ztf",
      "mjd": 59695.19515050016,
      "fid": 2,
      "diffmaglim": 20.2897
    },
    {
      "tid": "ztf",
      "mjd": 59695.19749999978,
      "fid": 2,
      "diffmaglim": 19.9283
    },
    {
      "tid": "ztf",
      "mjd": 59697.17630789988,
      "fid": 2,
      "diffmaglim": 20.2444
    },
    {
      "tid": "ztf",
      "mjd": 59697.20331020001,
      "fid": 1,
      "diffmaglim": 20.3969
    },
    {
      "tid": "ztf",
      "mjd": 59697.20567130018,
      "fid": 1,
      "diffmaglim": 20.4739
    },
    {
      "tid": "ztf",
      "mjd": 59699.20431709988,
      "fid": 1,
      "diffmaglim": 20.3537
    },
    {
      "tid": "ztf",
      "mjd": 59700.19405090017,
      "fid": 1,
      "diffmaglim": 20.0945
    },
    {
      "tid": "ztf",
      "mjd": 59701.17341439985,
      "fid": 1,
      "diffmaglim": 20.5679
    },
    {
      "tid": "ztf",
      "mjd": 59701.20072920015,
      "fid": 2,
      "diffmaglim": 20.2593
    },
    {
      "tid": "ztf",
      "mjd": 59703.18208329985,
      "fid": 1,
      "diffmaglim": 19.7368
    },
    {
      "tid": "ztf",
      "mjd": 59703.18350689998,
      "fid": 1,
      "diffmaglim": 19.9141
    },
    {
      "tid": "ztf",
      "mjd": 59709.24202550016,
      "fid": 2,
      "diffmaglim": 19.1064
    },
    {
      "tid": "ztf",
      "mjd": 59709.24391200021,
      "fid": 2,
      "diffmaglim": 18.9973
    },
    {
      "tid": "ztf",
      "mjd": 59710.18003469985,
      "fid": 1,
      "diffmaglim": 19.4547
    },
    {
      "tid": "ztf",
      "mjd": 59710.21489580022,
      "fid": 2,
      "diffmaglim": 19.324
    },
    {
      "tid": "ztf",
      "mjd": 59711.175486099906,
      "fid": 1,
      "diffmaglim": 19.4417
    }
  ],
  "forced_detections": []
}