{
  "detections": [
    {
      "tid": "ztf",
      "mjd": 59623.21732639987,
      "candid": "1869217325215015010",
      "fid": 1,
      "pid": 1869217325215,
      "diffmaglim": 19.408,
      "isdiffpos": 1,
      "nid": 1869,
      "distnr": 2.79638,
      "magpsf": 19.5104,
      "magpsf_corr": null,
      "magpsf_corr_ext": null,
      "magap": 19.7906,
      "magap_corr": null,
      "sigmapsf": 0.252427,
      "sigmapsf_corr": null,
      "sigmapsf_corr_ext": null,
      "sigmagap": 0.499,
      "sigmagap_corr": null,
      "ra": 81.7678184,
      "dec": 43.5217767,
      "rb": 0.491429,
      "rbversion": "t17_f5_c3",
      "drb": null,
      "magapbig": 19.4844,
      "sigmagapbig": 0.4834,
      "rfid": null,
      "has_stamp": false,
      "corrected": false,
      "dubious": false,
      "candid_alert": null,
      "step_id_corr": "correction_1.0.6",
      "phase": 0.0,
      "parent_candid": 1869257445215015003
    },
    {
      "tid": "ztf",
      "mjd": 59623.25744209997,
      "candid": "1869257445215015003",
      "fid": 2,
      "pid": 1869257445215,
      "diffmaglim": 19.38438,
      "isdiffpos": 1,
      "nid": 1869,
      "distnr": 2.5533655,
      "magpsf": 18.819933,
      "magpsf_corr": null,
      "magpsf_corr_ext": null,
      "magap": 19.0654,
      "magap_corr": null,
      "sigmapsf": 0.10397811,
      "sigmapsf_corr": null,
      "sigmapsf_corr_ext": null,
      "sigmagap": 0.2647,
      "sigmagap_corr": null,
      "ra": 81.767868,
      "dec": 43.5217569,
      "rb": 0.8371429,
      "rbversion": "t17_f5_c3",
      "drb": 0.9999993,
      "magapbig": 18.5103,
      "sigmagapbig": 0.2039,
      "rfid": 703120252,
      "has_stamp": true,
      "corrected": false,
      "dubious": false,
      "candid_alert": null,
      "step_id_corr": "correction_1.0.6",
      "phase": 0.0,
      "parent_candid": null
    },
    {
      "tid": "ztf",
      "mjd": 59625.1454977002,
      "candid": "1871145495215015014",
      "fid": 2,
      "pid": 1871145495215,
      "diffmaglim": 19.841331,
      "isdiffpos": 1,
      "nid": 1871,
      "distnr": 2.6058,
      "magpsf": 18.686329,
      "magpsf_corr": null,
      "magpsf_corr_ext": null,
      "magap": 18.6782,
      "magap_corr": null,
      "sigmapsf": 0.09177668,
      "sigmapsf_corr": null,
      "sigmapsf_corr_ext": null,
      "sigmagap": 0.1431,
      "sigmagap_corr": null,
      "ra": 81.7678801,
      "dec": 43.5217828,
      "rb": 0.8842857,
      "rbversion": "t17_f5_c3",
      "drb": 0.9999912,
      "magapbig": 18.7355,
      "sigmagapbig": 0.1934,
      "rfid": 703120252,
      "has_stamp": true,
      "corrected": false,
      "dubious": false,
      "candid_alert": null,
      "step_id_corr": "correction_1.0.6",
      "phase": 0.0,
      "parent_candid": null
    },
    {
      "tid": "ztf",
      "mjd": 59625.184444400016,
      "candid": "1871184445215015010",
      "fid": 1,
      "pid": 1871184445215,
      "diffmaglim": 19.496607,
      "isdiffpos": 1,
      "nid": 1871,
      "distnr": 2.8259442,
      "magpsf": 19.372149,
      "magpsf_corr": null,
      "magpsf_corr_ext": null,
      "magap": 19.2551,
      "magap_corr": null,
      "sigmapsf": 0.20670363,
      "sigmapsf_corr": null,
      "sigmapsf_corr_ext": null,
      "sigmagap": 0.2935,
      "sigmagap_corr": null,
      "ra": 81.7677835,
      "dec": 43.5217527,
      "rb": 0.6628571,
      "rbversion": "t17_f5_c3",
      "drb": 0.99993354,
      "magapbig": 19.5577,
      "sigmagapbig": 0.4977,
      "rfid": 703120152,
      "has_stamp": true,
      "corrected": false,
      "dubious": false,
      "candid_alert": null,
      "step_id_corr": "correction_1.0.6",
      "phase": 0.0,
      "parent_candid": null
    },
    {
      "tid": "ztf",
      "mjd": 59628.140451400075,
      "candid": "1874140455215015015",
      "fid": 2,
      "pid": 1874140455215,
      "diffmaglim": 20.017439,
      "isdiffpos": 1,
      "nid": 1874,
      "distnr": 2.530806,
      "magpsf": 18.792116,
      "magpsf_corr": null,
      "magpsf_corr_ext": null,
      "magap": 18.9657,
      "magap_corr": null,
      "sigmapsf": 0.083768606,
      "sigmapsf_corr": null,
      "sigmapsf_corr_ext": null,
      "sigmagap": 0.1491,
      "sigmagap_corr": null,
      "ra": 81.767892,
      "dec": 43.521761,
      "rb": 0.9,
      "rbversion": "t17_f5_c3",
      "drb": 0.9999962,
      "magapbig": 19.0526,
      "sigmagapbig": 0.2065,
      "rfid": 703120252,
      "has_stamp": true,
      "corrected": false,
      "dubious": false,
      "candid_alert": null,
      "step_id_corr": "correction_1.0.6",
      "phase": 0.0,
      "parent_candid": null
    },
    {
      "tid": "ztf",
      "mjd": 59630.165925899986,
      "candid": "1876165925215015011",
      "fid": 2,
      "pid": 1876165925215,
      "diffmaglim": 19.510656,
      "isdiffpos": 1,
      "nid": 1876,
      "distnr": 2.6644895,
      "magpsf": 18.850166,
      "magpsf_corr": null,
      "magpsf_corr_ext": null,
      "magap": 18.8176,
      "magap_corr": null,
      "sigmapsf": 0.17633677,
      "sigmapsf_corr": null,
      "sigmapsf_corr_ext": null,
      "sigmagap": 0.2003,
      "sigmagap_corr": null,
      "ra": 81.767884,
      "dec": 43.5218038,
      "rb": 0.74285716,
      "rbversion": "t17_f5_c3",
      "drb": 0.9994834,
      "magapbig": 18.7543,
      "sigmagapbig": 0.2423,
      "rfid": 703120252,
      "has_stamp": true,
      "corrected": false,
      "dubious": false,
      "candid_alert": null,
      "step_id_corr": "correction_1.0.6",
      "phase": 0.0,
      "parent_candid": null
    },
    {
      "tid": "ztf",
      "mjd": 59636.140625,
      "candid": "1882140625215015032",
      "fid": 2,
      "pid": 1882140625215,
      "diffmaglim": 20.395529,
      "isdiffpos": 1,
      "nid": 1882,
      "distnr": 2.485115,
      "magpsf": 18.867102,
      "magpsf_corr": null,
      "magpsf_corr_ext": null,
      "magap": 18.9591,
      "magap_corr": null,
      "sigmapsf": 0.07260249,
      "sigmapsf_corr": null,
      "sigmapsf_corr_ext": null,
      "sigmagap": 0.1056,
      "sigmagap_corr": null,
      "ra": 81.7679065,
      "dec": 43.5217558,
      "rb": 0.93,
      "rbversion": "t17_f5_c3",
      "drb": 0.9251646,
      "magapbig": 18.9235,
      "sigmagapbig": 0.1301,
      "rfid": 703120252,
      "has_stamp": true,
      "corrected": false,
      "dubious": false,
      "candid_alert": null,
      "step_id_corr": "correction_1.0.6",
      "phase": 0.0,
      "parent_candid": null
    },
    {
      "tid": "ztf",
      "mjd": 59636.181840300094,
      "candid": "1882181845215015020",
      "fid": 1,
      "pid": 1882181845215,
      "diffmaglim": 20.330387,
      "isdiffpos": 1,
      "nid": 1882,
      "distnr": 2.7385273,
      "magpsf": 20.049074,
      "magpsf_corr": null,
      "magpsf_corr_ext": null,
      "magap": 20.3151,
      "magap_corr": null,
      "sigmapsf": 0.18778294,
      "sigmapsf_corr": null,
      "sigmapsf_corr_ext": null,
      "sigmagap": 0.3295,
      "sigmagap_corr": null,
      "ra": 81.7677768,
      "dec": 43.521703,
      "rb": 0.62,
      "rbversion": "t17_f5_c3",
      "drb": 0.9999341,
      "magapbig": 20.448,
      "sigmagapbig": 0.4771,
      "rfid": 703120152,
      "has_stamp": true,
      "corrected": false,
      "dubious": false,
      "candid_alert": null,
      "step_id_corr": "correction_1.0.6",
      "phase": 0.0,
      "parent_candid": null
    },
    {
      "tid": "ztf",
      "mjd": 59638.197210600134,
      "candid": "1884197215215015012",
      "fid": 2,
      "pid": 1884197215215,
      "diffmaglim": 18.6476,
      "isdiffpos": 1,
      "nid": 1884,
      "distnr": 3.0444,
      "magpsf": 18.8836,
      "magpsf_corr": null,
      "magpsf_corr_ext": null,
      "magap": 19.0137,
      "magap_corr": null,
      "sigmapsf": 0.228146,
      "sigmapsf_corr": null,
      "sigmapsf_corr_ext": null,
      "sigmagap": 0.4039,
      "sigmagap_corr": null,
      "ra": 81.7678649,
      "dec": 43.5219226,