{
  "detections": [
    {
      "tid": "ztf",
      "mjd": 60149.423171299975,
      "candid": "2395423170715015007",
      "fid": 2,
      "pid": 2395423170715,
      "diffmaglim": 20.440044,
      "isdiffpos": 1,
      "nid": 2395,
      "distnr": 2.7051103,
      "magpsf": 19.921246,
      "magpsf_corr": null,
      "magpsf_corr_ext": null,
      "magap": 20.429,
      "magap_corr": null,
      "sigmapsf": 0.15065108,
      "sigmapsf_corr": null,
      "sigmapsf_corr_ext": null,
      "sigmagap": 0.5195,
      "sigmagap_corr": null,
      "ra": 31.1854041,
      "dec": 8.5459362,
      "rb": 0.79714286,
      "rbversion": "t17_f5_c3",
      "drb": 0.99999857,
      "magapbig": 20.3464,
      "sigmagapbig": 0.6097,
      "rfid": 503120207,
      "has_stamp": true,
      "corrected": false,
      "dubious": false,
      "candid_alert": null,
      "step_id_corr": "1.2.0",
      "phase": 0.0,
      "parent_candid": null
    },
    {
      "tid": "ztf",
      "mjd": 60151.40768520022,
      "candid": "2397407680715015010",
      "fid": 2,
      "pid": 2397407680715,
      "diffmaglim": 20.25708,
      "isdiffpos": 1,
      "nid": 2397,
      "distnr": 2.7696908,
      "magpsf": 20.022427,
      "magpsf_corr": null,
      "magpsf_corr_ext": null,
      "magap": 19.6724,
      "magap_corr": null,
      "sigmapsf": 0.18867972,
      "sigmapsf_corr": null,
      "sigmapsf_corr_ext": null,
      "sigmagap": 0.2803,
      "sigmagap_corr": null,
      "ra": 31.1853856,
      "dec": 8.5459608,
      "rb": 0.8314286,
      "rbversion": "t17_f5_c3",
      "drb": 0.99961746,
      "magapbig": 19.7457,
      "sigmagapbig": 0.3807,
      "rfid": 503120207,
      "has_stamp": true,
      "corrected": false,
      "dubious": false,
      "candid_alert": null,
      "step_id_corr": "1.2.0",
      "phase": 0.0,
      "parent_candid": null
    },
    {
      "tid": "ztf",
      "mjd": 60155.46988430014,
      "candid": "2401469880715015008",
      "fid": 2,
      "pid": 2401469880715,
      "diffmaglim": 20.539679,
      "isdiffpos": 1,
      "nid": 2401,
      "distnr": 2.681406,
      "magpsf": 20.060888,
      "magpsf_corr": null,
      "magpsf_corr_ext": null,
      "magap": 20.2107,
      "magap_corr": null,
      "sigmapsf": 0.14832437,
      "sigmapsf_corr": null,
      "sigmapsf_corr_ext": null,
      "sigmagap": 0.3934,
      "sigmagap_corr": null,
      "ra": 31.1853996,
      "dec": 8.5459305,
      "rb": 0.8485714,
      "rbversion": "t17_f5_c3",
      "drb": 0.9999262,
      "magapbig": 20.2768,
      "sigmagapbig": 0.5278,
      "rfid": 503120207,
      "has_stamp": true,
      "corrected": false,
      "dubious": false,
      "candid_alert": null,
      "step_id_corr": "1.2.0",
      "phase": 0.0,
      "parent_candid": null
    },
    {
      "tid": "ztf",
      "mjd": 60169.4222916998,
      "candid": "2415422290715015011",
      "fid": 2,
      "pid": 2415422290715,
      "diffmaglim": 20.52427,
      "isdiffpos": 1,
      "nid": 2415,
      "distnr": 2.602397,
      "magpsf": 19.646877,
      "magpsf_corr": null,
      "magpsf_corr_ext": null,
      "magap": 19.3335,
      "magap_corr": null,
      "sigmapsf": 0.119582854,
      "sigmapsf_corr": null,
      "sigmapsf_corr_ext": null,
      "sigmagap": 0.1748,
      "sigmagap_corr": null,
      "ra": 31.1853842,
      "dec": 8.545908,
      "rb": 0.8242857,
      "rbversion": "t17_f5_c3",
      "drb": 0.999984,
      "magapbig": 19.2314,
      "sigmagapbig": 0.2004,
      "rfid": 503120207,
      "has_stamp": true,
      "corrected": false,
      "dubious": false,
      "candid_alert": null,
      "step_id_corr": "1.2.0",
      "phase": 0.0,
      "parent_candid": null
    },
    {
      "tid": "ztf",
      "mjd": 60169.4222916998,
      "candid": "2415422290715025011",
      "fid": 2,
      "pid": 2415422290715,
      "diffmaglim": 20.5243,
      "isdiffpos": 1,
      "nid": 2415,
      "distnr": 2.6024,
      "magpsf": 19.6469,
      "magpsf_corr": null,
      "magpsf_corr_ext": null,
      "magap": 19.3335,
      "magap_corr": null,
      "sigmapsf": 0.119583,
      "sigmapsf_corr": null,
      "sigmapsf_corr_ext": null,
      "sigmagap": 0.1748,
      "sigmagap_corr": null,
      "ra": 31.1853842,
      "dec": 8.545908,
      "rb": 0.824286,
      "rbversion": "t17_f5_c3",
      "drb": null,
      "magapbig": 19.2314,
      "sigmagapbig": 0.2004,
      "rfid": null,
      "has_stamp": false,
      "corrected": false,
      "dubious": false,
      "candid_alert": null,
      "step_id_corr": "1.2.0",
      "phase": 0.0,
      "parent_candid": 2428460780715015000
    },
    {
      "tid": "ztf",
      "mjd": 60173.44593749987,
      "candid": "2419445930715015009",
      "fid": 2,
      "pid": 2419445930715,
      "diffmaglim": 20.414701,
      "isdiffpos": 1,
      "nid": 2419,
      "distnr": 2.6744394,
      "magpsf": 19.868023,
      "magpsf_corr": null,
      "magpsf_corr_ext": null,
      "magap": 19.5695,
      "magap_corr": null,
      "sigmapsf": 0.19159809,
      "sigmapsf_corr": null,
      "sigmapsf_corr_ext": null,
      "sigmagap": 0.2209,
      "sigmagap_corr": null,
      "ra": 31.1854798,
      "dec": 8.545889,
      "rb": 0.81,
      "rbversion": "t17_f5_c3",
      "drb": 0.99997985,
      "magapbig": 19.561,
      "sigmagapbig": 0.2763,
      "rfid": 503120207,
      "has_stamp": true,
      "corrected": false,
      "dubious": false,
      "candid_alert": null,
      "step_id_corr": "1.2.0",
      "phase": 0.0,
      "parent_candid": null
    },
    {
      "tid": "ztf",
      "mjd": 60182.460787000135,
      "candid": "2428460780715015015",
      "fid": 2,
      "pid": 2428460780715,
      "diffmaglim": 20.53447,
      "isdiffpos": 1,
      "nid": 2428,
      "distnr": 2.7397747,
      "magpsf": 19.898443,
      "magpsf_corr": null,
      "magpsf_corr_ext": null,
      "magap": 19.9328,
      "magap_corr": null,
      "sigmapsf": 0.13921836,
      "sigmapsf_corr": null,
      "sigmapsf_corr_ext": null,
      "sigmagap": 0.2805,
      "sigmagap_corr": null,
      "ra": 31.185416,
      "dec": 8.5459381,
      "rb": 0.8757143,
      "rbversion": "t17_f5_c3",
      "drb": 0.9999689,
      "magapbig": 19.7151,
      "sigmagapbig": 0.2898,
      "rfid": 503120207,
      "has_stamp": true,
      "corrected": false,
      "dubious": false,
      "candid_alert": null,
      "step_id_corr": "1.2.0",
      "phase": 0.0,
      "parent_candid": null
    },
    {
      "tid": "ztf",
      "mjd": 60185.36016200017,
      "candid": "2431360160715015011",
      "fid": 2,
      "pid": 2431360160715,
      "diffmaglim": 19.9347,
      "isdiffpos": 1,
      "nid": 2431,
      "distnr": 2.97898,
      "magpsf": 19.8912,
      "magpsf_corr": null,
      "magpsf_corr_ext": null,
      "magap": 19.594,
      "magap_corr": null,
      "sigmapsf": 0.220048,
      "sigmapsf_corr": null,
      "sigmapsf_corr_ext": null,
      "sigmagap": 0.3363,
      "sigmagap_corr": null,
      "ra": 31.1854159,
      "dec": 8.5460145,
      "rb": 0.767143,
      "rbversion": "t17_f5_c3",
      "drb": null,
      "magapbig": 19.8582,
      "sigmagapbig": 0.5469,
      "rfid": null,
      "has_stamp": false,
      "corrected": false,
      "dubious": false,
      "candid_alert": null,
      "step_id_corr": "1.2.1",
      "phase": 0.0,
      "parent_candid": 2441485930715015000
    },
    {
      "tid": "ztf",
      "mjd": 60195.48593749991,
      "candid": "2441485930715015012",
      "fid": 2,
      "pid": 2441485930715,
      "diffmaglim": 20.480024,
      "isdiffpos": 1,
      "nid": 2441,
      "distnr": 2.665957,
      "magpsf": 19.929424,
      "magpsf_corr": null,
      "magpsf_corr_ext": null,
      "magap": 19.6654,
      "magap_corr": null,
      "sigmapsf": 0.13864258,
      "sigmapsf_corr": null,
      "sigmapsf_corr_ext": null,
      "sigmagap": 0.2491,
      "sigmagap_corr": null,
      "ra": 31.1853555,
      "dec": 8.5459425,
      "rb": 0.8314286,
      "rbversion": "t17_f5_c3",
      "drb": 0.99995285,