{
  "detections": [
    {
      "tid": "ztf",
      "mjd": 59970.36228010012,
      "candid": "2216362283115015001",
      "fid": 2,
      "pid": 2216362283115,
      "diffmaglim": 19.52,
      "isdiffpos": 1,
      "nid": 2216,
      "distnr": 3.02122,
      "magpsf": 18.9757,
      "magpsf_corr": null,
      "magpsf_corr_ext": null,
      "magap": 18.8836,
      "magap_corr": null,
      "sigmapsf": 0.13753,
      "sigmapsf_corr": null,
      "sigmapsf_corr_ext": null,
      "sigmagap": 0.1074,
      "sigmagap_corr": null,
      "ra": 147.0813728,
      "dec": -3.7306025,
      "rb": 0.231429,
      "rbversion": "t17_f5_c3",
      "drb": null,
      "magapbig": 18.7309,
      "sigmagapbig": 0.1195,
      "rfid": null,
      "has_stamp": false,
      "corrected": false,
      "dubious": false,
      "candid_alert": null,
      "step_id_corr": "1.1.6",
      "phase": 0.0,
      "parent_candid": 2226355933115015000
    },
    {
      "tid": "ztf",
      "mjd": 59977.44129629992,
      "candid": "2223441293115015001",
      "fid": 1,
      "pid": 2223441293115,
      "diffmaglim": 19.4705,
      "isdiffpos": 1,
      "nid": 2223,
      "distnr": 3.59704,
      "magpsf": 19.9192,
      "magpsf_corr": null,
      "magpsf_corr_ext": null,
      "magap": 19.6989,
      "magap_corr": null,
      "sigmapsf": 0.263237,
      "sigmapsf_corr": null,
      "sigmapsf_corr_ext": null,
      "sigmagap": 0.3982,
      "sigmagap_corr": null,
      "ra": 147.0812464,
      "dec": -3.7304497,
      "rb": 0.76,
      "rbversion": "t17_f5_c3",
      "drb": null,
      "magapbig": 19.4511,
      "sigmagapbig": 0.4076,
      "rfid": null,
      "has_stamp": false,
      "corrected": false,
      "dubious": false,
      "candid_alert": null,
      "step_id_corr": "1.1.6",
      "phase": 0.0,
      "parent_candid": 2226355933115015000
    },
    {
      "tid": "ztf",
      "mjd": 59980.35593750002,
      "candid": "2226355933115015003",
      "fid": 2,
      "pid": 2226355933115,
      "diffmaglim": 19.527458,
      "isdiffpos": 1,
      "nid": 2226,
      "distnr": 2.9744804,
      "magpsf": 18.988174,
      "magpsf_corr": null,
      "magpsf_corr_ext": null,
      "magap": 18.6695,
      "magap_corr": null,
      "sigmapsf": 0.12232274,
      "sigmapsf_corr": null,
      "sigmapsf_corr_ext": null,
      "sigmagap": 0.1959,
      "sigmagap_corr": null,
      "ra": 147.081374,
      "dec": -3.730617,
      "rb": 0.86142856,
      "rbversion": "t17_f5_c3",
      "drb": 0.9999741,
      "magapbig": 18.6338,
      "sigmagapbig": 0.2433,
      "rfid": 417120231,
      "has_stamp": true,
      "corrected": false,
      "dubious": false,
      "candid_alert": null,
      "step_id_corr": "1.1.6",
      "phase": 0.0,
      "parent_candid": null
    },
    {
      "tid": "ztf",
      "mjd": 59983.372546299826,
      "candid": "2229372543115015013",
      "fid": 2,
      "pid": 2229372543115,
      "diffmaglim": 18.799953,
      "isdiffpos": 1,
      "nid": 2229,
      "distnr": 2.4037936,
      "magpsf": 18.571484,
      "magpsf_corr": null,
      "magpsf_corr_ext": null,
      "magap": 18.6461,
      "magap_corr": null,
      "sigmapsf": 0.17920011,
      "sigmapsf_corr": null,
      "sigmapsf_corr_ext": null,
      "sigmagap": 0.19,
      "sigmagap_corr": null,
      "ra": 147.0812544,
      "dec": -3.7307464,
      "rb": 0.36285713,
      "rbversion": "t17_f5_c3",
      "drb": 0.99144745,
      "magapbig": 18.5667,
      "sigmagapbig": 0.2267,
      "rfid": 417120231,
      "has_stamp": true,
      "corrected": false,
      "dubious": false,
      "candid_alert": null,
      "step_id_corr": "1.1.6",
      "phase": 0.0,
      "parent_candid": null
    },
    {
      "tid": "ztf",
      "mjd": 59985.31597220013,
      "candid": "2231315973115015001",
      "fid": 2,
      "pid": 2231315973115,
      "diffmaglim": 19.421047,
      "isdiffpos": 1,
      "nid": 2231,
      "distnr": 2.9573739,
      "magpsf": 18.546309,
      "magpsf_corr": null,
      "magpsf_corr_ext": null,
      "magap": 18.5774,
      "magap_corr": null,
      "sigmapsf": 0.10943013,
      "sigmapsf_corr": null,
      "sigmapsf_corr_ext": null,
      "sigmagap": 0.1143,
      "sigmagap_corr": null,
      "ra": 147.0812707,
      "dec": -3.7305901,
      "rb": 0.60571426,
      "rbversion": "t17_f5_c3",
      "drb": 0.99985886,
      "magapbig": 18.6075,
      "sigmagapbig": 0.1505,
      "rfid": 417120231,
      "has_stamp": true,
      "corrected": false,
      "dubious": false,
      "candid_alert": null,
      "step_id_corr": "1.1.6",
      "phase": 0.0,
      "parent_candid": null
    },
    {
      "tid": "ztf",
      "mjd": 59985.33658559993,
      "candid": "2231336583115015010",
      "fid": 1,
      "pid": 2231336583115,
      "diffmaglim": 19.40828,
      "isdiffpos": 1,
      "nid": 2231,
      "distnr": 3.540173,
      "magpsf": 19.129839,
      "magpsf_corr": null,
      "magpsf_corr_ext": null,
      "magap": 19.3323,
      "magap_corr": null,
      "sigmapsf": 0.15595771,
      "sigmapsf_corr": null,
      "sigmapsf_corr_ext": null,
      "sigmagap": 0.2374,
      "sigmagap_corr": null,
      "ra": 147.0812488,
      "dec": -3.7304657,
      "rb": 0.65,
      "rbversion": "t17_f5_c3",
      "drb": 0.99987733,
      "magapbig": 19.1095,
      "sigmagapbig": 0.2482,
      "rfid": 417120131,
      "has_stamp": true,
      "corrected": false,
      "dubious": false,
      "candid_alert": null,
      "step_id_corr": "1.1.6",
      "phase": 0.0,
      "parent_candid": null
    },
    {
      "tid": "ztf",
      "mjd": 59994.297627300024,
      "candid": "2240297623115015002",
      "fid": 2,
      "pid": 2240297623115,
      "diffmaglim": 20.334234,
      "isdiffpos": 1,
      "nid": 2240,
      "distnr": 2.9555337,
      "magpsf": 18.794695,
      "magpsf_corr": null,
      "magpsf_corr_ext": null,
      "magap": 18.9401,
      "magap_corr": null,
      "sigmapsf": 0.07267426,
      "sigmapsf_corr": null,
      "sigmapsf_corr_ext": null,
      "sigmagap": 0.1113,
      "sigmagap_corr": null,
      "ra": 147.0813547,
      "dec": -3.7306156,
      "rb": 0.95428574,
      "rbversion": "t17_f5_c3",
      "drb": 0.9999956,
      "magapbig": 18.9363,
      "sigmagapbig": 0.1416,
      "rfid": 417120231,
      "has_stamp": true,
      "corrected": false,
      "dubious": false,
      "candid_alert": null,
      "step_id_corr": "1.1.6",
      "phase": 0.0,
      "parent_candid": null
    },
    {
      "tid": "ztf",
      "mjd": 60044.20663189981,
      "candid": "2290206633115015001",
      "fid": 2,
      "pid": 2290206633115,
      "diffmaglim": 20.2371,
      "isdiffpos": 1,
      "nid": 2290,
      "distnr": 2.84047,
      "magpsf": 20.0235,
      "magpsf_corr": null,
      "magpsf_corr_ext": null,
      "magap": 19.6323,
      "magap_corr": null,
      "sigmapsf": 0.228862,
      "sigmapsf_corr": null,
      "sigmapsf_corr_ext": null,
      "sigmagap": 0.2147,
      "sigmagap_corr": null,
      "ra": 147.081176,
      "dec": -3.730606,
      "rb": 0.378571,
      "rbversion": "t17_f5_c3",
      "drb": null,
      "magapbig": 19.6464,
      "sigmagapbig": 0.2787,
      "rfid": null,
      "has_stamp": false,
      "corrected": false,
      "dubious": false,
      "candid_alert": null,
      "step_id_corr": "1.1.6",
      "phase": 0.0,
      "parent_candid": 2292158313115015000
    },
    {
      "tid": "ztf",
      "mjd": 60046.15831020009,
      "candid": "2292158313115015004",
      "fid": 2,
      "pid": 2292158313115,
      "diffmaglim": 20.530268,
      "isdiffpos": 1,
      "nid": 2292,
      "distnr": 3.037634,
      "magpsf": 20.26883,
      "magpsf_corr": null,
      "magpsf_corr_ext": null,
      "magap": 20.2754,
      "magap_corr": null,
      "sigmapsf": 0.18893775,
      "sigmapsf_corr": null,
      "sigmapsf_corr_ext": null,
      "sigmagap": 0.3578,
      "sigmagap_corr": null,
      "ra": 147.0813144,
      "dec": -3.7305776,
      "rb": 0.69714284,
      "rbversion": "t17_f5_c3",