{
  "detections": [
    {
      "tid": "ztf",
      "mjd": 60586.52262730012,
      "candid": "2832522622715015000",
      "fid": 2,
      "pid": 2832522622715,
      "diffmaglim": 19.59197,
      "isdiffpos": 1,
      "nid": 2832,
      "distnr": 2.21672,
      "magpsf": 19.042257,
      "magpsf_corr": null,
      "magpsf_corr_ext": null,
      "magap": 18.9808,
      "magap_corr": null,
      "sigmapsf": 0.18649219,
      "sigmapsf_corr": null,
      "sigmapsf_corr_ext": null,
      "sigmagap": 0.2257,
      "sigmagap_corr": null,
      "ra": 150.3193285,
      "dec": -0.0301021,
      "rb": 0.80714285,
      "rbversion": "t17_f5_c3",
      "drb": 0.99999124,
      "magapbig": 19.0315,
      "sigmagapbig": 0.3016,
      "rfid": 1462120227,
      "has_stamp": true,
      "corrected": false,
      "dubious": false,
      "candid_alert": null,
      "step_id_corr": "24.5.1",
      "phase": 0.0,
      "parent_candid": null
    },
    {
      "tid": "ztf",
      "mjd": 60586.52562499978,
      "candid": "2832525622715015000",
      "fid": 2,
      "pid": 2832525622715,
      "diffmaglim": 19.461653,
      "isdiffpos": 1,
      "nid": 2832,
      "distnr": 2.2323017,
      "magpsf": 18.989595,
      "magpsf_corr": null,
      "magpsf_corr_ext": null,
      "magap": 19.0825,
      "magap_corr": null,
      "sigmapsf": 0.14150244,
      "sigmapsf_corr": null,
      "sigmapsf_corr_ext": null,
      "sigmagap": 0.281,
      "sigmagap_corr": null,
      "ra": 150.3193109,
      "dec": -0.0300881,
      "rb": 0.8414286,
      "rbversion": "t17_f5_c3",
      "drb": 0.9995115,
      "magapbig": 19.0326,
      "sigmagapbig": 0.3431,
      "rfid": 1462120227,
      "has_stamp": true,
      "corrected": false,
      "dubious": false,
      "candid_alert": null,
      "step_id_corr": "24.5.1",
      "phase": 0.0,
      "parent_candid": null
    },
    {
      "tid": "ztf",
      "mjd": 60591.517442100216,
      "candid": "2837517445415015005",
      "fid": 2,
      "pid": 2837517445415,
      "diffmaglim": 19.668344,
      "isdiffpos": 1,
      "nid": 2837,
      "distnr": 1.5293638,
      "magpsf": 18.924704,
      "magpsf_corr": null,
      "magpsf_corr_ext": null,
      "magap": 19.3051,
      "magap_corr": null,
      "sigmapsf": 0.11592529,
      "sigmapsf_corr": null,
      "sigmapsf_corr_ext": null,
      "sigmagap": 0.2643,
      "sigmagap_corr": null,
      "ra": 150.319375,
      "dec": -0.0301005,
      "rb": 0.93857145,
      "rbversion": "t17_f5_c3",
      "drb": 0.99999905,
      "magapbig": 19.1765,
      "sigmagapbig": 0.2995,
      "rfid": 417120254,
      "has_stamp": true,
      "corrected": false,
      "dubious": false,
      "candid_alert": null,
      "step_id_corr": "24.5.1",
      "phase": 0.0,
      "parent_candid": null
    },
    {
      "tid": "ztf",
      "mjd": 60591.5204977002,
      "candid": "2837520495415015002",
      "fid": 2,
      "pid": 2837520495415,
      "diffmaglim": 19.489489,
      "isdiffpos": 1,
      "nid": 2837,
      "distnr": 1.3916221,
      "magpsf": 19.010084,
      "magpsf_corr": 18.338684,
      "magpsf_corr_ext": null,
      "magap": 19.2178,
      "magap_corr": null,
      "sigmapsf": 0.14483929,
      "sigmapsf_corr": 0.06394762,
      "sigmapsf_corr_ext": 0.078041695,
      "sigmagap": 0.2839,
      "sigmagap_corr": null,
      "ra": 150.3193432,
      "dec": -0.0300779,
      "rb": 0.9357143,
      "rbversion": "t17_f5_c3",
      "drb": 0.9999851,
      "magapbig": 19.303,
      "sigmagapbig": 0.3923,
      "rfid": 417120254,
      "has_stamp": true,
      "corrected": true,
      "dubious": true,
      "candid_alert": null,
      "step_id_corr": "24.5.1",
      "phase": 0.0,
      "parent_candid": null
    },
    {
      "tid": "ztf",
      "mjd": 60591.5245254999,
      "candid": "2837524525415015001",
      "fid": 2,
      "pid": 2837524525415,
      "diffmaglim": 19.590214,
      "isdiffpos": 1,
      "nid": 2837,
      "distnr": 1.4619333,
      "magpsf": 19.035221,
      "magpsf_corr": null,
      "magpsf_corr_ext": null,
      "magap": 19.0962,
      "magap_corr": null,
      "sigmapsf": 0.1383933,
      "sigmapsf_corr": null,
      "sigmapsf_corr_ext": null,
      "sigmagap": 0.2399,
      "sigmagap_corr": null,
      "ra": 150.3193501,
      "dec": -0.0301049,
      "rb": 0.94142854,
      "rbversion": "t17_f5_c3",
      "drb": 0.99999523,
      "magapbig": 19.0267,
      "sigmagapbig": 0.2873,
      "rfid": 417120254,
      "has_stamp": true,
      "corrected": false,
      "dubious": false,
      "candid_alert": null,
      "step_id_corr": "24.5.1",
      "phase": 0.0,
      "parent_candid": null
    }
  ],
  "non_detections": [
    {
      "tid": "ztf",
      "mjd": 60586.52310189977,
      "fid": 2,
      "diffmaglim": 19.5931
    }
  ],
  "forced_detections": [
    {
      "candid": "ZTF24ablergc2832525622715",
      "tid": "ztf",
      "pid": 2832525622715,
      "oid": "ZTF24ablergc",
      "mjd": 60586.52562499978,
      "fid": 2,
      "ra": 150.3193501,
      "e_ra": null,
      "dec": -0.0301049,
      "e_dec": null,
      "mag": 18.99137306213379,
      "e_mag": 0.0916752889752388,
      "mag_corr": null,
      "e_mag_corr": null,
      "e_mag_corr_ext": null,
      "isdiffpos": 1,
      "corrected": false,
      "dubious": false,
      "parent_candid": 2837524525415015001,
      "has_stamp": false,
      "scibckgnd": 169.03399658203125,
      "exptime": 30.0,
      "magnr": 18.121000289916992,
      "scisigpix": 13.442899703979492,
      "adpctdif1": 0.08871699869632721,
      "sigmagnr": 0.04100000113248825,
      "magzpsci": 25.932600021362305,
      "adpctdif2": 0.08650600165128708,
      "chinr": 5.802000045776367,
      "diffmaglim": 19.461700439453125,
      "programid": 1,
      "sharpnr": 0.07400000095367432,
      "field": 1462,
      "magzpsciunc": 1.2452200280677062e-05,
      "procstatus": "0",
      "rcid": 27,
      "magzpscirms": 0.030567800626158714,
      "distnr": 2.2722649574279785,
      "rfid": 1462120227,
      "clrcoeff": 0.12227900326251984,
      "ranr": 150.3190460205078,
      "sciinpseeing": 1.8151999711990356,
      "clrcounc": 1.8935299522127025e-05,
      "decnr": -0.030654599890112877
    },
    {
      "candid": "ZTF24ablergc2837520495415",
      "tid": "ztf",
      "pid": 2837520495415,
      "oid": "ZTF24ablergc",
      "mjd": 60591.5204977002,
      "fid": 2,
      "ra": 150.3193501,
      "e_ra": null,
      "dec": -0.0301049,
      "e_dec": null,
      "mag": 18.98242950439453,
      "e_mag": 0.08142931014299393,
      "mag_corr": null,
      "e_mag_corr": null,
      "e_mag_corr_ext": null,
      "isdiffpos": 1,
      "corrected": false,
      "dubious": false,
      "parent_candid": 2837524525415015001,
      "has_stamp": false,
      "scibckgnd": 348.7659912109375,
      "exptime": 30.0,
      "magnr": 19.178998947143555,
      "scisigpix": 11.65369987487793,
      "adpctdif1": 0.10659199953079224,
      "sigmagnr": 0.09700000286102295,
      "magzpsci": 26.091100692749023,
      "adpctdif2": 0.09336800128221512,
      "chinr": 4.388000011444092,
      "diffmaglim": 19.489500045776367,
      "programid": 1,
      "sharpnr": 0.41600000858306885,
      "field": 417,
      "magzpsciunc": 1.061649982148083e-05,
      "procstatus": "0",
      "rcid": 54,
      "magzpscirms": 0.028251100331544876,
      "distnr": 1.4820706844329834,
      "rfid": 417120254,
      "clrcoeff": 0.09570439904928207,
      "ranr": 150.31900024414062,
      "sciinpseeing": 2.2590999603271484,
      "clrcounc": 1.5434099623234943e-05,
      "decnr": -0.029885100200772285
    },
    {
      "candid": "ZTF24ablergc2837517445415",
      "tid": "ztf",
      "pid": 2837517445415,
      "oid": "ZTF24ablergc",
      "mjd": 60591.517442100216,
      "fid": 2,
      "ra": 150.3193432,
      "e_ra": null,
      "dec": -0.0300779,
      "e_dec": null,
      "mag": 18.9039363861084,
      "e_mag": 0.06415898352861404,
      "mag_corr": null,
      "e_mag_corr": null,