{
  "detections": [
    {
      "tid": "ztf",
      "mjd": 59922.23055560002,
      "candid": "2168230553115015001",
      "fid": 1,
      "pid": 2168230553115,
      "diffmaglim": 19.270752,
      "isdiffpos": 1,
      "nid": 2168,
      "distnr": 2.8734753,
      "magpsf": 18.617586,
      "magpsf_corr": null,
      "magpsf_corr_ext": null,
      "magap": 18.8993,
      "magap_corr": null,
      "sigmapsf": 0.09108537,
      "sigmapsf_corr": null,
      "sigmapsf_corr_ext": null,
      "sigmagap": 0.2585,
      "sigmagap_corr": null,
      "ra": 48.982387,
      "dec": -18.0851102,
      "rb": 0.9514286,
      "rbversion": "t17_f5_c3",
      "drb": 0.9999999,
      "magapbig": 19.0548,
      "sigmagapbig": 0.3828,
      "rfid": 301120131,
      "has_stamp": true,
      "corrected": false,
      "dubious": false,
      "candid_alert": null,
      "step_id_corr": "1.1.6",
      "phase": 0.0,
      "parent_candid": null
    },
    {
      "tid": "ztf",
      "mjd": 59922.273043999914,
      "candid": "2168273043115015001",
      "fid": 2,
      "pid": 2168273043115,
      "diffmaglim": 19.716902,
      "isdiffpos": 1,
      "nid": 2168,
      "distnr": 1.4377275,
      "magpsf": 19.150978,
      "magpsf_corr": null,
      "magpsf_corr_ext": null,
      "magap": 19.3617,
      "magap_corr": null,
      "sigmapsf": 0.14941825,
      "sigmapsf_corr": null,
      "sigmapsf_corr_ext": null,
      "sigmagap": 0.3205,
      "sigmagap_corr": null,
      "ra": 48.9824738,
      "dec": -18.0850922,
      "rb": 0.7214286,
      "rbversion": "t17_f5_c3",
      "drb": 0.9997758,
      "magapbig": 19.5232,
      "sigmagapbig": 0.4775,
      "rfid": 301120231,
      "has_stamp": true,
      "corrected": false,
      "dubious": false,
      "candid_alert": null,
      "step_id_corr": "1.1.6",
      "phase": 0.0,
      "parent_candid": null
    },
    {
      "tid": "ztf",
      "mjd": 59923.27327550016,
      "candid": "2169273273115015005",
      "fid": 2,
      "pid": 2169273273115,
      "diffmaglim": 19.711771,
      "isdiffpos": 1,
      "nid": 2169,
      "distnr": 1.294802,
      "magpsf": 18.431849,
      "magpsf_corr": 18.030344,
      "magpsf_corr_ext": null,
      "magap": 18.6036,
      "magap_corr": null,
      "sigmapsf": 0.07385241,
      "sigmapsf_corr": 0.03986872,
      "sigmapsf_corr_ext": 0.051022615,
      "sigmagap": 0.1491,
      "sigmagap_corr": null,
      "ra": 48.9824316,
      "dec": -18.0851178,
      "rb": 0.95428574,
      "rbversion": "t17_f5_c3",
      "drb": 0.9999996,
      "magapbig": 18.8116,
      "sigmagapbig": 0.2311,
      "rfid": 301120231,
      "has_stamp": true,
      "corrected": true,
      "dubious": true,
      "candid_alert": null,
      "step_id_corr": "1.1.6",
      "phase": 0.0,
      "parent_candid": null
    },
    {
      "tid": "ztf",
      "mjd": 59930.17496530013,
      "candid": "2176174963115015003",
      "fid": 2,
      "pid": 2176174963115,
      "diffmaglim": 19.712156,
      "isdiffpos": 1,
      "nid": 2176,
      "distnr": 1.2947847,
      "magpsf": 18.24121,
      "magpsf_corr": 17.895145,
      "magpsf_corr_ext": null,
      "magap": 18.4097,
      "magap_corr": null,
      "sigmapsf": 0.078210406,
      "sigmapsf_corr": 0.04942904,
      "sigmapsf_corr_ext": 0.056864113,
      "sigmagap": 0.0881,
      "sigmagap_corr": null,
      "ra": 48.9824988,
      "dec": -18.0851544,
      "rb": 0.80142856,
      "rbversion": "t17_f5_c3",
      "drb": 0.9998133,
      "magapbig": 18.4759,
      "sigmagapbig": 0.1193,
      "rfid": 301120231,
      "has_stamp": true,
      "corrected": true,
      "dubious": true,
      "candid_alert": null,
      "step_id_corr": "1.1.6",
      "phase": 0.0,
      "parent_candid": null
    },
    {
      "tid": "ztf",
      "mjd": 59932.25016199984,
      "candid": "2178250163115015004",
      "fid": 2,
      "pid": 2178250163115,
      "diffmaglim": 20.164043,
      "isdiffpos": 1,
      "nid": 2178,
      "distnr": 1.4203109,
      "magpsf": 18.211899,
      "magpsf_corr": null,
      "magpsf_corr_ext": null,
      "magap": 18.2307,
      "magap_corr": null,
      "sigmapsf": 0.058044676,
      "sigmapsf_corr": null,
      "sigmapsf_corr_ext": null,
      "sigmagap": 0.07,
      "sigmagap_corr": null,
      "ra": 48.9824508,
      "dec": -18.0850909,
      "rb": 0.9557143,
      "rbversion": "t17_f5_c3",
      "drb": 0.99999726,
      "magapbig": 18.2404,
      "sigmagapbig": 0.0898,
      "rfid": 301120231,
      "has_stamp": true,
      "corrected": false,
      "dubious": false,
      "candid_alert": null,
      "step_id_corr": "1.1.6",
      "phase": 0.0,
      "parent_candid": null
    },
    {
      "tid": "ztf",
      "mjd": 59934.279097199906,
      "candid": "2180279093115015003",
      "fid": 2,
      "pid": 2180279093115,
      "diffmaglim": 19.933794,
      "isdiffpos": 1,
      "nid": 2180,
      "distnr": 1.3536034,
      "magpsf": 18.27662,
      "magpsf_corr": 17.920776,
      "magpsf_corr_ext": null,
      "magap": 18.337,
      "magap_corr": null,
      "sigmapsf": 0.07246001,
      "sigmapsf_corr": 0.043559868,
      "sigmapsf_corr_ext": 0.052210785,
      "sigmagap": 0.084,
      "sigmagap_corr": null,
      "ra": 48.982465,
      "dec": -18.0851148,
      "rb": 0.95,
      "rbversion": "t17_f5_c3",
      "drb": 0.9999998,
      "magapbig": 18.3773,
      "sigmagapbig": 0.111,
      "rfid": 301120231,
      "has_stamp": true,
      "corrected": true,
      "dubious": true,
      "candid_alert": null,
      "step_id_corr": "1.1.6",
      "phase": 0.0,
      "parent_candid": null
    },
    {
      "tid": "ztf",
      "mjd": 59936.23138889996,
      "candid": "2182231383115015000",
      "fid": 2,
      "pid": 2182231383115,
      "diffmaglim": 20.21323,
      "isdiffpos": 1,
      "nid": 2182,
      "distnr": 1.4159606,
      "magpsf": 18.290194,
      "magpsf_corr": null,
      "magpsf_corr_ext": null,
      "magap": 18.4687,
      "magap_corr": null,
      "sigmapsf": 0.054274295,
      "sigmapsf_corr": null,
      "sigmapsf_corr_ext": null,
      "sigmagap": 0.0852,
      "sigmagap_corr": null,
      "ra": 48.982447,
      "dec": -18.0850838,
      "rb": 0.9557143,
      "rbversion": "t17_f5_c3",
      "drb": 1.0,
      "magapbig": 18.5258,
      "sigmagapbig": 0.1146,
      "rfid": 301120231,
      "has_stamp": true,
      "corrected": false,
      "dubious": false,
      "candid_alert": null,
      "step_id_corr": "1.1.6",
      "phase": 0.0,
      "parent_candid": null
    },
    {
      "tid": "ztf",
      "mjd": 59940.242592600174,
      "candid": "2186242593115015001",
      "fid": 2,
      "pid": 2186242593115,
      "diffmaglim": 19.781422,
      "isdiffpos": 1,
      "nid": 2186,
      "distnr": 1.4448919,
      "magpsf": 18.338593,
      "magpsf_corr": null,
      "magpsf_corr_ext": null,
      "magap": 18.2163,
      "magap_corr": null,
      "sigmapsf": 0.07197324,
      "sigmapsf_corr": null,
      "sigmapsf_corr_ext": null,
      "sigmagap": 0.106,
      "sigmagap_corr": null,
      "ra": 48.9824495,
      "dec": -18.0850743,
      "rb": 0.9628571,
      "rbversion": "t17_f5_c3",
      "drb": 1.0,
      "magapbig": 18.1623,
      "sigmagapbig": 0.1291,
      "rfid": 301120231,
      "has_stamp": true,
      "corrected": false,
      "dubious": false,
      "candid_alert": null,
      "step_id_corr": "1.1.6",
      "phase": 0.0,
      "parent_candid": null
    },
    {
      "tid": "ztf",
      "mjd": 59957.12697920017,
      "candid": "2203126973115015001",
      "fid": 1,
      "pid": 2203126973115,
      "diffmaglim": 18.6255,
      "isdiffpos": 1,
      "nid": 2203,
      "distnr": 2.53276,
      "magpsf": 19.1446,
      "magpsf_corr": null,
      "magpsf_corr_ext": null,
      "magap": 18.9193,
      "magap_corr": null,
      "sigmapsf": 0.276876,
      "sigmapsf_corr": null,
      "sigmapsf_corr_ext": null,
      "sigmagap": 0.3646,
      "sigmagap_corr": null,
      "ra": 48.9825208,
      "dec": -18.0853113,