{
  "detections": [
    {
      "tid": "ztf",
      "mjd": 60144.44047449995,
      "candid": "2390440474015015008",
      "fid": 1,
      "pid": 2390440474015,
      "diffmaglim": 20.410255,
      "isdiffpos": 1,
      "nid": 2390,
      "distnr": 2.2171836,
      "magpsf": 18.840298,
      "magpsf_corr": null,
      "magpsf_corr_ext": null,
      "magap": 18.6572,
      "magap_corr": null,
      "sigmapsf": 0.07536614,
      "sigmapsf_corr": null,
      "sigmapsf_corr_ext": null,
      "sigmagap": 0.0868,
      "sigmagap_corr": null,
      "ra": 22.3616055,
      "dec": -1.1992365,
      "rb": 0.95285714,
      "rbversion": "t17_f5_c3",
      "drb": 0.9999998,
      "magapbig": 18.582,
      "sigmagapbig": 0.1011,
      "rfid": 399120140,
      "has_stamp": true,
      "corrected": false,
      "dubious": false,
      "candid_alert": null,
      "step_id_corr": "1.2.0",
      "phase": 0.0,
      "parent_candid": null
    },
    {
      "tid": "ztf",
      "mjd": 60149.45342590008,
      "candid": "2395453424015015005",
      "fid": 1,
      "pid": 2395453424015,
      "diffmaglim": 20.533623,
      "isdiffpos": 1,
      "nid": 2395,
      "distnr": 2.2679076,
      "magpsf": 18.921764,
      "magpsf_corr": null,
      "magpsf_corr_ext": null,
      "magap": 18.9372,
      "magap_corr": null,
      "sigmapsf": 0.08571489,
      "sigmapsf_corr": null,
      "sigmapsf_corr_ext": null,
      "sigmagap": 0.1037,
      "sigmagap_corr": null,
      "ra": 22.3615915,
      "dec": -1.1992339,
      "rb": 0.95714283,
      "rbversion": "t17_f5_c3",
      "drb": 0.99999917,
      "magapbig": 19.0935,
      "sigmagapbig": 0.1486,
      "rfid": 399120140,
      "has_stamp": true,
      "corrected": false,
      "dubious": false,
      "candid_alert": null,
      "step_id_corr": "1.2.0",
      "phase": 0.0,
      "parent_candid": null
    },
    {
      "tid": "ztf",
      "mjd": 60156.41506939987,
      "candid": "2402415064015015001",
      "fid": 2,
      "pid": 2402415064015,
      "diffmaglim": 18.122616,
      "isdiffpos": 1,
      "nid": 2402,
      "distnr": 2.4378738,
      "magpsf": 17.957674,
      "magpsf_corr": null,
      "magpsf_corr_ext": null,
      "magap": 17.9712,
      "magap_corr": null,
      "sigmapsf": 0.19833657,
      "sigmapsf_corr": null,
      "sigmapsf_corr_ext": null,
      "sigmagap": 0.3117,
      "sigmagap_corr": null,
      "ra": 22.3615782,
      "dec": -1.1991649,
      "rb": 0.69142854,
      "rbversion": "t17_f5_c3",
      "drb": 0.9998535,
      "magapbig": 17.9096,
      "sigmagapbig": 0.3783,
      "rfid": 399120240,
      "has_stamp": true,
      "corrected": false,
      "dubious": false,
      "candid_alert": null,
      "step_id_corr": "1.2.0",
      "phase": 0.0,
      "parent_candid": null
    },
    {
      "tid": "ztf",
      "mjd": 60160.39868059987,
      "candid": "2406398684015015002",
      "fid": 1,
      "pid": 2406398684015,
      "diffmaglim": 19.21457,
      "isdiffpos": 1,
      "nid": 2406,
      "distnr": 2.17884,
      "magpsf": 19.092287,
      "magpsf_corr": null,
      "magpsf_corr_ext": null,
      "magap": 19.6312,
      "magap_corr": null,
      "sigmapsf": 0.18501556,
      "sigmapsf_corr": null,
      "sigmapsf_corr_ext": null,
      "sigmagap": 0.5102,
      "sigmagap_corr": null,
      "ra": 22.3616223,
      "dec": -1.199207,
      "rb": 0.8685714,
      "rbversion": "t17_f5_c3",
      "drb": 0.9999351,
      "magapbig": 19.5562,
      "sigmagapbig": 0.6095,
      "rfid": 399120140,
      "has_stamp": true,
      "corrected": false,
      "dubious": false,
      "candid_alert": null,
      "step_id_corr": "1.2.0",
      "phase": 0.0,
      "parent_candid": null
    },
    {
      "tid": "ztf",
      "mjd": 60165.467175900005,
      "candid": "2411467174015015011",
      "fid": 1,
      "pid": 2411467174015,
      "diffmaglim": 20.247705,
      "isdiffpos": 1,
      "nid": 2411,
      "distnr": 2.3714433,
      "magpsf": 19.743082,
      "magpsf_corr": null,
      "magpsf_corr_ext": null,
      "magap": 19.9058,
      "magap_corr": null,
      "sigmapsf": 0.17517638,
      "sigmapsf_corr": null,
      "sigmapsf_corr_ext": null,
      "sigmagap": 0.3212,
      "sigmagap_corr": null,
      "ra": 22.3615809,
      "dec": -1.1991522,
      "rb": 0.87142855,
      "rbversion": "t17_f5_c3",
      "drb": 0.9999994,
      "magapbig": 19.869,
      "sigmagapbig": 0.3923,
      "rfid": 399120140,
      "has_stamp": true,
      "corrected": false,
      "dubious": false,
      "candid_alert": null,
      "step_id_corr": "1.2.0",
      "phase": 0.0,
      "parent_candid": null
    },
    {
      "tid": "ztf",
      "mjd": 60174.397754599806,
      "candid": "2420397754015015006",
      "fid": 2,
      "pid": 2420397754015,
      "diffmaglim": 20.253342,
      "isdiffpos": 1,
      "nid": 2420,
      "distnr": 2.5938497,
      "magpsf": 18.888466,
      "magpsf_corr": null,
      "magpsf_corr_ext": null,
      "magap": 18.8778,
      "magap_corr": null,
      "sigmapsf": 0.0737715,
      "sigmapsf_corr": null,
      "sigmapsf_corr_ext": null,
      "sigmagap": 0.1098,
      "sigmagap_corr": null,
      "ra": 22.3615304,
      "dec": -1.199215,
      "rb": 0.76,
      "rbversion": "t17_f5_c3",
      "drb": 0.9999144,
      "magapbig": 18.8916,
      "sigmagapbig": 0.1373,
      "rfid": 399120240,
      "has_stamp": true,
      "corrected": false,
      "dubious": false,
      "candid_alert": null,
      "step_id_corr": "1.2.0",
      "phase": 0.0,
      "parent_candid": null
    }
  ],
  "non_detections": [
    {
      "tid": "ztf",
      "mjd": 60141.42523150006,
      "fid": 2,
      "diffmaglim": 17.9584
    },
    {
      "tid": "ztf",
      "mjd": 60146.40133100003,
      "fid": 2,
      "diffmaglim": 20.1119
    },
    {
      "tid": "ztf",
      "mjd": 60146.457291699946,
      "fid": 2,
      "diffmaglim": 20.3085
    },
    {
      "tid": "ztf",
      "mjd": 60149.42600690015,
      "fid": 2,
      "diffmaglim": 20.4756
    },
    {
      "tid": "ztf",
      "mjd": 60153.4609375,
      "fid": 2,
      "diffmaglim": 20.5025
    },
    {
      "tid": "ztf",
      "mjd": 60169.419455999974,
      "fid": 2,
      "diffmaglim": 19.5238
    },
    {
      "tid": "ztf",
      "mjd": 60171.39484950015,
      "fid": 1,
      "diffmaglim": 20.4802
    }
  ],
  "forced_detections": []
}