{
  "detections": [
    {
      "tid": "ztf",
      "mjd": 60016.35126159992,
      "candid": "2262351263715015021",
      "fid": 2,
      "pid": 2262351263715,
      "diffmaglim": 19.772398,
      "isdiffpos": 1,
      "nid": 2262,
      "distnr": 1.9706208,
      "magpsf": 17.688602,
      "magpsf_corr": null,
      "magpsf_corr_ext": null,
      "magap": 17.7847,
      "magap_corr": null,
      "sigmapsf": 0.06327999,
      "sigmapsf_corr": null,
      "sigmapsf_corr_ext": null,
      "sigmagap": 0.0756,
      "sigmagap_corr": null,
      "ra": 174.2260125,
      "dec": 19.9697568,
      "rb": 0.76428574,
      "rbversion": "t17_f5_c3",
      "drb": 0.9836092,
      "magapbig": 17.6189,
      "sigmagapbig": 0.0802,
      "rfid": 574120237,
      "has_stamp": true,
      "corrected": false,
      "dubious": false,
      "candid_alert": null,
      "step_id_corr": "1.1.6",
      "phase": 0.0,
      "parent_candid": null
    },
    {
      "tid": "ztf",
      "mjd": 60020.32137730019,
      "candid": "2266321373715015011",
      "fid": 2,
      "pid": 2266321373715,
      "diffmaglim": 20.517576,
      "isdiffpos": 1,
      "nid": 2266,
      "distnr": 1.9136902,
      "magpsf": 17.836084,
      "magpsf_corr": null,
      "magpsf_corr_ext": null,
      "magap": 18.0448,
      "magap_corr": null,
      "sigmapsf": 0.079180986,
      "sigmapsf_corr": null,
      "sigmapsf_corr_ext": null,
      "sigmagap": 0.0654,
      "sigmagap_corr": null,
      "ra": 174.2259955,
      "dec": 19.9697636,
      "rb": 0.8414286,
      "rbversion": "t17_f5_c3",
      "drb": 0.9006609,
      "magapbig": 17.9188,
      "sigmagapbig": 0.071,
      "rfid": 574120237,
      "has_stamp": true,
      "corrected": false,
      "dubious": false,
      "candid_alert": null,
      "step_id_corr": "1.1.6",
      "phase": 0.0,
      "parent_candid": null
    },
    {
      "tid": "ztf",
      "mjd": 60050.255868100096,
      "candid": "2296255863715015012",
      "fid": 2,
      "pid": 2296255863715,
      "diffmaglim": 20.531532,
      "isdiffpos": 1,
      "nid": 2296,
      "distnr": 1.9049399,
      "magpsf": 18.533232,
      "magpsf_corr": null,
      "magpsf_corr_ext": null,
      "magap": 19.2405,
      "magap_corr": null,
      "sigmapsf": 0.097241044,
      "sigmapsf_corr": null,
      "sigmapsf_corr_ext": null,
      "sigmagap": 0.197,
      "sigmagap_corr": null,
      "ra": 174.2259927,
      "dec": 19.9697417,
      "rb": 0.6585714,
      "rbversion": "t17_f5_c3",
      "drb": 0.59933877,
      "magapbig": 18.9473,
      "sigmagapbig": 0.185,
      "rfid": 574120237,
      "has_stamp": true,
      "corrected": false,
      "dubious": false,
      "candid_alert": null,
      "step_id_corr": "1.1.6",
      "phase": 0.0,
      "parent_candid": null
    }
  ],
  "non_detections": [
    {
      "tid": "ztf",
      "mjd": 60036.27045139996,
      "fid": 2,
      "diffmaglim": 19.5922
    },
    {
      "tid": "ztf",
      "mjd": 60036.32045139978,
      "fid": 1,
      "diffmaglim": 19.366
    },
    {
      "tid": "ztf",
      "mjd": 60043.32753469981,
      "fid": 1,
      "diffmaglim": 19.7166
    },
    {
      "tid": "ztf",
      "mjd": 60043.358680599835,
      "fid": 2,
      "diffmaglim": 19.9822
    },
    {
      "tid": "ztf",
      "mjd": 60045.319062499795,
      "fid": 1,
      "diffmaglim": 20.4704
    },
    {
      "tid": "ztf",
      "mjd": 60050.18309029983,
      "fid": 1,
      "diffmaglim": 20.6509
    }
  ],
  "forced_detections": []
}