{
  "detections": [
    {
      "tid": "ztf",
      "mjd": 59795.43959489977,
      "candid": "2041439595115015002",
      "fid": 2,
      "pid": 2041439595115,
      "diffmaglim": 17.950184,
      "isdiffpos": 1,
      "nid": 2041,
      "distnr": 1.5759866,
      "magpsf": 17.914476,
      "magpsf_corr": null,
      "magpsf_corr_ext": null,
      "magap": 17.5276,
      "magap_corr": null,
      "sigmapsf": 0.21224329,
      "sigmapsf_corr": null,
      "sigmapsf_corr_ext": null,
      "sigmagap": 0.2504,
      "sigmagap_corr": null,
      "ra": 11.737055,
      "dec": -21.8471111,
      "rb": 0.5714286,
      "rbversion": "t17_f5_c3",
      "drb": 0.9999211,
      "magapbig": 17.5407,
      "sigmagapbig": 0.3246,
      "rfid": 246120251,
      "has_stamp": true,
      "corrected": false,
      "dubious": false,
      "candid_alert": null,
      "step_id_corr": "dev",
      "phase": 0.0,
      "parent_candid": null
    },
    {
      "tid": "ztf",
      "mjd": 59798.4400231,
      "candid": "2044440025115015005",
      "fid": 2,
      "pid": 2044440025115,
      "diffmaglim": 19.93206,
      "isdiffpos": 1,
      "nid": 2044,
      "distnr": 1.3520076,
      "magpsf": 18.0551,
      "magpsf_corr": 17.40961,
      "magpsf_corr_ext": null,
      "magap": 17.9679,
      "magap_corr": null,
      "sigmapsf": 0.051308163,
      "sigmapsf_corr": 100.0,
      "sigmapsf_corr_ext": 0.028313316,
      "sigmagap": 0.0679,
      "sigmagap_corr": null,
      "ra": 11.7371264,
      "dec": -21.8471119,
      "rb": 0.79571426,
      "rbversion": "t17_f5_c3",
      "drb": 0.9999951,
      "magapbig": 17.9259,
      "sigmagapbig": 0.0811,
      "rfid": 246120251,
      "has_stamp": true,
      "corrected": true,
      "dubious": true,
      "candid_alert": null,
      "step_id_corr": "dev",
      "phase": 0.0,
      "parent_candid": null
    },
    {
      "tid": "ztf",
      "mjd": 59801.43960649986,
      "candid": "2047439605115015005",
      "fid": 2,
      "pid": 2047439605115,
      "diffmaglim": 19.470882,
      "isdiffpos": 1,
      "nid": 2047,
      "distnr": 1.3758675,
      "magpsf": 18.032862,
      "magpsf_corr": 17.397282,
      "magpsf_corr_ext": null,
      "magap": 18.0962,
      "magap_corr": null,
      "sigmapsf": 0.07954732,
      "sigmapsf_corr": 100.0,
      "sigmapsf_corr_ext": 0.044298995,
      "sigmagap": 0.1148,
      "sigmagap_corr": null,
      "ra": 11.7371152,
      "dec": -21.8471017,
      "rb": 0.82,
      "rbversion": "t17_f5_c3",
      "drb": 0.99999845,
      "magapbig": 18.2116,
      "sigmagapbig": 0.1616,
      "rfid": 246120251,
      "has_stamp": true,
      "corrected": true,
      "dubious": true,
      "candid_alert": null,
      "step_id_corr": "dev",
      "phase": 0.0,
      "parent_candid": null
    },
    {
      "tid": "ztf",
      "mjd": 59803.41799770016,
      "candid": "2049417995115015021",
      "fid": 2,
      "pid": 2049417995115,
      "diffmaglim": 19.023567,
      "isdiffpos": 1,
      "nid": 2049,
      "distnr": 1.4616513,
      "magpsf": 18.153574,
      "magpsf_corr": null,
      "magpsf_corr_ext": null,
      "magap": 18.4754,
      "magap_corr": null,
      "sigmapsf": 0.08760663,
      "sigmapsf_corr": null,
      "sigmapsf_corr_ext": null,
      "sigmagap": 0.2693,
      "sigmagap_corr": null,
      "ra": 11.7370877,
      "dec": -21.8471005,
      "rb": 0.8314286,
      "rbversion": "t17_f5_c3",
      "drb": 0.9999981,
      "magapbig": 18.5364,
      "sigmagapbig": 0.3644,
      "rfid": 246120251,
      "has_stamp": true,
      "corrected": false,
      "dubious": false,
      "candid_alert": null,
      "step_id_corr": "dev",
      "phase": 0.0,
      "parent_candid": null
    },
    {
      "tid": "ztf",
      "mjd": 59806.417604200076,
      "candid": "2052417605115015010",
      "fid": 2,
      "pid": 2052417605115,
      "diffmaglim": 19.049448,
      "isdiffpos": 1,
      "nid": 2052,
      "distnr": 1.4272711,
      "magpsf": 18.242405,
      "magpsf_corr": null,
      "magpsf_corr_ext": null,
      "magap": 18.2876,
      "magap_corr": null,
      "sigmapsf": 0.09751691,
      "sigmapsf_corr": null,
      "sigmapsf_corr_ext": null,
      "sigmagap": 0.2055,
      "sigmagap_corr": null,
      "ra": 11.7370868,
      "dec": -21.8470525,
      "rb": 0.7785714,
      "rbversion": "t17_f5_c3",
      "drb": 0.99999905,
      "magapbig": 18.1766,
      "sigmagapbig": 0.2368,
      "rfid": 246120251,
      "has_stamp": true,
      "corrected": false,
      "dubious": false,
      "candid_alert": null,
      "step_id_corr": "dev",
      "phase": 0.0,
      "parent_candid": null
    },
    {
      "tid": "ztf",
      "mjd": 59808.419131900184,
      "candid": "2054419135115015005",
      "fid": 2,
      "pid": 2054419135115,
      "diffmaglim": 19.548092,
      "isdiffpos": 1,
      "nid": 2054,
      "distnr": 1.3257788,
      "magpsf": 18.158157,
      "magpsf_corr": 17.465267,
      "magpsf_corr_ext": null,
      "magap": 18.1374,
      "magap_corr": null,
      "sigmapsf": 0.088205576,
      "sigmapsf_corr": 100.0,
      "sigmapsf_corr_ext": 0.046595078,
      "sigmagap": 0.1167,
      "sigmagap_corr": null,
      "ra": 11.7371231,
      "dec": -21.8470752,
      "rb": 0.8157143,
      "rbversion": "t17_f5_c3",
      "drb": 0.99999785,
      "magapbig": 18.1884,
      "sigmagapbig": 0.1547,
      "rfid": 246120251,
      "has_stamp": true,
      "corrected": true,
      "dubious": true,
      "candid_alert": null,
      "step_id_corr": "dev",
      "phase": 0.0,
      "parent_candid": null
    },
    {
      "tid": "ztf",
      "mjd": 59810.44467590004,
      "candid": "2056444675115015006",
      "fid": 2,
      "pid": 2056444675115,
      "diffmaglim": 19.786617,
      "isdiffpos": 1,
      "nid": 2056,
      "distnr": 1.5206249,
      "magpsf": 18.17975,
      "magpsf_corr": null,
      "magpsf_corr_ext": null,
      "magap": 18.159,
      "magap_corr": null,
      "sigmapsf": 0.094140776,
      "sigmapsf_corr": null,
      "sigmapsf_corr_ext": null,
      "sigmagap": 0.0998,
      "sigmagap_corr": null,
      "ra": 11.7370633,
      "dec": -21.8470783,
      "rb": 0.83428574,
      "rbversion": "t17_f5_c3",
      "drb": 0.9999999,
      "magapbig": 18.1797,
      "sigmagapbig": 0.1273,
      "rfid": 246120251,
      "has_stamp": true,
      "corrected": false,
      "dubious": false,
      "candid_alert": null,
      "step_id_corr": "dev",
      "phase": 0.0,
      "parent_candid": null
    },
    {
      "tid": "ztf",
      "mjd": 59813.41901620012,
      "candid": "2059419015115015007",
      "fid": 2,
      "pid": 2059419015115,
      "diffmaglim": 19.84728,
      "isdiffpos": 1,
      "nid": 2059,
      "distnr": 1.3430489,
      "magpsf": 18.155827,
      "magpsf_corr": 17.464035,
      "magpsf_corr_ext": null,
      "magap": 18.1765,
      "magap_corr": null,
      "sigmapsf": 0.06595501,
      "sigmapsf_corr": 100.0,
      "sigmapsf_corr_ext": 0.034876376,
      "sigmagap": 0.0832,
      "sigmagap_corr": null,
      "ra": 11.7371159,
      "dec": -21.8470679,
      "rb": 0.79,
      "rbversion": "t17_f5_c3",
      "drb": 0.99999267,
      "magapbig": 18.2576,
      "sigmagapbig": 0.1111,
      "rfid": 246120251,
      "has_stamp": true,
      "corrected": true,
      "dubious": true,
      "candid_alert": null,
      "step_id_corr": "dev",
      "phase": 0.0,
      "parent_candid": null
    },
    {
      "tid": "ztf",
      "mjd": 59815.46038189996,
      "candid": "2061460385115015004",
      "fid": 2,
      "pid": 2061460385115,
      "diffmaglim": 19.959282,
      "isdiffpos": 1,
      "nid": 2061,
      "distnr": 1.45816,
      "magpsf": 18.118439,
      "magpsf_corr": null,
      "magpsf_corr_ext": null,
      "magap": 18.1888,
      "magap_corr": null,
      "sigmapsf": 0.06709852,
      "sigmapsf_corr": null,
      "sigmapsf_corr_ext": null,
      "sigmagap": 0.0829,
      "sigmagap_corr": null,
      "ra": 11.7370846,
      "dec": -21.8470858,
      "rb": 0.66571426,