{
  "detections": [
    {
      "tid": "ztf",
      "mjd": 59928.24837959977,
      "candid": "2174248374115015013",
      "fid": 2,
      "pid": 2174248374115,
      "diffmaglim": 20.11179,
      "isdiffpos": 1,
      "nid": 2174,
      "distnr": 2.4574268,
      "magpsf": 18.299145,
      "magpsf_corr": null,
      "magpsf_corr_ext": null,
      "magap": 18.3304,
      "magap_corr": null,
      "sigmapsf": 0.070517614,
      "sigmapsf_corr": null,
      "sigmapsf_corr_ext": null,
      "sigmagap": 0.0701,
      "sigmagap_corr": null,
      "ra": 60.2973373,
      "dec": 5.548543,
      "rb": 0.91,
      "rbversion": "t17_f5_c3",
      "drb": 0.9999999,
      "magapbig": 18.3192,
      "sigmagapbig": 0.0885,
      "rfid": 455120241,
      "has_stamp": true,
      "corrected": false,
      "dubious": false,
      "candid_alert": null,
      "step_id_corr": "1.1.6",
      "phase": 0.0,
      "parent_candid": null
    },
    {
      "tid": "ztf",
      "mjd": 59928.31704859994,
      "candid": "2174317044115015007",
      "fid": 1,
      "pid": 2174317044115,
      "diffmaglim": 19.948648,
      "isdiffpos": 1,
      "nid": 2174,
      "distnr": 2.1598697,
      "magpsf": 18.17528,
      "magpsf_corr": null,
      "magpsf_corr_ext": null,
      "magap": 18.1282,
      "magap_corr": null,
      "sigmapsf": 0.06734057,
      "sigmapsf_corr": null,
      "sigmapsf_corr_ext": null,
      "sigmagap": 0.0685,
      "sigmagap_corr": null,
      "ra": 60.2973503,
      "dec": 5.5485482,
      "rb": 0.94857144,
      "rbversion": "t17_f5_c3",
      "drb": 0.9999676,
      "magapbig": 18.155,
      "sigmagapbig": 0.0895,
      "rfid": 455120141,
      "has_stamp": true,
      "corrected": false,
      "dubious": false,
      "candid_alert": null,
      "step_id_corr": "1.1.6",
      "phase": 0.0,
      "parent_candid": null
    },
    {
      "tid": "ztf",
      "mjd": 59932.20510420017,
      "candid": "2178205104115015008",
      "fid": 1,
      "pid": 2178205104115,
      "diffmaglim": 20.203918,
      "isdiffpos": 1,
      "nid": 2178,
      "distnr": 2.1932917,
      "magpsf": 17.74218,
      "magpsf_corr": null,
      "magpsf_corr_ext": null,
      "magap": 17.7322,
      "magap_corr": null,
      "sigmapsf": 0.055028245,
      "sigmapsf_corr": null,
      "sigmapsf_corr_ext": null,
      "sigmagap": 0.0343,
      "sigmagap_corr": null,
      "ra": 60.2973307,
      "dec": 5.5485271,
      "rb": 0.93142855,
      "rbversion": "t17_f5_c3",
      "drb": 0.99999666,
      "magapbig": 17.6965,
      "sigmagapbig": 0.0418,
      "rfid": 455120141,
      "has_stamp": true,
      "corrected": false,
      "dubious": false,
      "candid_alert": null,
      "step_id_corr": "1.1.6",
      "phase": 0.0,
      "parent_candid": null
    },
    {
      "tid": "ztf",
      "mjd": 59934.22717589978,
      "candid": "2180227174115015015",
      "fid": 1,
      "pid": 2180227174115,
      "diffmaglim": 20.596573,
      "isdiffpos": 1,
      "nid": 2180,
      "distnr": 2.1109347,
      "magpsf": 17.900658,
      "magpsf_corr": null,
      "magpsf_corr_ext": null,
      "magap": 17.888,
      "magap_corr": null,
      "sigmapsf": 0.05512463,
      "sigmapsf_corr": null,
      "sigmapsf_corr_ext": null,
      "sigmagap": 0.0366,
      "sigmagap_corr": null,
      "ra": 60.2973356,
      "dec": 5.5485536,
      "rb": 0.9557143,
      "rbversion": "t17_f5_c3",
      "drb": 1.0,
      "magapbig": 17.8582,
      "sigmagapbig": 0.0448,
      "rfid": 455120141,
      "has_stamp": true,
      "corrected": false,
      "dubious": false,
      "candid_alert": null,
      "step_id_corr": "1.1.6",
      "phase": 0.0,
      "parent_candid": null
    },
    {
      "tid": "ztf",
      "mjd": 59934.27576390002,
      "candid": "2180275764115015011",
      "fid": 2,
      "pid": 2180275764115,
      "diffmaglim": 20.334393,
      "isdiffpos": 1,
      "nid": 2180,
      "distnr": 2.4583924,
      "magpsf": 17.796024,
      "magpsf_corr": null,
      "magpsf_corr_ext": null,
      "magap": 17.9158,
      "magap_corr": null,
      "sigmapsf": 0.070148304,
      "sigmapsf_corr": null,
      "sigmapsf_corr_ext": null,
      "sigmagap": 0.0446,
      "sigmagap_corr": null,
      "ra": 60.2973328,
      "dec": 5.5485467,
      "rb": 0.9242857,
      "rbversion": "t17_f5_c3",
      "drb": 0.999998,
      "magapbig": 17.9417,
      "sigmagapbig": 0.0578,
      "rfid": 455120241,
      "has_stamp": true,
      "corrected": false,
      "dubious": false,
      "candid_alert": null,
      "step_id_corr": "1.1.6",
      "phase": 0.0,
      "parent_candid": null
    },
    {
      "tid": "ztf",
      "mjd": 59936.18347219983,
      "candid": "2182183474115015007",
      "fid": 1,
      "pid": 2182183474115,
      "diffmaglim": 19.728807,
      "isdiffpos": 1,
      "nid": 2182,
      "distnr": 2.057329,
      "magpsf": 18.043201,
      "magpsf_corr": null,
      "magpsf_corr_ext": null,
      "magap": 18.1529,
      "magap_corr": null,
      "sigmapsf": 0.10500329,
      "sigmapsf_corr": null,
      "sigmapsf_corr_ext": null,
      "sigmagap": 0.0995,
      "sigmagap_corr": null,
      "ra": 60.2973292,
      "dec": 5.5485682,
      "rb": 0.95857143,
      "rbversion": "t17_f5_c3",
      "drb": 0.9999999,
      "magapbig": 18.2631,
      "sigmagapbig": 0.1405,
      "rfid": 455120141,
      "has_stamp": true,
      "corrected": false,
      "dubious": false,
      "candid_alert": null,
      "step_id_corr": "1.1.6",
      "phase": 0.0,
      "parent_candid": null
    },
    {
      "tid": "ztf",
      "mjd": 59940.2450116002,
      "candid": "2186245014115015011",
      "fid": 2,
      "pid": 2186245014115,
      "diffmaglim": 20.212635,
      "isdiffpos": 1,
      "nid": 2186,
      "distnr": 2.499839,
      "magpsf": 18.016014,
      "magpsf_corr": null,
      "magpsf_corr_ext": null,
      "magap": 18.1672,
      "magap_corr": null,
      "sigmapsf": 0.052717075,
      "sigmapsf_corr": null,
      "sigmapsf_corr_ext": null,
      "sigmagap": 0.0674,
      "sigmagap_corr": null,
      "ra": 60.2973217,
      "dec": 5.5485443,
      "rb": 0.96,
      "rbversion": "t17_f5_c3",
      "drb": 0.9999995,
      "magapbig": 18.1793,
      "sigmagapbig": 0.0868,
      "rfid": 455120241,
      "has_stamp": true,
      "corrected": false,
      "dubious": false,
      "candid_alert": null,
      "step_id_corr": "1.1.6",
      "phase": 0.0,
      "parent_candid": null
    },
    {
      "tid": "ztf",
      "mjd": 59953.118506900035,
      "candid": "2199118504115015004",
      "fid": 1,
      "pid": 2199118504115,
      "diffmaglim": 19.797274,
      "isdiffpos": 1,
      "nid": 2199,
      "distnr": 2.1905365,
      "magpsf": 18.988457,
      "magpsf_corr": null,
      "magpsf_corr_ext": null,
      "magap": 18.6342,
      "magap_corr": null,
      "sigmapsf": 0.12004406,
      "sigmapsf_corr": null,
      "sigmapsf_corr_ext": null,
      "sigmagap": 0.1409,
      "sigmagap_corr": null,
      "ra": 60.2972868,
      "dec": 5.5485122,
      "rb": 0.74,
      "rbversion": "t17_f5_c3",
      "drb": 0.9999876,
      "magapbig": 18.4934,
      "sigmagapbig": 0.1586,
      "rfid": 455120141,
      "has_stamp": true,
      "corrected": false,
      "dubious": false,
      "candid_alert": null,
      "step_id_corr": "1.1.6",
      "phase": 0.0,
      "parent_candid": null
    },
    {
      "tid": "ztf",
      "mjd": 59957.193437499925,
      "candid": "2203193434115015006",
      "fid": 2,
      "pid": 2203193434115,
      "diffmaglim": 19.843395,
      "isdiffpos": 1,
      "nid": 2203,
      "distnr": 2.4231732,
      "magpsf": 18.617939,
      "magpsf_corr": null,
      "magpsf_corr_ext": null,
      "magap": 18.7939,
      "magap_corr": null,
      "sigmapsf": 0.11095564,
      "sigmapsf_corr": null,
      "sigmapsf_corr_ext": null,
      "sigmagap": 0.1346,
      "sigmagap_corr": null,
      "ra": 60.2973118,
      "dec": 5.5485641,
      "rb": 0.9357143,
      "rbversion": "t17_f5_c3",
      "drb": 0.9999938,