{
  "detections": [
    {
      "tid": "ztf",
      "mjd": 59923.53359950008,
      "candid": "2169533591015015009",
      "fid": 2,
      "pid": 2169533591015,
      "diffmaglim": 19.479488,
      "isdiffpos": 1,
      "nid": 2169,
      "distnr": 2.219077,
      "magpsf": 18.766151,
      "magpsf_corr": null,
      "magpsf_corr_ext": null,
      "magap": 18.9508,
      "magap_corr": null,
      "sigmapsf": 0.09232009,
      "sigmapsf_corr": null,
      "sigmapsf_corr_ext": null,
      "sigmagap": 0.2097,
      "sigmagap_corr": null,
      "ra": 223.5342609,
      "dec": 73.134512,
      "rb": 0.9242857,
      "rbversion": "t17_f5_c3",
      "drb": 0.9999975,
      "magapbig": 18.9947,
      "sigmagapbig": 0.2801,
      "rfid": 863120210,
      "has_stamp": true,
      "corrected": false,
      "dubious": false,
      "candid_alert": null,
      "step_id_corr": "1.1.6",
      "phase": 0.0,
      "parent_candid": null
    },
    {
      "tid": "ztf",
      "mjd": 59930.496956000105,
      "candid": "2176496951015015007",
      "fid": 1,
      "pid": 2176496951015,
      "diffmaglim": 19.5033,
      "isdiffpos": 1,
      "nid": 2176,
      "distnr": 1.95614,
      "magpsf": 19.7454,
      "magpsf_corr": null,
      "magpsf_corr_ext": null,
      "magap": 19.7635,
      "magap_corr": null,
      "sigmapsf": 0.265141,
      "sigmapsf_corr": null,
      "sigmapsf_corr_ext": null,
      "sigmagap": 0.2788,
      "sigmagap_corr": null,
      "ra": 223.534413,
      "dec": 73.1344889,
      "rb": 0.342857,
      "rbversion": "t17_f5_c3",
      "drb": null,
      "magapbig": 19.8846,
      "sigmagapbig": 0.3995,
      "rfid": null,
      "has_stamp": false,
      "corrected": false,
      "dubious": false,
      "candid_alert": null,
      "step_id_corr": "1.1.6",
      "phase": 0.0,
      "parent_candid": 2176517251015015200
    },
    {
      "tid": "ztf",
      "mjd": 59930.5172569002,
      "candid": "2176517251015015061",
      "fid": 2,
      "pid": 2176517251015,
      "diffmaglim": 19.672428,
      "isdiffpos": 1,
      "nid": 2176,
      "distnr": 2.2149284,
      "magpsf": 18.950167,
      "magpsf_corr": null,
      "magpsf_corr_ext": null,
      "magap": 18.9625,
      "magap_corr": null,
      "sigmapsf": 0.093766615,
      "sigmapsf_corr": null,
      "sigmapsf_corr_ext": null,
      "sigmagap": 0.1575,
      "sigmagap_corr": null,
      "ra": 223.5342475,
      "dec": 73.1345126,
      "rb": 0.82285714,
      "rbversion": "t17_f5_c3",
      "drb": 0.9993247,
      "magapbig": 18.8934,
      "sigmagapbig": 0.1894,
      "rfid": 863120210,
      "has_stamp": true,
      "corrected": false,
      "dubious": false,
      "candid_alert": null,
      "step_id_corr": "1.1.6",
      "phase": 0.0,
      "parent_candid": null
    },
    {
      "tid": "ztf",
      "mjd": 59935.47790510021,
      "candid": "2181477901015015019",
      "fid": 2,
      "pid": 2181477901015,
      "diffmaglim": 20.075293,
      "isdiffpos": 1,
      "nid": 2181,
      "distnr": 2.2725592,
      "magpsf": 19.164703,
      "magpsf_corr": null,
      "magpsf_corr_ext": null,
      "magap": 19.154,
      "magap_corr": null,
      "sigmapsf": 0.108654,
      "sigmapsf_corr": null,
      "sigmapsf_corr_ext": null,
      "sigmagap": 0.1466,
      "sigmagap_corr": null,
      "ra": 223.5343682,
      "dec": 73.1345078,
      "rb": 0.8142857,
      "rbversion": "t17_f5_c3",
      "drb": 0.9999844,
      "magapbig": 19.2269,
      "sigmagapbig": 0.2004,
      "rfid": 863120210,
      "has_stamp": true,
      "corrected": false,
      "dubious": false,
      "candid_alert": null,
      "step_id_corr": "1.1.6",
      "phase": 0.0,
      "parent_candid": null
    },
    {
      "tid": "ztf",
      "mjd": 59972.47385419998,
      "candid": "2218473851015015004",
      "fid": 2,
      "pid": 2218473851015,
      "diffmaglim": 19.912163,
      "isdiffpos": 1,
      "nid": 2218,
      "distnr": 2.377075,
      "magpsf": 19.779205,
      "magpsf_corr": null,
      "magpsf_corr_ext": null,
      "magap": 19.7025,
      "magap_corr": null,
      "sigmapsf": 0.20382676,
      "sigmapsf_corr": null,
      "sigmapsf_corr_ext": null,
      "sigmagap": 0.2306,
      "sigmagap_corr": null,
      "ra": 223.5343075,
      "dec": 73.1345564,
      "rb": 0.44428572,
      "rbversion": "t17_f5_c3",
      "drb": 0.998606,
      "magapbig": 19.7351,
      "sigmagapbig": 0.3042,
      "rfid": 863120210,
      "has_stamp": true,
      "corrected": false,
      "dubious": false,
      "candid_alert": null,
      "step_id_corr": "1.1.6",
      "phase": 0.0,
      "parent_candid": null
    }
  ],
  "non_detections": [
    {
      "tid": "ztf",
      "mjd": 59923.512581000105,
      "fid": 1,
      "diffmaglim": 19.0229
    },
    {
      "tid": "ztf",
      "mjd": 59933.51829859987,
      "fid": 2,
      "diffmaglim": 18.066
    },
    {
      "tid": "ztf",
      "mjd": 59933.547280100174,
      "fid": 1,
      "diffmaglim": 16.2746
    },
    {
      "tid": "ztf",
      "mjd": 59953.4539005002,
      "fid": 1,
      "diffmaglim": 17.9407
    },
    {
      "tid": "ztf",
      "mjd": 59953.46871529985,
      "fid": 2,
      "diffmaglim": 16.1617
    },
    {
      "tid": "ztf",
      "mjd": 59957.45173610002,
      "fid": 1,
      "diffmaglim": 19.196
    },
    {
      "tid": "ztf",
      "mjd": 59957.516342599876,
      "fid": 2,
      "diffmaglim": 18.1374
    },
    {
      "tid": "ztf",
      "mjd": 59966.39387729997,
      "fid": 2,
      "diffmaglim": 19.5097
    },
    {
      "tid": "ztf",
      "mjd": 59966.40891199978,
      "fid": 1,
      "diffmaglim": 19.7534
    },
    {
      "tid": "ztf",
      "mjd": 59968.392696800176,
      "fid": 2,
      "diffmaglim": 19.2972
    },
    {
      "tid": "ztf",
      "mjd": 59968.43085649982,
      "fid": 1,
      "diffmaglim": 19.8626
    },
    {
      "tid": "ztf",
      "mjd": 59970.383530099876,
      "fid": 1,
      "diffmaglim": 19.3653
    },
    {
      "tid": "ztf",
      "mjd": 59972.448599500116,
      "fid": 1,
      "diffmaglim": 19.8295
    }
  ],
  "forced_detections": []
}