{
  "detections": [
    {
      "tid": "ztf",
      "mjd": 60127.45516199991,
      "candid": "2373455161815015011",
      "fid": 1,
      "pid": 2373455161815,
      "diffmaglim": 19.33833,
      "isdiffpos": 1,
      "nid": 2373,
      "distnr": 2.9206102,
      "magpsf": 18.368559,
      "magpsf_corr": null,
      "magpsf_corr_ext": null,
      "magap": 18.4573,
      "magap_corr": null,
      "sigmapsf": 0.09116868,
      "sigmapsf_corr": null,
      "sigmapsf_corr_ext": null,
      "sigmagap": 0.1523,
      "sigmagap_corr": null,
      "ra": 7.6383327,
      "dec": -11.4031729,
      "rb": 0.9342857,
      "rbversion": "t17_f5_c3",
      "drb": 0.99999976,
      "magapbig": 18.5985,
      "sigmagapbig": 0.2219,
      "rfid": 345120118,
      "has_stamp": true,
      "corrected": false,
      "dubious": false,
      "candid_alert": null,
      "step_id_corr": "1.2.0",
      "phase": 0.0,
      "parent_candid": null
    },
    {
      "tid": "ztf",
      "mjd": 60137.46333329985,
      "candid": "2383463331815015017",
      "fid": 1,
      "pid": 2383463331815,
      "diffmaglim": 20.033422,
      "isdiffpos": 1,
      "nid": 2383,
      "distnr": 2.9093,
      "magpsf": 18.443974,
      "magpsf_corr": null,
      "magpsf_corr_ext": null,
      "magap": 18.3333,
      "magap_corr": null,
      "sigmapsf": 0.09698748,
      "sigmapsf_corr": null,
      "sigmapsf_corr_ext": null,
      "sigmagap": 0.0878,
      "sigmagap_corr": null,
      "ra": 7.6383199,
      "dec": -11.4031578,
      "rb": 0.95,
      "rbversion": "t17_f5_c3",
      "drb": 0.99999964,
      "magapbig": 18.2971,
      "sigmagapbig": 0.108,
      "rfid": 345120118,
      "has_stamp": true,
      "corrected": false,
      "dubious": false,
      "candid_alert": null,
      "step_id_corr": "1.2.0",
      "phase": 0.0,
      "parent_candid": null
    },
    {
      "tid": "ztf",
      "mjd": 60144.42099539982,
      "candid": "2390420991815015008",
      "fid": 1,
      "pid": 2390420991815,
      "diffmaglim": 20.42307,
      "isdiffpos": 1,
      "nid": 2390,
      "distnr": 2.9052627,
      "magpsf": 18.688042,
      "magpsf_corr": null,
      "magpsf_corr_ext": null,
      "magap": 18.4973,
      "magap_corr": null,
      "sigmapsf": 0.06601528,
      "sigmapsf_corr": null,
      "sigmapsf_corr_ext": null,
      "sigmagap": 0.0715,
      "sigmagap_corr": null,
      "ra": 7.6383274,
      "dec": -11.403173,
      "rb": 0.94142854,
      "rbversion": "t17_f5_c3",
      "drb": 0.99999964,
      "magapbig": 18.4966,
      "sigmagapbig": 0.0901,
      "rfid": 345120118,
      "has_stamp": true,
      "corrected": false,
      "dubious": false,
      "candid_alert": null,
      "step_id_corr": "1.2.0",
      "phase": 0.0,
      "parent_candid": null
    },
    {
      "tid": "ztf",
      "mjd": 60149.456249999814,
      "candid": "2395456251815015007",
      "fid": 1,
      "pid": 2395456251815,
      "diffmaglim": 20.467066,
      "isdiffpos": 1,
      "nid": 2395,
      "distnr": 2.9489892,
      "magpsf": 18.784245,
      "magpsf_corr": null,
      "magpsf_corr_ext": null,
      "magap": 18.6669,
      "magap_corr": null,
      "sigmapsf": 0.095900625,
      "sigmapsf_corr": null,
      "sigmapsf_corr_ext": null,
      "sigmagap": 0.0813,
      "sigmagap_corr": null,
      "ra": 7.6383293,
      "dec": -11.4031549,
      "rb": 0.9442857,
      "rbversion": "t17_f5_c3",
      "drb": 0.9999857,
      "magapbig": 18.639,
      "sigmagapbig": 0.1002,
      "rfid": 345120118,
      "has_stamp": true,
      "corrected": false,
      "dubious": false,
      "candid_alert": null,
      "step_id_corr": "1.2.0",
      "phase": 0.0,
      "parent_candid": null
    },
    {
      "tid": "ztf",
      "mjd": 60152.459919000044,
      "candid": "2398459911815015027",
      "fid": 1,
      "pid": 2398459911815,
      "diffmaglim": 20.408623,
      "isdiffpos": 1,
      "nid": 2398,
      "distnr": 2.872368,
      "magpsf": 18.828657,
      "magpsf_corr": null,
      "magpsf_corr_ext": null,
      "magap": 18.7714,
      "magap_corr": null,
      "sigmapsf": 0.08625601,
      "sigmapsf_corr": null,
      "sigmapsf_corr_ext": null,
      "sigmagap": 0.0875,
      "sigmagap_corr": null,
      "ra": 7.6383116,
      "dec": -11.4031676,
      "rb": 0.9442857,
      "rbversion": "t17_f5_c3",
      "drb": 0.999999,
      "magapbig": 18.8419,
      "sigmagapbig": 0.1178,
      "rfid": 345120118,
      "has_stamp": true,
      "corrected": false,
      "dubious": false,
      "candid_alert": null,
      "step_id_corr": "1.2.0",
      "phase": 0.0,
      "parent_candid": null
    },
    {
      "tid": "ztf",
      "mjd": 60155.44047449995,
      "candid": "2401440471815015013",
      "fid": 1,
      "pid": 2401440471815,
      "diffmaglim": 20.404194,
      "isdiffpos": 1,
      "nid": 2401,
      "distnr": 2.9167619,
      "magpsf": 19.075562,
      "magpsf_corr": null,
      "magpsf_corr_ext": null,
      "magap": 19.0996,
      "magap_corr": null,
      "sigmapsf": 0.11359735,
      "sigmapsf_corr": null,
      "sigmapsf_corr_ext": null,
      "sigmagap": 0.1177,
      "sigmagap_corr": null,
      "ra": 7.6383172,
      "dec": -11.4031534,
      "rb": 0.95428574,
      "rbversion": "t17_f5_c3",
      "drb": 0.9999992,
      "magapbig": 19.0109,
      "sigmagapbig": 0.1375,
      "rfid": 345120118,
      "has_stamp": true,
      "corrected": false,
      "dubious": false,
      "candid_alert": null,
      "step_id_corr": "1.2.0",
      "phase": 0.0,
      "parent_candid": null
    },
    {
      "tid": "ztf",
      "mjd": 60159.35759259993,
      "candid": "2405357591815015002",
      "fid": 1,
      "pid": 2405357591815,
      "diffmaglim": 18.6889,
      "isdiffpos": 1,
      "nid": 2405,
      "distnr": 2.45707,
      "magpsf": 19.0327,
      "magpsf_corr": null,
      "magpsf_corr_ext": null,
      "magap": 19.1312,
      "magap_corr": null,
      "sigmapsf": 0.275406,
      "sigmapsf_corr": null,
      "sigmapsf_corr_ext": null,
      "sigmagap": 0.4704,
      "sigmagap_corr": null,
      "ra": 7.6382605,
      "dec": -11.403298,
      "rb": 0.715714,
      "rbversion": "t17_f5_c3",
      "drb": null,
      "magapbig": 18.6028,
      "sigmagapbig": 0.3718,
      "rfid": null,
      "has_stamp": false,
      "corrected": false,
      "dubious": false,
      "candid_alert": null,
      "step_id_corr": "1.2.0",
      "phase": 0.0,
      "parent_candid": 2408461851815015000
    },
    {
      "tid": "ztf",
      "mjd": 60162.46185189998,
      "candid": "2408461851815015021",
      "fid": 1,
      "pid": 2408461851815,
      "diffmaglim": 19.692768,
      "isdiffpos": 1,
      "nid": 2408,
      "distnr": 2.9654274,
      "magpsf": 19.420013,
      "magpsf_corr": null,
      "magpsf_corr_ext": null,
      "magap": 19.2534,
      "magap_corr": null,
      "sigmapsf": 0.20414114,
      "sigmapsf_corr": null,
      "sigmapsf_corr_ext": null,
      "sigmagap": 0.2544,
      "sigmagap_corr": null,
      "ra": 7.638313,
      "dec": -11.4031269,
      "rb": 0.6457143,
      "rbversion": "t17_f5_c3",
      "drb": 0.999977,
      "magapbig": 19.7756,
      "sigmagapbig": 0.5271,
      "rfid": 345120118,
      "has_stamp": true,
      "corrected": false,
      "dubious": false,
      "candid_alert": null,
      "step_id_corr": "1.2.0",
      "phase": 0.0,
      "parent_candid": null
    }
  ],
  "non_detections": [
    {
      "tid": "ztf",
      "mjd": 60124.45909720007,
      "fid": 2,
      "diffmaglim": 20.0393
    },
    {
      "tid": "ztf",
      "mjd": 60135.45593750011,
      "fid": 2,
      "diffmaglim": 20.0765
    },
    {
      "tid": "ztf",
      "mjd": 60137.4363425998,
      "fid": 2,
      "diffmaglim": 20.099
    },
    {
      "tid": "ztf",
      "mjd": 60141.422870399896,
      "fid": 2,
      "diffmaglim": 20.0565
    },
    {
      "tid": "ztf",
      "mjd": 60144.394571799785,
      "fid": 2,
      "diffmaglim": 20.1297
    },
    {
      "tid": "ztf",
      "mjd": 60146.39850689983,