{
  "detections": [
    {
      "tid": "ztf",
      "mjd": 60194.1612383998,
      "candid": "2440161235615015000",
      "fid": 1,
      "pid": 2440161235615,
      "diffmaglim": 20.312836,
      "isdiffpos": 1,
      "nid": 2440,
      "distnr": 0.40242925,
      "magpsf": 18.38044,
      "magpsf_corr": 18.076435,
      "magpsf_corr_ext": null,
      "magap": 18.2761,
      "magap_corr": null,
      "sigmapsf": 0.07473556,
      "sigmapsf_corr": 0.050075985,
      "sigmapsf_corr_ext": 0.05648396,
      "sigmagap": 0.0618,
      "sigmagap_corr": null,
      "ra": 225.8658399,
      "dec": 80.216421,
      "rb": 0.9242857,
      "rbversion": "t17_f5_c3",
      "drb": 0.9999995,
      "magapbig": 18.2825,
      "sigmagapbig": 0.0784,
      "rfid": 863120156,
      "has_stamp": true,
      "corrected": true,
      "dubious": false,
      "candid_alert": null,
      "step_id_corr": "1.2.0",
      "phase": 0.0,
      "parent_candid": null
    },
    {
      "tid": "ztf",
      "mjd": 60194.16171299992,
      "candid": "2440161710715015011",
      "fid": 1,
      "pid": 2440161710715,
      "diffmaglim": 20.166922,
      "isdiffpos": 1,
      "nid": 2440,
      "distnr": 1.1570306,
      "magpsf": 18.383965,
      "magpsf_corr": 18.15436,
      "magpsf_corr_ext": null,
      "magap": 18.4833,
      "magap_corr": null,
      "sigmapsf": 0.07338828,
      "sigmapsf_corr": 0.05535715,
      "sigmapsf_corr_ext": 0.059399795,
      "sigmagap": 0.0763,
      "sigmagap_corr": null,
      "ra": 225.8655901,
      "dec": 80.2164439,
      "rb": 0.9342857,
      "rbversion": "t17_f5_c3",
      "drb": 0.9999985,
      "magapbig": 18.4962,
      "sigmagapbig": 0.0977,
      "rfid": 874120107,
      "has_stamp": true,
      "corrected": true,
      "dubious": false,
      "candid_alert": null,
      "step_id_corr": "1.2.0",
      "phase": 0.0,
      "parent_candid": null
    },
    {
      "tid": "ztf",
      "mjd": 60194.20253469981,
      "candid": "2440202530715015013",
      "fid": 2,
      "pid": 2440202530715,
      "diffmaglim": 19.994385,
      "isdiffpos": 1,
      "nid": 2440,
      "distnr": 1.1302922,
      "magpsf": 18.52999,
      "magpsf_corr": 17.991106,
      "magpsf_corr_ext": null,
      "magap": 18.5196,
      "magap_corr": null,
      "sigmapsf": 0.06769151,
      "sigmapsf_corr": 100.0,
      "sigmapsf_corr_ext": 0.041207943,
      "sigmagap": 0.0961,
      "sigmagap_corr": null,
      "ra": 225.8655404,
      "dec": 80.2164529,
      "rb": 0.94142854,
      "rbversion": "t17_f5_c3",
      "drb": 0.9999397,
      "magapbig": 18.5403,
      "sigmagapbig": 0.124,
      "rfid": 874120207,
      "has_stamp": true,
      "corrected": true,
      "dubious": false,
      "candid_alert": null,
      "step_id_corr": "1.2.0",
      "phase": 0.0,
      "parent_candid": null
    },
    {
      "tid": "ztf",
      "mjd": 60194.212256900035,
      "candid": "2440212255615015000",
      "fid": 2,
      "pid": 2440212255615,
      "diffmaglim": 20.12474,
      "isdiffpos": 1,
      "nid": 2440,
      "distnr": 1.3849269,
      "magpsf": 18.57741,
      "magpsf_corr": 17.978445,
      "magpsf_corr_ext": null,
      "magap": 18.6331,
      "magap_corr": null,
      "sigmapsf": 0.0814694,
      "sigmapsf_corr": 0.017165327,
      "sigmapsf_corr_ext": 0.046925433,
      "sigmagap": 0.1061,
      "sigmagap_corr": null,
      "ra": 225.8657056,
      "dec": 80.2164428,
      "rb": 0.95857143,
      "rbversion": "t17_f5_c3",
      "drb": 0.99999845,
      "magapbig": 18.5333,
      "sigmagapbig": 0.1225,
      "rfid": 863120256,
      "has_stamp": true,
      "corrected": true,
      "dubious": false,
      "candid_alert": null,
      "step_id_corr": "1.2.0",
      "phase": 0.0,
      "parent_candid": null
    },
    {
      "tid": "ztf",
      "mjd": 60221.13707179995,
      "candid": "2467137075615015005",
      "fid": 2,
      "pid": 2467137075615,
      "diffmaglim": 19.937443,
      "isdiffpos": 1,
      "nid": 2467,
      "distnr": 1.354599,
      "magpsf": 18.76305,
      "magpsf_corr": 18.081467,
      "magpsf_corr_ext": null,
      "magap": 18.5829,
      "magap_corr": null,
      "sigmapsf": 0.101008385,
      "sigmapsf_corr": 0.024516938,
      "sigmapsf_corr_ext": 0.05391675,
      "sigmagap": 0.1191,
      "sigmagap_corr": null,
      "ra": 225.8657812,
      "dec": 80.2164243,
      "rb": 0.97,
      "rbversion": "t17_f5_c3",
      "drb": 0.999992,
      "magapbig": 18.5928,
      "sigmagapbig": 0.1525,
      "rfid": 863120256,
      "has_stamp": true,
      "corrected": true,
      "dubious": false,
      "candid_alert": null,
      "step_id_corr": "1.2.1",
      "phase": 0.0,
      "parent_candid": null
    },
    {
      "tid": "ztf",
      "mjd": 60221.1572106001,
      "candid": "2467157215615015000",
      "fid": 1,
      "pid": 2467157215615,
      "diffmaglim": 19.95484,
      "isdiffpos": 1,
      "nid": 2467,
      "distnr": 0.4486276,
      "magpsf": 19.087221,
      "magpsf_corr": 18.563725,
      "magpsf_corr_ext": null,
      "magap": 19.3266,
      "magap_corr": null,
      "sigmapsf": 0.11940539,
      "sigmapsf_corr": 0.06131985,
      "sigmapsf_corr_ext": 0.073726736,
      "sigmagap": 0.208,
      "sigmagap_corr": null,
      "ra": 225.8657235,
      "dec": 80.216452,
      "rb": 0.93,
      "rbversion": "t17_f5_c3",
      "drb": 0.9999267,
      "magapbig": 19.2404,
      "sigmagapbig": 0.245,
      "rfid": 863120156,
      "has_stamp": true,
      "corrected": true,
      "dubious": false,
      "candid_alert": null,
      "step_id_corr": "1.2.1",
      "phase": 0.0,
      "parent_candid": null
    },
    {
      "tid": "ztf",
      "mjd": 60291.53355319984,
      "candid": "2537533550715015007",
      "fid": 2,
      "pid": 2537533550715,
      "diffmaglim": 19.932632,
      "isdiffpos": 1,
      "nid": 2537,
      "distnr": 1.2084131,
      "magpsf": 19.88356,
      "magpsf_corr": 18.608622,
      "magpsf_corr_ext": null,
      "magap": 19.7673,
      "magap_corr": null,
      "sigmapsf": 0.1647235,
      "sigmapsf_corr": 100.0,
      "sigmapsf_corr_ext": 0.050907303,
      "sigmagap": 0.2792,
      "sigmagap_corr": null,
      "ra": 225.8656259,
      "dec": 80.2164366,
      "rb": 0.7457143,
      "rbversion": "t17_f5_c3",
      "drb": 0.9928071,
      "magapbig": 19.4371,
      "sigmagapbig": 0.2612,
      "rfid": 874120207,
      "has_stamp": true,
      "corrected": true,
      "dubious": false,
      "candid_alert": null,
      "step_id_corr": "23.12.x",
      "phase": 0.0,
      "parent_candid": null
    }
  ],
  "non_detections": [
    {
      "tid": "ztf",
      "mjd": 60165.226458299905,
      "fid": 2,
      "diffmaglim": 20.1125
    },
    {
      "tid": "ztf",
      "mjd": 60165.243553199805,
      "fid": 1,
      "diffmaglim": 20.054
    },
    {
      "tid": "ztf",
      "mjd": 60166.188020799775,
      "fid": 1,
      "diffmaglim": 20.49
    },
    {
      "tid": "ztf",
      "mjd": 60166.26226849994,
      "fid": 2,
      "diffmaglim": 20.4049
    },
    {
      "tid": "ztf",
      "mjd": 60169.30467589991,
      "fid": 2,
      "diffmaglim": 19.9748
    },
    {
      "tid": "ztf",
      "mjd": 60170.24012729991,
      "fid": 1,
      "diffmaglim": 20.1478
    },
    {
      "tid": "ztf",
      "mjd": 60171.25994209992,
      "fid": 2,
      "diffmaglim": 20.1329
    },
    {
      "tid": "ztf",
      "mjd": 60171.28333330015,
      "fid": 1,
      "diffmaglim": 20.359
    },
    {
      "tid": "ztf",
      "mjd": 60172.18192130001,
      "fid": 2,
      "diffmaglim": 20.0772
    },
    {
      "tid": "ztf",
      "mjd": 60172.24528940022,
      "fid": 1,
      "diffmaglim": 19.9616
    },
    {
      "tid": "ztf",
      "mjd": 60173.21928239986,
      "fid": 1,
      "diffmaglim": 20.3172
    },
    {
      "tid": "ztf",
      "mjd": 60173.24641200015,
      "fid": 2,
      "diffmaglim": 20.2263
    },
    {
      "tid": "ztf",
      "mjd": 60174.200405099895,
      "fid": 1,