{
  "detections": [
    {
      "tid": "ztf",
      "mjd": 60110.356527800206,
      "candid": "2356356522515015024",
      "fid": 1,
      "pid": 2356356522515,
      "diffmaglim": 20.5194,
      "isdiffpos": 1,
      "nid": 2356,
      "distnr": 1.06028,
      "magpsf": 19.3041,
      "magpsf_corr": 18.229479,
      "magpsf_corr_ext": null,
      "magap": 19.756,
      "magap_corr": null,
      "sigmapsf": 0.10532,
      "sigmapsf_corr": 100.0,
      "sigmapsf_corr_ext": 0.039143715,
      "sigmagap": 0.2113,
      "sigmagap_corr": null,
      "ra": 289.1831318,
      "dec": -17.5096762,
      "rb": 0.85,
      "rbversion": "t17_f5_c3",
      "drb": null,
      "magapbig": 19.794,
      "sigmagapbig": 0.2766,
      "rfid": null,
      "has_stamp": false,
      "corrected": true,
      "dubious": false,
      "candid_alert": null,
      "step_id_corr": "1.2.0",
      "phase": 0.0,
      "parent_candid": 2358433732515015000
    },
    {
      "tid": "ztf",
      "mjd": 60112.43373840023,
      "candid": "2358433732515015016",
      "fid": 1,
      "pid": 2358433732515,
      "diffmaglim": 20.303549,
      "isdiffpos": 1,
      "nid": 2358,
      "distnr": 1.0684019,
      "magpsf": 19.096226,
      "magpsf_corr": 18.147501,
      "magpsf_corr_ext": null,
      "magap": 19.5321,
      "magap_corr": null,
      "sigmapsf": 0.1287474,
      "sigmapsf_corr": 100.0,
      "sigmapsf_corr_ext": 0.053733934,
      "sigmagap": 0.2031,
      "sigmagap_corr": null,
      "ra": 289.1831289,
      "dec": -17.5097161,
      "rb": 0.8528572,
      "rbversion": "t17_f5_c3",
      "drb": 1.0,
      "magapbig": 19.4822,
      "sigmagapbig": 0.2463,
      "rfid": 335120125,
      "has_stamp": true,
      "corrected": true,
      "dubious": false,
      "candid_alert": null,
      "step_id_corr": "1.2.0",
      "phase": 0.0,
      "parent_candid": null
    },
    {
      "tid": "ztf",
      "mjd": 60115.42732639983,
      "candid": "2361427322515015014",
      "fid": 1,
      "pid": 2361427322515,
      "diffmaglim": 20.292328,
      "isdiffpos": 1,
      "nid": 2361,
      "distnr": 0.96472645,
      "magpsf": 18.984726,
      "magpsf_corr": 18.099566,
      "magpsf_corr_ext": null,
      "magap": 19.1894,
      "magap_corr": null,
      "sigmapsf": 0.10107397,
      "sigmapsf_corr": 100.0,
      "sigmapsf_corr_ext": 0.044727582,
      "sigmagap": 0.1419,
      "sigmagap_corr": null,
      "ra": 289.1831577,
      "dec": -17.5096845,
      "rb": 0.91571426,
      "rbversion": "t17_f5_c3",
      "drb": 0.9999999,
      "magapbig": 19.2533,
      "sigmagapbig": 0.1908,
      "rfid": 335120125,
      "has_stamp": true,
      "corrected": true,
      "dubious": false,
      "candid_alert": null,
      "step_id_corr": "1.2.0",
      "phase": 0.0,
      "parent_candid": null
    },
    {
      "tid": "ztf",
      "mjd": 60120.33597220015,
      "candid": "2366335972515015016",
      "fid": 1,
      "pid": 2366335972515,
      "diffmaglim": 20.310102,
      "isdiffpos": 1,
      "nid": 2366,
      "distnr": 1.0212954,
      "magpsf": 19.02427,
      "magpsf_corr": 18.116888,
      "magpsf_corr_ext": null,
      "magap": 18.9374,
      "magap_corr": null,
      "sigmapsf": 0.095096044,
      "sigmapsf_corr": 100.0,
      "sigmapsf_corr_ext": 0.041229665,
      "sigmagap": 0.1091,
      "sigmagap_corr": null,
      "ra": 289.1831406,
      "dec": -17.5097033,
      "rb": 0.9057143,
      "rbversion": "t17_f5_c3",
      "drb": 1.0,
      "magapbig": 18.8899,
      "sigmagapbig": 0.1324,
      "rfid": 335120125,
      "has_stamp": true,
      "corrected": true,
      "dubious": false,
      "candid_alert": null,
      "step_id_corr": "1.2.0",
      "phase": 0.0,
      "parent_candid": null
    },
    {
      "tid": "ztf",
      "mjd": 60120.41018520016,
      "candid": "2366410182515015011",
      "fid": 2,
      "pid": 2366410182515,
      "diffmaglim": 20.203485,
      "isdiffpos": 1,
      "nid": 2366,
      "distnr": 0.6660082,
      "magpsf": 18.955423,
      "magpsf_corr": 17.873041,
      "magpsf_corr_ext": null,
      "magap": 18.9277,
      "magap_corr": null,
      "sigmapsf": 0.09489726,
      "sigmapsf_corr": 100.0,
      "sigmapsf_corr_ext": 0.035018787,
      "sigmagap": 0.1218,
      "sigmagap_corr": null,
      "ra": 289.1831284,
      "dec": -17.5097654,
      "rb": 0.87,
      "rbversion": "t17_f5_c3",
      "drb": 1.0,
      "magapbig": 18.9667,
      "sigmagapbig": 0.1601,
      "rfid": 335120225,
      "has_stamp": true,
      "corrected": true,
      "dubious": false,
      "candid_alert": null,
      "step_id_corr": "1.2.0",
      "phase": 0.0,
      "parent_candid": null
    },
    {
      "tid": "ztf",
      "mjd": 60122.27964119986,
      "candid": "2368279642515015011",
      "fid": 2,
      "pid": 2368279642515,
      "diffmaglim": 19.507994,
      "isdiffpos": 1,
      "nid": 2368,
      "distnr": 0.961121,
      "magpsf": 18.734665,
      "magpsf_corr": 17.786266,
      "magpsf_corr_ext": null,
      "magap": 18.6479,
      "magap_corr": null,
      "sigmapsf": 0.12768018,
      "sigmapsf_corr": 100.0,
      "sigmapsf_corr_ext": 0.053304557,
      "sigmagap": 0.1337,
      "sigmagap_corr": null,
      "ra": 289.1831413,
      "dec": -17.5098576,
      "rb": 0.54285717,
      "rbversion": "t17_f5_c3",
      "drb": 0.99999547,
      "magapbig": 18.5433,
      "sigmagapbig": 0.1551,
      "rfid": 335120225,
      "has_stamp": true,
      "corrected": true,
      "dubious": false,
      "candid_alert": null,
      "step_id_corr": "1.2.0",
      "phase": 0.0,
      "parent_candid": null
    },
    {
      "tid": "ztf",
      "mjd": 60124.3973495001,
      "candid": "2370397342515015014",
      "fid": 1,
      "pid": 2370397342515,
      "diffmaglim": 20.014545,
      "isdiffpos": 1,
      "nid": 2370,
      "distnr": 0.91940707,
      "magpsf": 19.128426,
      "magpsf_corr": 18.160824,
      "magpsf_corr_ext": null,
      "magap": 19.1426,
      "magap_corr": null,
      "sigmapsf": 0.13748938,
      "sigmapsf_corr": 100.0,
      "sigmapsf_corr_ext": 0.056393437,
      "sigmagap": 0.1476,
      "sigmagap_corr": null,
      "ra": 289.1831806,
      "dec": -17.5097706,
      "rb": 0.70428574,
      "rbversion": "t17_f5_c3",
      "drb": 0.9999999,
      "magapbig": 19.159,
      "sigmagapbig": 0.1902,
      "rfid": 335120125,
      "has_stamp": true,
      "corrected": true,
      "dubious": false,
      "candid_alert": null,
      "step_id_corr": "1.2.0",
      "phase": 0.0,
      "parent_candid": null
    },
    {
      "tid": "ztf",
      "mjd": 60124.420023099985,
      "candid": "2370420022515015013",
      "fid": 2,
      "pid": 2370420022515,
      "diffmaglim": 20.27773,
      "isdiffpos": 1,
      "nid": 2370,
      "distnr": 0.6185719,
      "magpsf": 18.899387,
      "magpsf_corr": 17.852026,
      "magpsf_corr_ext": null,
      "magap": 18.951,
      "magap_corr": null,
      "sigmapsf": 0.09164903,
      "sigmapsf_corr": 100.0,
      "sigmapsf_corr_ext": 0.034928754,
      "sigmagap": 0.1219,
      "sigmagap_corr": null,
      "ra": 289.1830953,
      "dec": -17.5097332,
      "rb": 0.9085714,
      "rbversion": "t17_f5_c3",
      "drb": 1.0,
      "magapbig": 19.0734,
      "sigmagapbig": 0.1736,
      "rfid": 335120225,
      "has_stamp": true,
      "corrected": true,
      "dubious": false,
      "candid_alert": null,
      "step_id_corr": "1.2.0",
      "phase": 0.0,
      "parent_candid": null
    },
    {
      "tid": "ztf",
      "mjd": 60133.354039399885,
      "candid": "2379354032515015012",
      "fid": 1,
      "pid": 2379354032515,
      "diffmaglim": 19.859772,
      "isdiffpos": 1,
      "nid": 2379,
      "distnr": 1.0705024,
      "magpsf": 19.53806,
      "magpsf_corr": 18.310663,
      "magpsf_corr_ext": null,
      "magap": 19.8424,
      "magap_corr": null,
      "sigmapsf": 0.18414658,
      "sigmapsf_corr": 100.0,
      "sigmapsf_corr_ext": 0.059457295,
      "sigmagap": 0.3576,
      "sigmagap_corr": null,