{
  "detections": [
    {
      "tid": "ztf",
      "mjd": 59982.205335599836,
      "candid": "2228205330915015027",
      "fid": 2,
      "pid": 2228205330915,
      "diffmaglim": 19.386335,
      "isdiffpos": 1,
      "nid": 2228,
      "distnr": 3.6880062,
      "magpsf": 19.287724,
      "magpsf_corr": null,
      "magpsf_corr_ext": null,
      "magap": 19.3239,
      "magap_corr": null,
      "sigmapsf": 0.18744321,
      "sigmapsf_corr": null,
      "sigmapsf_corr_ext": null,
      "sigmagap": 0.274,
      "sigmagap_corr": null,
      "ra": 112.0394445,
      "dec": 52.4715996,
      "rb": 0.62,
      "rbversion": "t17_f5_c3",
      "drb": 0.60179627,
      "magapbig": 19.5445,
      "sigmagapbig": 0.4332,
      "rfid": 783120209,
      "has_stamp": true,
      "corrected": false,
      "dubious": false,
      "candid_alert": null,
      "step_id_corr": "1.1.6",
      "phase": 0.0,
      "parent_candid": null
    },
    {
      "tid": "ztf",
      "mjd": 59984.25950230006,
      "candid": "2230259500915015004",
      "fid": 2,
      "pid": 2230259500915,
      "diffmaglim": 19.72389,
      "isdiffpos": 1,
      "nid": 2230,
      "distnr": 3.6034384,
      "magpsf": 19.272375,
      "magpsf_corr": null,
      "magpsf_corr_ext": null,
      "magap": 19.331,
      "magap_corr": null,
      "sigmapsf": 0.16830407,
      "sigmapsf_corr": null,
      "sigmapsf_corr_ext": null,
      "sigmagap": 0.2207,
      "sigmagap_corr": null,
      "ra": 112.0393494,
      "dec": 52.4714746,
      "rb": 0.6685714,
      "rbversion": "t17_f5_c3",
      "drb": 0.8227978,
      "magapbig": 19.4907,
      "sigmagapbig": 0.3301,
      "rfid": 783120209,
      "has_stamp": true,
      "corrected": false,
      "dubious": false,
      "candid_alert": null,
      "step_id_corr": "1.1.6",
      "phase": 0.0,
      "parent_candid": null
    },
    {
      "tid": "ztf",
      "mjd": 59992.175821799785,
      "candid": "2238175820915015002",
      "fid": 2,
      "pid": 2238175820915,
      "diffmaglim": 19.401154,
      "isdiffpos": 1,
      "nid": 2238,
      "distnr": 3.6502917,
      "magpsf": 19.276423,
      "magpsf_corr": null,
      "magpsf_corr_ext": null,
      "magap": 19.227,
      "magap_corr": null,
      "sigmapsf": 0.17544968,
      "sigmapsf_corr": null,
      "sigmapsf_corr_ext": null,
      "sigmagap": 0.2751,
      "sigmagap_corr": null,
      "ra": 112.0393385,
      "dec": 52.4714879,
      "rb": 0.75714284,
      "rbversion": "t17_f5_c3",
      "drb": 0.9948019,
      "magapbig": 19.3417,
      "sigmagapbig": 0.3949,
      "rfid": 783120209,
      "has_stamp": true,
      "corrected": false,
      "dubious": false,
      "candid_alert": null,
      "step_id_corr": "1.1.6",
      "phase": 0.0,
      "parent_candid": null
    },
    {
      "tid": "ztf",
      "mjd": 59994.21884260001,
      "candid": "2240218840915015006",
      "fid": 2,
      "pid": 2240218840915,
      "diffmaglim": 20.131962,
      "isdiffpos": 1,
      "nid": 2240,
      "distnr": 3.6633992,
      "magpsf": 19.303856,
      "magpsf_corr": null,
      "magpsf_corr_ext": null,
      "magap": 19.5659,
      "magap_corr": null,
      "sigmapsf": 0.10975992,
      "sigmapsf_corr": null,
      "sigmapsf_corr_ext": null,
      "sigmagap": 0.2177,
      "sigmagap_corr": null,
      "ra": 112.0393495,
      "dec": 52.471509,
      "rb": 0.87714285,
      "rbversion": "t17_f5_c3",
      "drb": 0.9985266,
      "magapbig": 19.7486,
      "sigmagapbig": 0.3343,
      "rfid": 783120209,
      "has_stamp": true,
      "corrected": false,
      "dubious": false,
      "candid_alert": null,
      "step_id_corr": "1.1.6",
      "phase": 0.0,
      "parent_candid": null
    },
    {
      "tid": "ztf",
      "mjd": 60013.20004629996,
      "candid": "2259200040915015006",
      "fid": 2,
      "pid": 2259200040915,
      "diffmaglim": 20.172655,
      "isdiffpos": 1,
      "nid": 2259,
      "distnr": 3.5176222,
      "magpsf": 19.587946,
      "magpsf_corr": null,
      "magpsf_corr_ext": null,
      "magap": 20.0167,
      "magap_corr": null,
      "sigmapsf": 0.135466,
      "sigmapsf_corr": null,
      "sigmapsf_corr_ext": null,
      "sigmagap": 0.3853,
      "sigmagap_corr": null,
      "ra": 112.0394345,
      "dec": 52.4715126,
      "rb": 0.77,
      "rbversion": "t17_f5_c3",
      "drb": 0.96323603,
      "magapbig": 19.7884,
      "sigmagapbig": 0.4045,
      "rfid": 783120209,
      "has_stamp": true,
      "corrected": false,
      "dubious": false,
      "candid_alert": null,
      "step_id_corr": "1.1.6",
      "phase": 0.0,
      "parent_candid": null
    },
    {
      "tid": "ztf",
      "mjd": 60036.18109950004,
      "candid": "2282181090915015003",
      "fid": 2,
      "pid": 2282181090915,
      "diffmaglim": 19.947033,
      "isdiffpos": 1,
      "nid": 2282,
      "distnr": 3.7943525,
      "magpsf": 19.63503,
      "magpsf_corr": null,
      "magpsf_corr_ext": null,
      "magap": 19.8016,
      "magap_corr": null,
      "sigmapsf": 0.17664504,
      "sigmapsf_corr": null,
      "sigmapsf_corr_ext": null,
      "sigmagap": 0.4015,
      "sigmagap_corr": null,
      "ra": 112.0392775,
      "dec": 52.471509,
      "rb": 0.74,
      "rbversion": "t17_f5_c3",
      "drb": 0.99838585,
      "magapbig": 19.4745,
      "sigmagapbig": 0.3839,
      "rfid": 783120209,
      "has_stamp": true,
      "corrected": false,
      "dubious": false,
      "candid_alert": null,
      "step_id_corr": "1.1.6",
      "phase": 0.0,
      "parent_candid": null
    },
    {
      "tid": "ztf",
      "mjd": 60045.24582180008,
      "candid": "2291245820915015007",
      "fid": 2,
      "pid": 2291245820915,
      "diffmaglim": 20.454868,
      "isdiffpos": 1,
      "nid": 2291,
      "distnr": 3.7091804,
      "magpsf": 19.970879,
      "magpsf_corr": null,
      "magpsf_corr_ext": null,
      "magap": 20.2713,
      "magap_corr": null,
      "sigmapsf": 0.17147107,
      "sigmapsf_corr": null,
      "sigmapsf_corr_ext": null,
      "sigmagap": 0.4103,
      "sigmagap_corr": null,
      "ra": 112.0393779,
      "dec": 52.4715558,
      "rb": 0.63857144,
      "rbversion": "t17_f5_c3",
      "drb": 0.2761215,
      "magapbig": 19.8732,
      "sigmagapbig": 0.3702,
      "rfid": 783120209,
      "has_stamp": true,
      "corrected": false,
      "dubious": false,
      "candid_alert": null,
      "step_id_corr": "1.1.6",
      "phase": 0.0,
      "parent_candid": null
    },
    {
      "tid": "ztf",
      "mjd": 60049.198032400105,
      "candid": "2295198030915015003",
      "fid": 2,
      "pid": 2295198030915,
      "diffmaglim": 20.2205,
      "isdiffpos": 1,
      "nid": 2295,
      "distnr": 3.7972,
      "magpsf": 20.4328,
      "magpsf_corr": null,
      "magpsf_corr_ext": null,
      "magap": 20.4485,
      "magap_corr": null,
      "sigmapsf": 0.303223,
      "sigmapsf_corr": null,
      "sigmapsf_corr_ext": null,
      "sigmagap": 0.5099,
      "sigmagap_corr": null,
      "ra": 112.0393341,
      "dec": 52.4715615,
      "rb": 0.608571,
      "rbversion": "t17_f5_c3",
      "drb": null,
      "magapbig": 20.1389,
      "sigmagapbig": 0.4983,
      "rfid": null,
      "has_stamp": false,
      "corrected": false,
      "dubious": false,
      "candid_alert": null,
      "step_id_corr": "1.1.6",
      "phase": 0.0,
      "parent_candid": 2297177950915015000
    },
    {
      "tid": "ztf",
      "mjd": 60051.17795140017,
      "candid": "2297177950915015011",
      "fid": 2,
      "pid": 2297177950915,
      "diffmaglim": 20.546116,
      "isdiffpos": 1,
      "nid": 2297,
      "distnr": 3.6674376,
      "magpsf": 20.199265,
      "magpsf_corr": null,
      "magpsf_corr_ext": null,
      "magap": 20.277,
      "magap_corr": null,
      "sigmapsf": 0.18145859,
      "sigmapsf_corr": null,
      "sigmapsf_corr_ext": null,
      "sigmagap": 0.384,
      "sigmagap_corr": null,
      "ra": 112.0393763,
      "dec": 52.4715355,
      "rb": 0.54571426,
      "rbversion": "t17_f5_c3",