{
  "detections": [
    {
      "tid": "ztf",
      "mjd": 59873.26379630016,
      "candid": "2119263795815015002",
      "fid": 1,
      "pid": 2119263795815,
      "diffmaglim": 20.6255,
      "isdiffpos": 1,
      "nid": 2119,
      "distnr": 1.58809,
      "magpsf": 20.1121,
      "magpsf_corr": null,
      "magpsf_corr_ext": null,
      "magap": 19.7232,
      "magap_corr": null,
      "sigmapsf": 0.22878,
      "sigmapsf_corr": null,
      "sigmapsf_corr_ext": null,
      "sigmagap": 0.1971,
      "sigmagap_corr": null,
      "ra": 21.8904193,
      "dec": 21.7110252,
      "rb": 0.381429,
      "rbversion": "t17_f5_c3",
      "drb": null,
      "magapbig": 19.7518,
      "sigmagapbig": 0.2581,
      "rfid": null,
      "has_stamp": false,
      "corrected": false,
      "dubious": false,
      "candid_alert": null,
      "step_id_corr": "1.1.6",
      "phase": 0.0,
      "parent_candid": 2124232115815015000
    },
    {
      "tid": "ztf",
      "mjd": 59878.23211809993,
      "candid": "2124232115815015003",
      "fid": 2,
      "pid": 2124232115815,
      "diffmaglim": 20.189949,
      "isdiffpos": 1,
      "nid": 2124,
      "distnr": 4.860875,
      "magpsf": 19.707642,
      "magpsf_corr": null,
      "magpsf_corr_ext": null,
      "magap": 19.4707,
      "magap_corr": null,
      "sigmapsf": 0.18485427,
      "sigmapsf_corr": null,
      "sigmapsf_corr_ext": null,
      "sigmagap": 0.2069,
      "sigmagap_corr": null,
      "ra": 21.8904205,
      "dec": 21.7110069,
      "rb": 0.63285714,
      "rbversion": "t17_f5_c3",
      "drb": 0.8405278,
      "magapbig": 19.4929,
      "sigmagapbig": 0.2697,
      "rfid": 553120258,
      "has_stamp": true,
      "corrected": false,
      "dubious": false,
      "candid_alert": null,
      "step_id_corr": "1.1.6",
      "phase": 0.0,
      "parent_candid": null
    },
    {
      "tid": "ztf",
      "mjd": 59880.21939809993,
      "candid": "2126219395815015002",
      "fid": 2,
      "pid": 2126219395815,
      "diffmaglim": 20.287527,
      "isdiffpos": 1,
      "nid": 2126,
      "distnr": 4.627532,
      "magpsf": 19.782518,
      "magpsf_corr": null,
      "magpsf_corr_ext": null,
      "magap": 19.6265,
      "magap_corr": null,
      "sigmapsf": 0.14777598,
      "sigmapsf_corr": null,
      "sigmapsf_corr_ext": null,
      "sigmagap": 0.2277,
      "sigmagap_corr": null,
      "ra": 21.890394,
      "dec": 21.7111784,
      "rb": 0.8685714,
      "rbversion": "t17_f5_c3",
      "drb": 0.9993082,
      "magapbig": 19.7775,
      "sigmagapbig": 0.3342,
      "rfid": 553120258,
      "has_stamp": true,
      "corrected": false,
      "dubious": false,
      "candid_alert": null,
      "step_id_corr": "1.1.6",
      "phase": 0.0,
      "parent_candid": null
    },
    {
      "tid": "ztf",
      "mjd": 59882.22311339993,
      "candid": "2128223115815015005",
      "fid": 1,
      "pid": 2128223115815,
      "diffmaglim": 20.6361,
      "isdiffpos": 1,
      "nid": 2128,
      "distnr": 1.50647,
      "magpsf": 19.8021,
      "magpsf_corr": null,
      "magpsf_corr_ext": null,
      "magap": 19.34,
      "magap_corr": null,
      "sigmapsf": 0.143062,
      "sigmapsf_corr": null,
      "sigmapsf_corr_ext": null,
      "sigmagap": 0.1342,
      "sigmagap_corr": null,
      "ra": 21.8903979,
      "dec": 21.7109529,
      "rb": 0.318571,
      "rbversion": "t17_f5_c3",
      "drb": null,
      "magapbig": 19.1214,
      "sigmagapbig": 0.1396,
      "rfid": null,
      "has_stamp": false,
      "corrected": false,
      "dubious": false,
      "candid_alert": null,
      "step_id_corr": "1.1.6",
      "phase": 0.0,
      "parent_candid": 2128238465815015000
    },
    {
      "tid": "ztf",
      "mjd": 59882.23846059991,
      "candid": "2128238465815015004",
      "fid": 2,
      "pid": 2128238465815,
      "diffmaglim": 20.44229,
      "isdiffpos": 1,
      "nid": 2128,
      "distnr": 4.5531907,
      "magpsf": 19.780724,
      "magpsf_corr": null,
      "magpsf_corr_ext": null,
      "magap": 19.5813,
      "magap_corr": null,
      "sigmapsf": 0.12923491,
      "sigmapsf_corr": null,
      "sigmapsf_corr_ext": null,
      "sigmagap": 0.2161,
      "sigmagap_corr": null,
      "ra": 21.890358,
      "dec": 21.7111219,
      "rb": 0.8971428,
      "rbversion": "t17_f5_c3",
      "drb": 0.9883001,
      "magapbig": 19.4996,
      "sigmagapbig": 0.2552,
      "rfid": 553120258,
      "has_stamp": true,
      "corrected": false,
      "dubious": false,
      "candid_alert": null,
      "step_id_corr": "1.1.6",
      "phase": 0.0,
      "parent_candid": null
    },
    {
      "tid": "ztf",
      "mjd": 59887.29611109989,
      "candid": "2133296115815015001",
      "fid": 2,
      "pid": 2133296115815,
      "diffmaglim": 19.673,
      "isdiffpos": 1,
      "nid": 2133,
      "distnr": 4.41406,
      "magpsf": 19.9147,
      "magpsf_corr": null,
      "magpsf_corr_ext": null,
      "magap": 19.4555,
      "magap_corr": null,
      "sigmapsf": 0.222713,
      "sigmapsf_corr": null,
      "sigmapsf_corr_ext": null,
      "sigmagap": 0.2825,
      "sigmagap_corr": null,
      "ra": 21.8902993,
      "dec": 21.7110688,
      "rb": 0.641429,
      "rbversion": "t17_f5_c3",
      "drb": null,
      "magapbig": 19.5127,
      "sigmagapbig": 0.3805,
      "rfid": null,
      "has_stamp": false,
      "corrected": false,
      "dubious": false,
      "candid_alert": null,
      "step_id_corr": "1.1.6",
      "phase": 0.0,
      "parent_candid": 2144254765815015000
    },
    {
      "tid": "ztf",
      "mjd": 59898.22555560013,
      "candid": "2144225555815015003",
      "fid": 1,
      "pid": 2144225555815,
      "diffmaglim": 20.6022,
      "isdiffpos": 1,
      "nid": 2144,
      "distnr": 1.36808,
      "magpsf": 20.4257,
      "magpsf_corr": 19.110258,
      "magpsf_corr_ext": null,
      "magap": 19.5611,
      "magap_corr": null,
      "sigmapsf": 0.264463,
      "sigmapsf_corr": 100.0,
      "sigmapsf_corr_ext": 0.07873878,
      "sigmagap": 0.1741,
      "sigmagap_corr": null,
      "ra": 21.8903391,
      "dec": 21.7110803,
      "rb": 0.27,
      "rbversion": "t17_f5_c3",
      "drb": null,
      "magapbig": 19.32,
      "sigmagapbig": 0.1779,
      "rfid": null,
      "has_stamp": false,
      "corrected": true,
      "dubious": true,
      "candid_alert": null,
      "step_id_corr": "1.1.6",
      "phase": 0.0,
      "parent_candid": 2144254765815015000
    },
    {
      "tid": "ztf",
      "mjd": 59898.254768500105,
      "candid": "2144254765815015004",
      "fid": 2,
      "pid": 2144254765815,
      "diffmaglim": 20.307152,
      "isdiffpos": 1,
      "nid": 2144,
      "distnr": 4.6160617,
      "magpsf": 19.771797,
      "magpsf_corr": null,
      "magpsf_corr_ext": null,
      "magap": 19.3836,
      "magap_corr": null,
      "sigmapsf": 0.17102453,
      "sigmapsf_corr": null,
      "sigmapsf_corr_ext": null,
      "sigmagap": 0.1925,
      "sigmagap_corr": null,
      "ra": 21.8903817,
      "dec": 21.7111388,
      "rb": 0.8242857,
      "rbversion": "t17_f5_c3",
      "drb": 0.9620923,
      "magapbig": 19.5887,
      "sigmagapbig": 0.297,
      "rfid": 553120258,
      "has_stamp": true,
      "corrected": false,
      "dubious": false,
      "candid_alert": null,
      "step_id_corr": "1.1.6",
      "phase": 0.0,
      "parent_candid": null
    },
    {
      "tid": "ztf",
      "mjd": 59902.19770829985,
      "candid": "2148197705815015005",
      "fid": 2,
      "pid": 2148197705815,
      "diffmaglim": 20.073425,
      "isdiffpos": 1,
      "nid": 2148,
      "distnr": 4.28092,
      "magpsf": 19.598663,
      "magpsf_corr": null,
      "magpsf_corr_ext": null,
      "magap": 19.4094,
      "magap_corr": null,
      "sigmapsf": 0.17120247,
      "sigmapsf_corr": null,
      "sigmapsf_corr_ext": null,
      "sigmagap": 0.1917,
      "sigmagap_corr": null,
      "ra": 21.8902703,
      "dec": 21.7111119,
      "rb": 0.6571429,
      "rbversion": "t17_f5_c3",