{
  "detections": [
    {
      "tid": "ztf",
      "mjd": 59829.4598842999,
      "candid": "2075459881815015004",
      "fid": 2,
      "pid": 2075459881815,
      "diffmaglim": 20.239805,
      "isdiffpos": 1,
      "nid": 2075,
      "distnr": 1.0368707,
      "magpsf": 19.564013,
      "magpsf_corr": 18.325108,
      "magpsf_corr_ext": null,
      "magap": 19.4881,
      "magap_corr": null,
      "sigmapsf": 0.1560724,
      "sigmapsf_corr": 100.0,
      "sigmapsf_corr_ext": 0.0498614,
      "sigmagap": 0.2364,
      "sigmagap_corr": null,
      "ra": 48.3896021,
      "dec": -25.7225203,
      "rb": 0.94285715,
      "rbversion": "t17_f5_c3",
      "drb": 0.99909484,
      "magapbig": 19.6106,
      "sigmagapbig": 0.3376,
      "rfid": 251120218,
      "has_stamp": true,
      "corrected": true,
      "dubious": false,
      "candid_alert": null,
      "step_id_corr": "dev",
      "phase": 0.0,
      "parent_candid": null
    },
    {
      "tid": "ztf",
      "mjd": 59844.481678199954,
      "candid": "2090481671815015002",
      "fid": 2,
      "pid": 2090481671815,
      "diffmaglim": 20.0743,
      "isdiffpos": 1,
      "nid": 2090,
      "distnr": 0.961974,
      "magpsf": 19.8269,
      "magpsf_corr": 18.402386,
      "magpsf_corr_ext": null,
      "magap": 20.006,
      "magap_corr": null,
      "sigmapsf": 0.22068,
      "sigmapsf_corr": 0.010667293,
      "sigmapsf_corr_ext": 0.059423383,
      "sigmagap": 0.4048,
      "sigmagap_corr": null,
      "ra": 48.3896262,
      "dec": -25.722522,
      "rb": 0.835714,
      "rbversion": "t17_f5_c3",
      "drb": null,
      "magapbig": 20.0663,
      "sigmagapbig": 0.5472,
      "rfid": null,
      "has_stamp": false,
      "corrected": true,
      "dubious": false,
      "candid_alert": null,
      "step_id_corr": "dev",
      "phase": 0.0,
      "parent_candid": 2093419171815015000
    },
    {
      "tid": "ztf",
      "mjd": 59847.419178199954,
      "candid": "2093419171815015005",
      "fid": 2,
      "pid": 2093419171815,
      "diffmaglim": 20.228172,
      "isdiffpos": 1,
      "nid": 2093,
      "distnr": 0.8845712,
      "magpsf": 19.627472,
      "magpsf_corr": 18.344982,
      "magpsf_corr_ext": null,
      "magap": 19.5094,
      "magap_corr": null,
      "sigmapsf": 0.12943049,
      "sigmapsf_corr": 100.0,
      "sigmapsf_corr_ext": 0.039722867,
      "sigmagap": 0.2451,
      "sigmagap_corr": null,
      "ra": 48.3896418,
      "dec": -25.7225909,
      "rb": 0.94714284,
      "rbversion": "t17_f5_c3",
      "drb": 0.99999493,
      "magapbig": 19.7499,
      "sigmagapbig": 0.3903,
      "rfid": 251120218,
      "has_stamp": true,
      "corrected": true,
      "dubious": false,
      "candid_alert": null,
      "step_id_corr": "dev",
      "phase": 0.0,
      "parent_candid": null
    },
    {
      "tid": "ztf",
      "mjd": 59872.37438660022,
      "candid": "2118374381815015007",
      "fid": 2,
      "pid": 2118374381815,
      "diffmaglim": 20.131435,
      "isdiffpos": 1,
      "nid": 2118,
      "distnr": 0.89258134,
      "magpsf": 19.977262,
      "magpsf_corr": 18.44087,
      "magpsf_corr_ext": null,
      "magap": 20.1815,
      "magap_corr": null,
      "sigmapsf": 0.20200995,
      "sigmapsf_corr": 100.0,
      "sigmapsf_corr_ext": 0.04906999,
      "sigmagap": 0.4737,
      "sigmagap_corr": null,
      "ra": 48.3896393,
      "dec": -25.7225883,
      "rb": 0.87142855,
      "rbversion": "t17_f5_c3",
      "drb": 0.99983066,
      "magapbig": 20.4478,
      "sigmagapbig": 0.774,
      "rfid": 251120218,
      "has_stamp": true,
      "corrected": true,
      "dubious": false,
      "candid_alert": null,
      "step_id_corr": "1.1.6",
      "phase": 0.0,
      "parent_candid": null
    },
    {
      "tid": "ztf",
      "mjd": 59874.35560189979,
      "candid": "2120355601815015006",
      "fid": 2,
      "pid": 2120355601815,
      "diffmaglim": 20.294811,
      "isdiffpos": 1,
      "nid": 2120,
      "distnr": 1.172629,
      "magpsf": 19.774788,
      "magpsf_corr": 18.388105,
      "magpsf_corr_ext": null,
      "magap": 19.7516,
      "magap_corr": null,
      "sigmapsf": 0.14426395,
      "sigmapsf_corr": 100.0,
      "sigmapsf_corr_ext": 0.040223982,
      "sigmagap": 0.2824,
      "sigmagap_corr": null,
      "ra": 48.3895521,
      "dec": -25.7225995,
      "rb": 0.95285714,
      "rbversion": "t17_f5_c3",
      "drb": 0.99999917,
      "magapbig": 19.5589,
      "sigmagapbig": 0.3022,
      "rfid": 251120218,
      "has_stamp": true,
      "corrected": true,
      "dubious": false,
      "candid_alert": null,
      "step_id_corr": "1.1.6",
      "phase": 0.0,
      "parent_candid": null
    }
  ],
  "non_detections": [
    {
      "tid": "ztf",
      "mjd": 59829.48129629996,
      "fid": 1,
      "diffmaglim": 20.1963
    },
    {
      "tid": "ztf",
      "mjd": 59840.45638890006,
      "fid": 1,
      "diffmaglim": 20.0116
    },
    {
      "tid": "ztf",
      "mjd": 59840.48052080022,
      "fid": 1,
      "diffmaglim": 20.1407
    },
    {
      "tid": "ztf",
      "mjd": 59842.42971060006,
      "fid": 2,
      "diffmaglim": 20.1891
    },
    {
      "tid": "ztf",
      "mjd": 59842.439675900154,
      "fid": 1,
      "diffmaglim": 19.9155
    },
    {
      "tid": "ztf",
      "mjd": 59844.439722199924,
      "fid": 1,
      "diffmaglim": 20.0661
    },
    {
      "tid": "ztf",
      "mjd": 59847.48082179995,
      "fid": 1,
      "diffmaglim": 20.1094
    },
    {
      "tid": "ztf",
      "mjd": 59849.43989579985,
      "fid": 1,
      "diffmaglim": 20.2013
    },
    {
      "tid": "ztf",
      "mjd": 59849.48182869982,
      "fid": 2,
      "diffmaglim": 20.1371
    },
    {
      "tid": "ztf",
      "mjd": 59851.418263900094,
      "fid": 2,
      "diffmaglim": 20.139
    },
    {
      "tid": "ztf",
      "mjd": 59851.46034719981,
      "fid": 1,
      "diffmaglim": 20.2706
    },
    {
      "tid": "ztf",
      "mjd": 59852.39837960014,
      "fid": 1,
      "diffmaglim": 20.5234
    },
    {
      "tid": "ztf",
      "mjd": 59852.48339120019,
      "fid": 2,
      "diffmaglim": 20.3384
    },
    {
      "tid": "ztf",
      "mjd": 59854.439641200006,
      "fid": 2,
      "diffmaglim": 20.195
    },
    {
      "tid": "ztf",
      "mjd": 59856.41892360011,
      "fid": 1,
      "diffmaglim": 20.3318
    },
    {
      "tid": "ztf",
      "mjd": 59858.41784719983,
      "fid": 1,
      "diffmaglim": 20.0803
    },
    {
      "tid": "ztf",
      "mjd": 59860.39812499983,
      "fid": 2,
      "diffmaglim": 19.4129
    },
    {
      "tid": "ztf",
      "mjd": 59860.4620949002,
      "fid": 1,
      "diffmaglim": 19.1093
    },
    {
      "tid": "ztf",
      "mjd": 59862.44355319999,
      "fid": 2,
      "diffmaglim": 19.0971
    },
    {
      "tid": "ztf",
      "mjd": 59864.41062500002,
      "fid": 1,
      "diffmaglim": 18.9271
    },
    {
      "tid": "ztf",
      "mjd": 59867.376365699805,
      "fid": 2,
      "diffmaglim": 18.5441
    },
    {
      "tid": "ztf",
      "mjd": 59867.41950230021,
      "fid": 1,
      "diffmaglim": 19.3045
    },
    {
      "tid": "ztf",
      "mjd": 59870.355763900094,
      "fid": 1,
      "diffmaglim": 19.9245
    },
    {
      "tid": "ztf",
      "mjd": 59870.37711809995,
      "fid": 2,
      "diffmaglim": 20.0547
    },
    {
      "tid": "ztf",
      "mjd": 59872.334907399956,
      "fid": 1,
      "diffmaglim": 19.8918
    }
  ],
  "forced_detections": []
}