{
  "detections": [
    {
      "tid": "ztf",
      "mjd": 59798.477858799975,
      "candid": "2044477850315015002",
      "fid": 2,
      "pid": 2044477850315,
      "diffmaglim": 19.85961,
      "isdiffpos": 1,
      "nid": 2044,
      "distnr": 2.5132723,
      "magpsf": 19.163477,
      "magpsf_corr": null,
      "magpsf_corr_ext": null,
      "magap": 19.6836,
      "magap_corr": null,
      "sigmapsf": 0.14460719,
      "sigmapsf_corr": null,
      "sigmapsf_corr_ext": null,
      "sigmagap": 0.3546,
      "sigmagap_corr": null,
      "ra": 46.7768966,
      "dec": -5.9581926,
      "rb": 0.7942857,
      "rbversion": "t17_f5_c3",
      "drb": 0.9999948,
      "magapbig": 19.2841,
      "sigmagapbig": 0.3061,
      "rfid": 402120203,
      "has_stamp": true,
      "corrected": false,
      "dubious": false,
      "candid_alert": null,
      "step_id_corr": "dev",
      "phase": 0.0,
      "parent_candid": null
    },
    {
      "tid": "ztf",
      "mjd": 59801.47762730019,
      "candid": "2047477620315015023",
      "fid": 2,
      "pid": 2047477620315,
      "diffmaglim": 20.282663,
      "isdiffpos": 1,
      "nid": 2047,
      "distnr": 2.523308,
      "magpsf": 19.310877,
      "magpsf_corr": null,
      "magpsf_corr_ext": null,
      "magap": 19.5444,
      "magap_corr": null,
      "sigmapsf": 0.14995463,
      "sigmapsf_corr": null,
      "sigmapsf_corr_ext": null,
      "sigmagap": 0.2589,
      "sigmagap_corr": null,
      "ra": 46.7769269,
      "dec": -5.9581701,
      "rb": 0.7128571,
      "rbversion": "t17_f5_c3",
      "drb": 0.9984162,
      "magapbig": 19.2581,
      "sigmagapbig": 0.243,
      "rfid": 402120203,
      "has_stamp": true,
      "corrected": false,
      "dubious": false,
      "candid_alert": null,
      "step_id_corr": "dev",
      "phase": 0.0,
      "parent_candid": null
    },
    {
      "tid": "ztf",
      "mjd": 59813.442881899886,
      "candid": "2059442880315015000",
      "fid": 2,
      "pid": 2059442880315,
      "diffmaglim": 19.562479,
      "isdiffpos": 1,
      "nid": 2059,
      "distnr": 1.469789,
      "magpsf": 18.883734,
      "magpsf_corr": null,
      "magpsf_corr_ext": null,
      "magap": 19.0018,
      "magap_corr": null,
      "sigmapsf": 0.21131536,
      "sigmapsf_corr": null,
      "sigmapsf_corr_ext": null,
      "sigmagap": 0.1639,
      "sigmagap_corr": null,
      "ra": 46.7768234,
      "dec": -5.957817,
      "rb": 0.5971429,
      "rbversion": "t17_f5_c3",
      "drb": 0.7945724,
      "magapbig": 18.8686,
      "sigmagapbig": 0.175,
      "rfid": 402120203,
      "has_stamp": true,
      "corrected": false,
      "dubious": false,
      "candid_alert": null,
      "step_id_corr": "dev",
      "phase": 0.0,
      "parent_candid": null
    },
    {
      "tid": "ztf",
      "mjd": 59815.48343749996,
      "candid": "2061483430315015001",
      "fid": 2,
      "pid": 2061483430315,
      "diffmaglim": 20.272808,
      "isdiffpos": 1,
      "nid": 2061,
      "distnr": 2.5424411,
      "magpsf": 19.19709,
      "magpsf_corr": null,
      "magpsf_corr_ext": null,
      "magap": 19.3206,
      "magap_corr": null,
      "sigmapsf": 0.13308452,
      "sigmapsf_corr": null,
      "sigmapsf_corr_ext": null,
      "sigmagap": 0.2044,
      "sigmagap_corr": null,
      "ra": 46.7769218,
      "dec": -5.9581819,
      "rb": 0.83428574,
      "rbversion": "t17_f5_c3",
      "drb": 0.9994383,
      "magapbig": 19.0739,
      "sigmagapbig": 0.198,
      "rfid": 402120203,
      "has_stamp": true,
      "corrected": false,
      "dubious": false,
      "candid_alert": null,
      "step_id_corr": "dev",
      "phase": 0.0,
      "parent_candid": null
    },
    {
      "tid": "ztf",
      "mjd": 59817.48865740001,
      "candid": "2063488650315015006",
      "fid": 2,
      "pid": 2063488650315,
      "diffmaglim": 20.394108,
      "isdiffpos": 1,
      "nid": 2063,
      "distnr": 2.5841093,
      "magpsf": 19.229652,
      "magpsf_corr": null,
      "magpsf_corr_ext": null,
      "magap": 19.3041,
      "magap_corr": null,
      "sigmapsf": 0.13624507,
      "sigmapsf_corr": null,
      "sigmapsf_corr_ext": null,
      "sigmagap": 0.1967,
      "sigmagap_corr": null,
      "ra": 46.776954,
      "dec": -5.958168,
      "rb": 0.8357143,
      "rbversion": "t17_f5_c3",
      "drb": 0.99959874,
      "magapbig": 19.0587,
      "sigmagapbig": 0.1902,
      "rfid": 402120203,
      "has_stamp": true,
      "corrected": false,
      "dubious": false,
      "candid_alert": null,
      "step_id_corr": "dev",
      "phase": 0.0,
      "parent_candid": null
    }
  ],
  "non_detections": [
    {
      "tid": "ztf",
      "mjd": 59793.46383100003,
      "fid": 1,
      "diffmaglim": 20.1416
    },
    {
      "tid": "ztf",
      "mjd": 59795.42542820005,
      "fid": 1,
      "diffmaglim": 18.0992
    },
    {
      "tid": "ztf",
      "mjd": 59798.43379630009,
      "fid": 1,
      "diffmaglim": 19.9061
    },
    {
      "tid": "ztf",
      "mjd": 59801.404305600096,
      "fid": 1,
      "diffmaglim": 18.9043
    },
    {
      "tid": "ztf",
      "mjd": 59807.45084490022,
      "fid": 1,
      "diffmaglim": 19.3671
    },
    {
      "tid": "ztf",
      "mjd": 59810.4001042,
      "fid": 1,
      "diffmaglim": 19.1514
    },
    {
      "tid": "ztf",
      "mjd": 59810.4749305998,
      "fid": 2,
      "diffmaglim": 19.6791
    },
    {
      "tid": "ztf",
      "mjd": 59815.43921299977,
      "fid": 1,
      "diffmaglim": 20.3345
    },
    {
      "tid": "ztf",
      "mjd": 59817.442036999855,
      "fid": 1,
      "diffmaglim": 20.5217
    }
  ],
  "forced_detections": []
}