{
  "detections": [
    {
      "tid": "ztf",
      "mjd": 60086.214282399975,
      "candid": "2332214283315015031",
      "fid": 1,
      "pid": 2332214283315,
      "diffmaglim": 20.760466,
      "isdiffpos": 1,
      "nid": 2332,
      "distnr": 4.2238207,
      "magpsf": 17.031881,
      "magpsf_corr": null,
      "magpsf_corr_ext": null,
      "magap": 17.0059,
      "magap_corr": null,
      "sigmapsf": 0.04076126,
      "sigmapsf_corr": null,
      "sigmapsf_corr_ext": null,
      "sigmagap": 0.0201,
      "sigmagap_corr": null,
      "ra": 175.6032604,
      "dec": 20.1187029,
      "rb": 0.9142857,
      "rbversion": "t17_f5_c3",
      "drb": 0.9999975,
      "magapbig": 16.9767,
      "sigmagapbig": 0.0231,
      "rfid": 574120133,
      "has_stamp": true,
      "corrected": false,
      "dubious": false,
      "candid_alert": null,
      "step_id_corr": "1.2.0",
      "phase": 0.0,
      "parent_candid": null
    },
    {
      "tid": "ztf",
      "mjd": 60086.306006900035,
      "candid": "2332306003315015011",
      "fid": 1,
      "pid": 2332306003315,
      "diffmaglim": 20.511015,
      "isdiffpos": 1,
      "nid": 2332,
      "distnr": 4.1764417,
      "magpsf": 17.051914,
      "magpsf_corr": null,
      "magpsf_corr_ext": null,
      "magap": 17.0307,
      "magap_corr": null,
      "sigmapsf": 0.0423767,
      "sigmapsf_corr": null,
      "sigmapsf_corr_ext": null,
      "sigmagap": 0.0231,
      "sigmagap_corr": null,
      "ra": 175.6032526,
      "dec": 20.118717,
      "rb": 0.9242857,
      "rbversion": "t17_f5_c3",
      "drb": 0.9999999,
      "magapbig": 17.0185,
      "sigmagapbig": 0.0272,
      "rfid": 574120133,
      "has_stamp": true,
      "corrected": false,
      "dubious": false,
      "candid_alert": null,
      "step_id_corr": "1.2.0",
      "phase": 0.0,
      "parent_candid": null
    },
    {
      "tid": "ztf",
      "mjd": 60088.277326399926,
      "candid": "2334277323315015011",
      "fid": 1,
      "pid": 2334277323315,
      "diffmaglim": 20.509235,
      "isdiffpos": 1,
      "nid": 2334,
      "distnr": 4.176595,
      "magpsf": 17.065334,
      "magpsf_corr": null,
      "magpsf_corr_ext": null,
      "magap": 17.0768,
      "magap_corr": null,
      "sigmapsf": 0.04348772,
      "sigmapsf_corr": null,
      "sigmapsf_corr_ext": null,
      "sigmagap": 0.0222,
      "sigmagap_corr": null,
      "ra": 175.6032516,
      "dec": 20.1187154,
      "rb": 0.9128571,
      "rbversion": "t17_f5_c3",
      "drb": 0.9999988,
      "magapbig": 17.0616,
      "sigmagapbig": 0.026,
      "rfid": 574120133,
      "has_stamp": true,
      "corrected": false,
      "dubious": false,
      "candid_alert": null,
      "step_id_corr": "1.2.0",
      "phase": 0.0,
      "parent_candid": null
    },
    {
      "tid": "ztf",
      "mjd": 60090.18178239977,
      "candid": "2336181783315015006",
      "fid": 2,
      "pid": 2336181783315,
      "diffmaglim": 20.01572,
      "isdiffpos": 1,
      "nid": 2336,
      "distnr": 1.0694207,
      "magpsf": 16.992521,
      "magpsf_corr": 16.239185,
      "magpsf_corr_ext": null,
      "magap": 16.9357,
      "magap_corr": null,
      "sigmapsf": 0.03930187,
      "sigmapsf_corr": 100.0,
      "sigmapsf_corr_ext": 0.01963716,
      "sigmagap": 0.0279,
      "sigmagap_corr": null,
      "ra": 175.6032471,
      "dec": 20.1187023,
      "rb": 0.93,
      "rbversion": "t17_f5_c3",
      "drb": 0.9999712,
      "magapbig": 16.9121,
      "sigmagapbig": 0.0331,
      "rfid": 574120233,
      "has_stamp": true,
      "corrected": true,
      "dubious": false,
      "candid_alert": null,
      "step_id_corr": "1.2.0",
      "phase": 0.0,
      "parent_candid": null
    },
    {
      "tid": "ztf",
      "mjd": 60097.2433449002,
      "candid": "2343243343315015002",
      "fid": 2,
      "pid": 2343243343315,
      "diffmaglim": 19.726593,
      "isdiffpos": 1,
      "nid": 2343,
      "distnr": 1.0487813,
      "magpsf": 17.002546,
      "magpsf_corr": 16.244183,
      "magpsf_corr_ext": null,
      "magap": 17.0095,
      "magap_corr": null,
      "sigmapsf": 0.031686492,
      "sigmapsf_corr": 100.0,
      "sigmapsf_corr_ext": 0.015758999,
      "sigmagap": 0.0425,
      "sigmagap_corr": null,
      "ra": 175.6032333,
      "dec": 20.1187188,
      "rb": 0.92142856,
      "rbversion": "t17_f5_c3",
      "drb": 0.9999994,
      "magapbig": 17.0642,
      "sigmagapbig": 0.0557,
      "rfid": 574120233,
      "has_stamp": true,
      "corrected": true,
      "dubious": false,
      "candid_alert": null,
      "step_id_corr": "1.2.0",
      "phase": 0.0,
      "parent_candid": null
    },
    {
      "tid": "ztf",
      "mjd": 60102.28752310015,
      "candid": "2348287523315015004",
      "fid": 1,
      "pid": 2348287523315,
      "diffmaglim": 19.010054,
      "isdiffpos": 1,
      "nid": 2348,
      "distnr": 4.2103577,
      "magpsf": 17.71072,
      "magpsf_corr": null,
      "magpsf_corr_ext": null,
      "magap": 17.8268,
      "magap_corr": null,
      "sigmapsf": 0.08422321,
      "sigmapsf_corr": null,
      "sigmapsf_corr_ext": null,
      "sigmagap": 0.09,
      "sigmagap_corr": null,
      "ra": 175.603258,
      "dec": 20.1187061,
      "rb": 0.6742857,
      "rbversion": "t17_f5_c3",
      "drb": 0.99971277,
      "magapbig": 17.7,
      "sigmagapbig": 0.1014,
      "rfid": 574120133,
      "has_stamp": true,
      "corrected": false,
      "dubious": false,
      "candid_alert": null,
      "step_id_corr": "1.2.0",
      "phase": 0.0,
      "parent_candid": null
    },
    {
      "tid": "ztf",
      "mjd": 60104.254166699946,
      "candid": "2350254163315015010",
      "fid": 1,
      "pid": 2350254163315,
      "diffmaglim": 20.393393,
      "isdiffpos": 1,
      "nid": 2350,
      "distnr": 4.1786757,
      "magpsf": 17.7197,
      "magpsf_corr": null,
      "magpsf_corr_ext": null,
      "magap": 17.7092,
      "magap_corr": null,
      "sigmapsf": 0.057922866,
      "sigmapsf_corr": null,
      "sigmapsf_corr_ext": null,
      "sigmagap": 0.0435,
      "sigmagap_corr": null,
      "ra": 175.6032516,
      "dec": 20.118714,
      "rb": 0.95,
      "rbversion": "t17_f5_c3",
      "drb": 1.0,
      "magapbig": 17.7116,
      "sigmagapbig": 0.0528,
      "rfid": 574120133,
      "has_stamp": true,
      "corrected": false,
      "dubious": false,
      "candid_alert": null,
      "step_id_corr": "1.2.0",
      "phase": 0.0,
      "parent_candid": null
    },
    {
      "tid": "ztf",
      "mjd": 60111.24560189992,
      "candid": "2357245603315015008",
      "fid": 1,
      "pid": 2357245603315,
      "diffmaglim": 20.310364,
      "isdiffpos": 1,
      "nid": 2357,
      "distnr": 4.289674,
      "magpsf": 18.059334,
      "magpsf_corr": null,
      "magpsf_corr_ext": null,
      "magap": 18.0092,
      "magap_corr": null,
      "sigmapsf": 0.06732441,
      "sigmapsf_corr": null,
      "sigmapsf_corr_ext": null,
      "sigmagap": 0.0581,
      "sigmagap_corr": null,
      "ra": 175.6032845,
      "dec": 20.1187054,
      "rb": 0.9657143,
      "rbversion": "t17_f5_c3",
      "drb": 0.9999995,
      "magapbig": 18.0311,
      "sigmagapbig": 0.0724,
      "rfid": 574120133,
      "has_stamp": true,
      "corrected": false,
      "dubious": false,
      "candid_alert": null,
      "step_id_corr": "1.2.0",
      "phase": 0.0,
      "parent_candid": null
    },
    {
      "tid": "ztf",
      "mjd": 60113.26565970015,
      "candid": "2359265653315015011",
      "fid": 1,
      "pid": 2359265653315,
      "diffmaglim": 20.091791,
      "isdiffpos": 1,
      "nid": 2359,
      "distnr": 4.1644773,
      "magpsf": 18.118172,
      "magpsf_corr": null,
      "magpsf_corr_ext": null,
      "magap": 18.0813,
      "magap_corr": null,
      "sigmapsf": 0.074274845,
      "sigmapsf_corr": null,
      "sigmapsf_corr_ext": null,
      "sigmagap": 0.0709,
      "sigmagap_corr": null,
      "ra": 175.6032545,
      "dec": 20.1187275,
      "rb": 0.95,