{
  "detections": [
    {
      "tid": "ztf",
      "mjd": 59977.481909700204,
      "candid": "2223481902515015000",
      "fid": 1,
      "pid": 2223481902515,
      "diffmaglim": 19.908875,
      "isdiffpos": 1,
      "nid": 2223,
      "distnr": 1.4448255,
      "magpsf": 17.329672,
      "magpsf_corr": null,
      "magpsf_corr_ext": null,
      "magap": 17.2185,
      "magap_corr": null,
      "sigmapsf": 0.043388482,
      "sigmapsf_corr": null,
      "sigmapsf_corr_ext": null,
      "sigmagap": 0.0312,
      "sigmagap_corr": null,
      "ra": 179.9776041,
      "dec": 26.0689228,
      "rb": 0.94142854,
      "rbversion": "t17_f5_c3",
      "drb": 0.9651617,
      "magapbig": 17.194,
      "sigmagapbig": 0.0384,
      "rfid": 624120125,
      "has_stamp": true,
      "corrected": false,
      "dubious": false,
      "candid_alert": null,
      "step_id_corr": "1.1.6",
      "phase": 0.0,
      "parent_candid": null
    },
    {
      "tid": "ztf",
      "mjd": 59980.409374999814,
      "candid": "2226409372515015000",
      "fid": 1,
      "pid": 2226409372515,
      "diffmaglim": 19.557,
      "isdiffpos": 1,
      "nid": 2226,
      "distnr": 1.5208938,
      "magpsf": 17.049635,
      "magpsf_corr": null,
      "magpsf_corr_ext": null,
      "magap": 17.0235,
      "magap_corr": null,
      "sigmapsf": 0.045968127,
      "sigmapsf_corr": null,
      "sigmapsf_corr_ext": null,
      "sigmagap": 0.0425,
      "sigmagap_corr": null,
      "ra": 179.9775821,
      "dec": 26.0689132,
      "rb": 0.93857145,
      "rbversion": "t17_f5_c3",
      "drb": 0.38594508,
      "magapbig": 17.0372,
      "sigmagapbig": 0.0549,
      "rfid": 624120125,
      "has_stamp": true,
      "corrected": false,
      "dubious": false,
      "candid_alert": null,
      "step_id_corr": "1.1.6",
      "phase": 0.0,
      "parent_candid": null
    },
    {
      "tid": "ztf",
      "mjd": 59984.41674769996,
      "candid": "2230416742515015000",
      "fid": 1,
      "pid": 2230416742515,
      "diffmaglim": 19.47759,
      "isdiffpos": 1,
      "nid": 2230,
      "distnr": 1.3927602,
      "magpsf": 16.808762,
      "magpsf_corr": 16.746487,
      "magpsf_corr_ext": null,
      "magap": 16.7413,
      "magap_corr": null,
      "sigmapsf": 0.039112337,
      "sigmapsf_corr": 0.036410064,
      "sigmapsf_corr_ext": 0.036932077,
      "sigmagap": 0.0276,
      "sigmagap_corr": null,
      "ra": 179.9776173,
      "dec": 26.0689313,
      "rb": 0.92714286,
      "rbversion": "t17_f5_c3",
      "drb": 0.9951285,
      "magapbig": 16.7368,
      "sigmagapbig": 0.0348,
      "rfid": 624120125,
      "has_stamp": true,
      "corrected": true,
      "dubious": true,
      "candid_alert": null,
      "step_id_corr": "1.1.6",
      "phase": 0.0,
      "parent_candid": null
    },
    {
      "tid": "ztf",
      "mjd": 59994.41079859994,
      "candid": "2240410792515015000",
      "fid": 1,
      "pid": 2240410792515,
      "diffmaglim": 20.545015,
      "isdiffpos": 1,
      "nid": 2240,
      "distnr": 1.4400368,
      "magpsf": 16.82115,
      "magpsf_corr": null,
      "magpsf_corr_ext": null,
      "magap": 16.7181,
      "magap_corr": null,
      "sigmapsf": 0.030465553,
      "sigmapsf_corr": null,
      "sigmapsf_corr_ext": null,
      "sigmagap": 0.0132,
      "sigmagap_corr": null,
      "ra": 179.9776196,
      "dec": 26.0689088,
      "rb": 0.7757143,
      "rbversion": "t17_f5_c3",
      "drb": 0.9267625,
      "magapbig": 16.7147,
      "sigmagapbig": 0.0157,
      "rfid": 624120125,
      "has_stamp": true,
      "corrected": false,
      "dubious": false,
      "candid_alert": null,
      "step_id_corr": "1.1.6",
      "phase": 0.0,
      "parent_candid": null
    },
    {
      "tid": "ztf",
      "mjd": 60020.22040509991,
      "candid": "2266220402515015000",
      "fid": 1,
      "pid": 2266220402515,
      "diffmaglim": 20.435822,
      "isdiffpos": 1,
      "nid": 2266,
      "distnr": 1.4453088,
      "magpsf": 17.371721,
      "magpsf_corr": null,
      "magpsf_corr_ext": null,
      "magap": 17.3099,
      "magap_corr": null,
      "sigmapsf": 0.036570266,
      "sigmapsf_corr": null,
      "sigmapsf_corr_ext": null,
      "sigmagap": 0.0219,
      "sigmagap_corr": null,
      "ra": 179.9776212,
      "dec": 26.0689051,
      "rb": 0.9242857,
      "rbversion": "t17_f5_c3",
      "drb": 1.0,
      "magapbig": 17.2894,
      "sigmagapbig": 0.0264,
      "rfid": 624120125,
      "has_stamp": true,
      "corrected": false,
      "dubious": false,
      "candid_alert": null,
      "step_id_corr": "1.1.6",
      "phase": 0.0,
      "parent_candid": null
    },
    {
      "tid": "ztf",
      "mjd": 60030.457812500186,
      "candid": "2276457812515015000",
      "fid": 1,
      "pid": 2276457812515,
      "diffmaglim": 20.198849,
      "isdiffpos": 1,
      "nid": 2276,
      "distnr": 1.4154826,
      "magpsf": 17.576267,
      "magpsf_corr": null,
      "magpsf_corr_ext": null,
      "magap": 17.5032,
      "magap_corr": null,
      "sigmapsf": 0.045341387,
      "sigmapsf_corr": null,
      "sigmapsf_corr_ext": null,
      "sigmagap": 0.0309,
      "sigmagap_corr": null,
      "ra": 179.9776127,
      "dec": 26.0689263,
      "rb": 0.95714283,
      "rbversion": "t17_f5_c3",
      "drb": 0.98472667,
      "magapbig": 17.469,
      "sigmagapbig": 0.0374,
      "rfid": 624120125,
      "has_stamp": true,
      "corrected": false,
      "dubious": false,
      "candid_alert": null,
      "step_id_corr": "1.1.6",
      "phase": 0.0,
      "parent_candid": null
    },
    {
      "tid": "ztf",
      "mjd": 60036.33677079994,
      "candid": "2282336772515015000",
      "fid": 1,
      "pid": 2282336772515,
      "diffmaglim": 19.617348,
      "isdiffpos": 1,
      "nid": 2282,
      "distnr": 1.4923979,
      "magpsf": 17.689999,
      "magpsf_corr": null,
      "magpsf_corr_ext": null,
      "magap": 17.6352,
      "magap_corr": null,
      "sigmapsf": 0.05572829,
      "sigmapsf_corr": null,
      "sigmapsf_corr_ext": null,
      "sigmagap": 0.0625,
      "sigmagap_corr": null,
      "ra": 179.9775816,
      "dec": 26.0689267,
      "rb": 0.9514286,
      "rbversion": "t17_f5_c3",
      "drb": 0.9853686,
      "magapbig": 17.637,
      "sigmagapbig": 0.0798,
      "rfid": 624120125,
      "has_stamp": true,
      "corrected": false,
      "dubious": false,
      "candid_alert": null,
      "step_id_corr": "1.1.6",
      "phase": 0.0,
      "parent_candid": null
    },
    {
      "tid": "ztf",
      "mjd": 60043.32706019981,
      "candid": "2289327062515015000",
      "fid": 1,
      "pid": 2289327062515,
      "diffmaglim": 19.780977,
      "isdiffpos": 1,
      "nid": 2289,
      "distnr": 1.4959764,
      "magpsf": 17.744894,
      "magpsf_corr": null,
      "magpsf_corr_ext": null,
      "magap": 17.8383,
      "magap_corr": null,
      "sigmapsf": 0.042406093,
      "sigmapsf_corr": null,
      "sigmapsf_corr_ext": null,
      "sigmagap": 0.0673,
      "sigmagap_corr": null,
      "ra": 179.9775935,
      "dec": 26.0689118,
      "rb": 0.9628571,
      "rbversion": "t17_f5_c3",
      "drb": 0.9422967,
      "magapbig": 17.9658,
      "sigmagapbig": 0.0962,
      "rfid": 624120125,
      "has_stamp": true,
      "corrected": false,
      "dubious": false,
      "candid_alert": null,
      "step_id_corr": "1.1.6",
      "phase": 0.0,
      "parent_candid": null
    },
    {
      "tid": "ztf",
      "mjd": 60051.31949070003,
      "candid": "2297319492515015000",
      "fid": 1,
      "pid": 2297319492515,
      "diffmaglim": 20.830395,
      "isdiffpos": 1,
      "nid": 2297,
      "distnr": 1.4011687,
      "magpsf": 17.912638,
      "magpsf_corr": null,
      "magpsf_corr_ext": null,
      "magap": 17.791,
      "magap_corr": null,
      "sigmapsf": 0.049515992,
      "sigmapsf_corr": null,
      "sigmapsf_corr_ext": null,
      "sigmagap": 0.0276,
      "sigmagap_corr": null,
      "ra": 179.9776221,
      "dec": 26.0689227,