{
  "detections": [
    {
      "tid": "ztf",
      "mjd": 60249.4600463002,
      "candid": "2495460042615015006",
      "fid": 2,
      "pid": 2495460042615,
      "diffmaglim": 19.235102,
      "isdiffpos": 1,
      "nid": 2495,
      "distnr": 5.0207114,
      "magpsf": 17.330727,
      "magpsf_corr": null,
      "magpsf_corr_ext": null,
      "magap": 17.2993,
      "magap_corr": null,
      "sigmapsf": 0.06275678,
      "sigmapsf_corr": null,
      "sigmapsf_corr_ext": null,
      "sigmagap": 0.0454,
      "sigmagap_corr": null,
      "ra": 166.6810218,
      "dec": 53.2252421,
      "rb": 0.52428573,
      "rbversion": "t17_f5_c3",
      "drb": 0.9999916,
      "magapbig": 17.282,
      "sigmagapbig": 0.0571,
      "rfid": 788120226,
      "has_stamp": true,
      "corrected": false,
      "dubious": false,
      "candid_alert": null,
      "step_id_corr": "1.2.1",
      "phase": 0.0,
      "parent_candid": null
    },
    {
      "tid": "ztf",
      "mjd": 60249.515173600055,
      "candid": "2495515172615015002",
      "fid": 1,
      "pid": 2495515172615,
      "diffmaglim": 18.680885,
      "isdiffpos": 1,
      "nid": 2495,
      "distnr": 3.9256024,
      "magpsf": 17.243317,
      "magpsf_corr": null,
      "magpsf_corr_ext": null,
      "magap": 17.2313,
      "magap_corr": null,
      "sigmapsf": 0.060765363,
      "sigmapsf_corr": null,
      "sigmapsf_corr_ext": null,
      "sigmagap": 0.0846,
      "sigmagap_corr": null,
      "ra": 166.6809213,
      "dec": 53.2252424,
      "rb": 0.9242857,
      "rbversion": "t17_f5_c3",
      "drb": 0.9999978,
      "magapbig": 17.1937,
      "sigmagapbig": 0.1047,
      "rfid": 788120126,
      "has_stamp": true,
      "corrected": false,
      "dubious": false,
      "candid_alert": null,
      "step_id_corr": "1.2.1",
      "phase": 0.0,
      "parent_candid": null
    },
    {
      "tid": "ztf",
      "mjd": 60251.51652779989,
      "candid": "2497516522615015006",
      "fid": 1,
      "pid": 2497516522615,
      "diffmaglim": 19.87934,
      "isdiffpos": 1,
      "nid": 2497,
      "distnr": 4.0104985,
      "magpsf": 17.237413,
      "magpsf_corr": null,
      "magpsf_corr_ext": null,
      "magap": 17.2355,
      "magap_corr": null,
      "sigmapsf": 0.03958624,
      "sigmapsf_corr": null,
      "sigmapsf_corr_ext": null,
      "sigmagap": 0.033,
      "sigmagap_corr": null,
      "ra": 166.6809269,
      "dec": 53.2252685,
      "rb": 0.94,
      "rbversion": "t17_f5_c3",
      "drb": 1.0,
      "magapbig": 17.2274,
      "sigmagapbig": 0.0414,
      "rfid": 788120126,
      "has_stamp": true,
      "corrected": false,
      "dubious": false,
      "candid_alert": null,
      "step_id_corr": "1.2.1",
      "phase": 0.0,
      "parent_candid": null
    },
    {
      "tid": "ztf",
      "mjd": 60253.46671300009,
      "candid": "2499466712615015005",
      "fid": 1,
      "pid": 2499466712615,
      "diffmaglim": 20.022171,
      "isdiffpos": 1,
      "nid": 2499,
      "distnr": 4.082092,
      "magpsf": 17.260191,
      "magpsf_corr": null,
      "magpsf_corr_ext": null,
      "magap": 17.2681,
      "magap_corr": null,
      "sigmapsf": 0.054580297,
      "sigmapsf_corr": null,
      "sigmapsf_corr_ext": null,
      "sigmagap": 0.0317,
      "sigmagap_corr": null,
      "ra": 166.6809329,
      "dec": 53.225291,
      "rb": 0.9457143,
      "rbversion": "t17_f5_c3",
      "drb": 0.9999999,
      "magapbig": 17.217,
      "sigmagapbig": 0.0383,
      "rfid": 788120126,
      "has_stamp": true,
      "corrected": false,
      "dubious": false,
      "candid_alert": null,
      "step_id_corr": "1.2.1",
      "phase": 0.0,
      "parent_candid": null
    },
    {
      "tid": "ztf",
      "mjd": 60256.48732639989,
      "candid": "2502487322615015006",
      "fid": 2,
      "pid": 2502487322615,
      "diffmaglim": 19.588493,
      "isdiffpos": 1,
      "nid": 2502,
      "distnr": 4.8856325,
      "magpsf": 17.474756,
      "magpsf_corr": null,
      "magpsf_corr_ext": null,
      "magap": 17.482,
      "magap_corr": null,
      "sigmapsf": 0.06372913,
      "sigmapsf_corr": null,
      "sigmapsf_corr_ext": null,
      "sigmagap": 0.037,
      "sigmagap_corr": null,
      "ra": 166.6809766,
      "dec": 53.2252126,
      "rb": 0.6557143,
      "rbversion": "t17_f5_c3",
      "drb": 0.99998975,
      "magapbig": 17.4087,
      "sigmagapbig": 0.0439,
      "rfid": 788120226,
      "has_stamp": true,
      "corrected": false,
      "dubious": false,
      "candid_alert": null,
      "step_id_corr": "1.2.1",
      "phase": 0.0,
      "parent_candid": null
    },
    {
      "tid": "ztf",
      "mjd": 60258.51885419991,
      "candid": "2504518852615015015",
      "fid": 1,
      "pid": 2504518852615,
      "diffmaglim": 20.3823,
      "isdiffpos": 1,
      "nid": 2504,
      "distnr": 4.016938,
      "magpsf": 17.69116,
      "magpsf_corr": null,
      "magpsf_corr_ext": null,
      "magap": 17.7122,
      "magap_corr": null,
      "sigmapsf": 0.044546194,
      "sigmapsf_corr": null,
      "sigmapsf_corr_ext": null,
      "sigmagap": 0.0335,
      "sigmagap_corr": null,
      "ra": 166.6809114,
      "dec": 53.2252773,
      "rb": 0.9514286,
      "rbversion": "t17_f5_c3",
      "drb": 0.9999999,
      "magapbig": 17.7018,
      "sigmagapbig": 0.0418,
      "rfid": 788120126,
      "has_stamp": true,
      "corrected": false,
      "dubious": false,
      "candid_alert": null,
      "step_id_corr": "1.2.1",
      "phase": 0.0,
      "parent_candid": null
    },
    {
      "tid": "ztf",
      "mjd": 60260.46760419989,
      "candid": "2506467602615015008",
      "fid": 1,
      "pid": 2506467602615,
      "diffmaglim": 20.227144,
      "isdiffpos": 1,
      "nid": 2506,
      "distnr": 4.0674887,
      "magpsf": 17.923681,
      "magpsf_corr": null,
      "magpsf_corr_ext": null,
      "magap": 17.8774,
      "magap_corr": null,
      "sigmapsf": 0.05176374,
      "sigmapsf_corr": null,
      "sigmapsf_corr_ext": null,
      "sigmagap": 0.0404,
      "sigmagap_corr": null,
      "ra": 166.6809419,
      "dec": 53.2252822,
      "rb": 0.95,
      "rbversion": "t17_f5_c3",
      "drb": 0.99999976,
      "magapbig": 17.8808,
      "sigmagapbig": 0.0513,
      "rfid": 788120126,
      "has_stamp": true,
      "corrected": false,
      "dubious": false,
      "candid_alert": null,
      "step_id_corr": "1.2.1",
      "phase": 0.0,
      "parent_candid": null
    },
    {
      "tid": "ztf",
      "mjd": 60262.44398149988,
      "candid": "2508443982615015008",
      "fid": 1,
      "pid": 2508443982615,
      "diffmaglim": 20.258615,
      "isdiffpos": 1,
      "nid": 2508,
      "distnr": 4.042108,
      "magpsf": 18.056301,
      "magpsf_corr": null,
      "magpsf_corr_ext": null,
      "magap": 18.001,
      "magap_corr": null,
      "sigmapsf": 0.08183124,
      "sigmapsf_corr": null,
      "sigmapsf_corr_ext": null,
      "sigmagap": 0.046,
      "sigmagap_corr": null,
      "ra": 166.6809424,
      "dec": 53.2252734,
      "rb": 0.94142854,
      "rbversion": "t17_f5_c3",
      "drb": 0.99999845,
      "magapbig": 17.9595,
      "sigmagapbig": 0.0562,
      "rfid": 788120126,
      "has_stamp": true,
      "corrected": false,
      "dubious": false,
      "candid_alert": null,
      "step_id_corr": "1.2.1",
      "phase": 0.0,
      "parent_candid": null
    },
    {
      "tid": "ztf",
      "mjd": 60287.364722200204,
      "candid": "2533364722615015003",
      "fid": 2,
      "pid": 2533364722615,
      "diffmaglim": 19.3654,
      "isdiffpos": 1,
      "nid": 2533,
      "distnr": 5.37479,
      "magpsf": 19.3024,
      "magpsf_corr": null,
      "magpsf_corr_ext": null,
      "magap": 19.2876,
      "magap_corr": null,
      "sigmapsf": 0.233735,
      "sigmapsf_corr": null,
      "sigmapsf_corr_ext": null,
      "sigmagap": 0.1862,
      "sigmagap_corr": null,
      "ra": 166.6811167,
      "dec": 53.225325,
      "rb": 0.231429,
      "rbversion": "t17_f5_c3",