{
  "detections": [
    {
      "tid": "ztf",
      "mjd": 60031.190277799964,
      "candid": "2277190270315015002",
      "fid": 1,
      "pid": 2277190270315,
      "diffmaglim": 19.879065,
      "isdiffpos": 1,
      "nid": 2277,
      "distnr": 1.025897,
      "magpsf": 18.564438,
      "magpsf_corr": 18.278276,
      "magpsf_corr_ext": null,
      "magap": 18.6441,
      "magap_corr": null,
      "sigmapsf": 0.10661333,
      "sigmapsf_corr": 0.07933379,
      "sigmapsf_corr_ext": 0.081911884,
      "sigmagap": 0.1063,
      "sigmagap_corr": null,
      "ra": 142.2154441,
      "dec": -12.8953878,
      "rb": 0.8685714,
      "rbversion": "t17_f5_c3",
      "drb": 0.9999994,
      "magapbig": 18.7016,
      "sigmagapbig": 0.1429,
      "rfid": 364120103,
      "has_stamp": true,
      "corrected": true,
      "dubious": false,
      "candid_alert": null,
      "step_id_corr": "1.1.6",
      "phase": 0.0,
      "parent_candid": null
    },
    {
      "tid": "ztf",
      "mjd": 60031.255034700036,
      "candid": "2277255030315015002",
      "fid": 2,
      "pid": 2277255030315,
      "diffmaglim": 19.901196,
      "isdiffpos": 1,
      "nid": 2277,
      "distnr": 1.5788277,
      "magpsf": 18.555387,
      "magpsf_corr": null,
      "magpsf_corr_ext": null,
      "magap": 18.7051,
      "magap_corr": null,
      "sigmapsf": 0.10546285,
      "sigmapsf_corr": null,
      "sigmapsf_corr_ext": null,
      "sigmagap": 0.1328,
      "sigmagap_corr": null,
      "ra": 142.2154471,
      "dec": -12.8954035,
      "rb": 0.9442857,
      "rbversion": "t17_f5_c3",
      "drb": 0.9999898,
      "magapbig": 18.5424,
      "sigmagapbig": 0.1465,
      "rfid": 364120203,
      "has_stamp": true,
      "corrected": false,
      "dubious": false,
      "candid_alert": null,
      "step_id_corr": "1.1.6",
      "phase": 0.0,
      "parent_candid": null
    },
    {
      "tid": "ztf",
      "mjd": 60036.1903241002,
      "candid": "2282190320315015003",
      "fid": 2,
      "pid": 2282190320315,
      "diffmaglim": 19.08718,
      "isdiffpos": 1,
      "nid": 2282,
      "distnr": 1.7353072,
      "magpsf": 18.392004,
      "magpsf_corr": null,
      "magpsf_corr_ext": null,
      "magap": 18.5896,
      "magap_corr": null,
      "sigmapsf": 0.12332033,
      "sigmapsf_corr": null,
      "sigmapsf_corr_ext": null,
      "sigmagap": 0.2033,
      "sigmagap_corr": null,
      "ra": 142.2153992,
      "dec": -12.8953669,
      "rb": 0.85571426,
      "rbversion": "t17_f5_c3",
      "drb": 0.9999915,
      "magapbig": 18.5265,
      "sigmagapbig": 0.2463,
      "rfid": 364120203,
      "has_stamp": true,
      "corrected": false,
      "dubious": false,
      "candid_alert": null,
      "step_id_corr": "1.1.6",
      "phase": 0.0,
      "parent_candid": null
    },
    {
      "tid": "ztf",
      "mjd": 60043.18901620014,
      "candid": "2289189010315015003",
      "fid": 2,
      "pid": 2289189010315,
      "diffmaglim": 19.58764,
      "isdiffpos": 1,
      "nid": 2289,
      "distnr": 1.7805637,
      "magpsf": 18.496248,
      "magpsf_corr": null,
      "magpsf_corr_ext": null,
      "magap": 18.3587,
      "magap_corr": null,
      "sigmapsf": 0.096850894,
      "sigmapsf_corr": null,
      "sigmapsf_corr_ext": null,
      "sigmagap": 0.1237,
      "sigmagap_corr": null,
      "ra": 142.2154035,
      "dec": -12.895446,
      "rb": 0.9357143,
      "rbversion": "t17_f5_c3",
      "drb": 0.9999256,
      "magapbig": 18.3142,
      "sigmagapbig": 0.1517,
      "rfid": 364120203,
      "has_stamp": true,
      "corrected": false,
      "dubious": false,
      "candid_alert": null,
      "step_id_corr": "1.1.6",
      "phase": 0.0,
      "parent_candid": null
    },
    {
      "tid": "ztf",
      "mjd": 60045.1702083,
      "candid": "2291170200315015001",
      "fid": 1,
      "pid": 2291170200315,
      "diffmaglim": 20.312956,
      "isdiffpos": 1,
      "nid": 2291,
      "distnr": 1.0460969,
      "magpsf": 18.934305,
      "magpsf_corr": 18.550562,
      "magpsf_corr_ext": null,
      "magap": 19.051,
      "magap_corr": null,
      "sigmapsf": 0.10804681,
      "sigmapsf_corr": 0.07121084,
      "sigmapsf_corr_ext": 0.07587783,
      "sigmagap": 0.1133,
      "sigmagap_corr": null,
      "ra": 142.2154282,
      "dec": -12.8954158,
      "rb": 0.9257143,
      "rbversion": "t17_f5_c3",
      "drb": 0.99999934,
      "magapbig": 19.0858,
      "sigmagapbig": 0.1488,
      "rfid": 364120103,
      "has_stamp": true,
      "corrected": true,
      "dubious": false,
      "candid_alert": null,
      "step_id_corr": "1.1.6",
      "phase": 0.0,
      "parent_candid": null
    },
    {
      "tid": "ztf",
      "mjd": 60045.2338657002,
      "candid": "2291233860315015005",
      "fid": 2,
      "pid": 2291233860315,
      "diffmaglim": 20.2761,
      "isdiffpos": 1,
      "nid": 2291,
      "distnr": 1.5999228,
      "magpsf": 18.479383,
      "magpsf_corr": null,
      "magpsf_corr_ext": null,
      "magap": 18.502,
      "magap_corr": null,
      "sigmapsf": 0.08254728,
      "sigmapsf_corr": null,
      "sigmapsf_corr_ext": null,
      "sigmagap": 0.083,
      "sigmagap_corr": null,
      "ra": 142.2154484,
      "dec": -12.8954255,
      "rb": 0.94714284,
      "rbversion": "t17_f5_c3",
      "drb": 0.99983543,
      "magapbig": 18.4518,
      "sigmagapbig": 0.1008,
      "rfid": 364120203,
      "has_stamp": true,
      "corrected": false,
      "dubious": false,
      "candid_alert": null,
      "step_id_corr": "1.1.6",
      "phase": 0.0,
      "parent_candid": null
    },
    {
      "tid": "ztf",
      "mjd": 60049.17633099994,
      "candid": "2295176330315015007",
      "fid": 1,
      "pid": 2295176330315,
      "diffmaglim": 20.32763,
      "isdiffpos": 1,
      "nid": 2295,
      "distnr": 1.0589812,
      "magpsf": 19.076065,
      "magpsf_corr": 18.648148,
      "magpsf_corr_ext": null,
      "magap": 19.2489,
      "magap_corr": null,
      "sigmapsf": 0.11391865,
      "sigmapsf_corr": 0.07126293,
      "sigmapsf_corr_ext": 0.07681179,
      "sigmagap": 0.1395,
      "sigmagap_corr": null,
      "ra": 142.2154302,
      "dec": -12.8953978,
      "rb": 0.9114286,
      "rbversion": "t17_f5_c3",
      "drb": 0.9999999,
      "magapbig": 19.1072,
      "sigmagapbig": 0.1563,
      "rfid": 364120103,
      "has_stamp": true,
      "corrected": true,
      "dubious": false,
      "candid_alert": null,
      "step_id_corr": "1.1.6",
      "phase": 0.0,
      "parent_candid": null
    },
    {
      "tid": "ztf",
      "mjd": 60051.19113430008,
      "candid": "2297191130315015005",
      "fid": 1,
      "pid": 2297191130315,
      "diffmaglim": 20.42069,
      "isdiffpos": 1,
      "nid": 2297,
      "distnr": 1.1344472,
      "magpsf": 19.26112,
      "magpsf_corr": 18.769396,
      "magpsf_corr_ext": null,
      "magap": 19.0459,
      "magap_corr": null,
      "sigmapsf": 0.13893645,
      "sigmapsf_corr": 0.08231386,
      "sigmapsf_corr_ext": 0.08833366,
      "sigmagap": 0.1021,
      "sigmagap_corr": null,
      "ra": 142.2154056,
      "dec": -12.8954041,
      "rb": 0.83428574,
      "rbversion": "t17_f5_c3",
      "drb": 0.9999968,
      "magapbig": 19.0569,
      "sigmagapbig": 0.131,
      "rfid": 364120103,
      "has_stamp": true,
      "corrected": true,
      "dubious": false,
      "candid_alert": null,
      "step_id_corr": "1.1.6",
      "phase": 0.0,
      "parent_candid": null
    },
    {
      "tid": "ztf",
      "mjd": 60051.23344910005,
      "candid": "2297233440315015004",
      "fid": 2,
      "pid": 2297233440315,
      "diffmaglim": 20.255184,
      "isdiffpos": 1,
      "nid": 2297,
      "distnr": 1.5676209,
      "magpsf": 18.549685,
      "magpsf_corr": null,
      "magpsf_corr_ext": null,
      "magap": 18.6515,
      "magap_corr": null,
      "sigmapsf": 0.0803076,
      "sigmapsf_corr": null,
      "sigmapsf_corr_ext": null,
      "sigmagap": 0.094,
      "sigmagap_corr": null,
      "ra": 142.2154558,