{
  "detections": [
    {
      "tid": "ztf",
      "mjd": 60182.474085600115,
      "candid": "2428474085115015011",
      "fid": 2,
      "pid": 2428474085115,
      "diffmaglim": 20.2545,
      "isdiffpos": 1,
      "nid": 2428,
      "distnr": 7.13454,
      "magpsf": 20.4202,
      "magpsf_corr": null,
      "magpsf_corr_ext": null,
      "magap": 20.072,
      "magap_corr": null,
      "sigmapsf": 0.268079,
      "sigmapsf_corr": null,
      "sigmapsf_corr_ext": null,
      "sigmagap": 0.3119,
      "sigmagap_corr": null,
      "ra": 74.5261826,
      "dec": 35.5642534,
      "rb": 0.317143,
      "rbversion": "t17_f5_c3",
      "drb": null,
      "magapbig": 19.7666,
      "sigmagapbig": 0.3033,
      "rfid": null,
      "has_stamp": false,
      "corrected": false,
      "dubious": false,
      "candid_alert": null,
      "step_id_corr": "1.2.0",
      "phase": 0.0,
      "parent_candid": 2430475905115015000
    },
    {
      "tid": "ztf",
      "mjd": 60182.47597219981,
      "candid": "2428475976215015018",
      "fid": 2,
      "pid": 2428475976215,
      "diffmaglim": 20.5136,
      "isdiffpos": 1,
      "nid": 2428,
      "distnr": 4.77268,
      "magpsf": 20.195,
      "magpsf_corr": null,
      "magpsf_corr_ext": null,
      "magap": 19.9028,
      "magap_corr": null,
      "sigmapsf": 0.225402,
      "sigmapsf_corr": null,
      "sigmapsf_corr_ext": null,
      "sigmagap": 0.2271,
      "sigmagap_corr": null,
      "ra": 74.5261818,
      "dec": 35.5642275,
      "rb": 0.252857,
      "rbversion": "t17_f5_c3",
      "drb": null,
      "magapbig": 19.8384,
      "sigmagapbig": 0.2749,
      "rfid": null,
      "has_stamp": false,
      "corrected": false,
      "dubious": false,
      "candid_alert": null,
      "step_id_corr": "1.2.0",
      "phase": 0.0,
      "parent_candid": 2430475905115015000
    },
    {
      "tid": "ztf",
      "mjd": 60184.47590279998,
      "candid": "2430475905115015017",
      "fid": 2,
      "pid": 2430475905115,
      "diffmaglim": 20.411999,
      "isdiffpos": 1,
      "nid": 2430,
      "distnr": 7.119663,
      "magpsf": 20.151709,
      "magpsf_corr": null,
      "magpsf_corr_ext": null,
      "magap": 20.6565,
      "magap_corr": null,
      "sigmapsf": 0.21563837,
      "sigmapsf_corr": null,
      "sigmapsf_corr_ext": null,
      "sigmagap": 0.5033,
      "sigmagap_corr": null,
      "ra": 74.5261824,
      "dec": 35.5642807,
      "rb": 0.68857145,
      "rbversion": "t17_f5_c3",
      "drb": 0.9983708,
      "magapbig": 20.5094,
      "sigmagapbig": 0.5655,
      "rfid": 657120251,
      "has_stamp": true,
      "corrected": false,
      "dubious": false,
      "candid_alert": null,
      "step_id_corr": "1.2.0",
      "phase": 0.0,
      "parent_candid": null
    },
    {
      "tid": "ztf",
      "mjd": 60184.48466440011,
      "candid": "2430484666215015007",
      "fid": 2,
      "pid": 2430484666215,
      "diffmaglim": 20.43013,
      "isdiffpos": 1,
      "nid": 2430,
      "distnr": 4.682653,
      "magpsf": 20.350851,
      "magpsf_corr": null,
      "magpsf_corr_ext": null,
      "magap": 20.3019,
      "magap_corr": null,
      "sigmapsf": 0.21480662,
      "sigmapsf_corr": null,
      "sigmapsf_corr_ext": null,
      "sigmagap": 0.3421,
      "sigmagap_corr": null,
      "ra": 74.5261493,
      "dec": 35.5642574,
      "rb": 0.5742857,
      "rbversion": "t17_f5_c3",
      "drb": 0.99875605,
      "magapbig": 20.2321,
      "sigmagapbig": 0.4125,
      "rfid": 658120262,
      "has_stamp": true,
      "corrected": false,
      "dubious": false,
      "candid_alert": null,
      "step_id_corr": "1.2.0",
      "phase": 0.0,
      "parent_candid": null
    },
    {
      "tid": "ztf",
      "mjd": 60196.44703700021,
      "candid": "2442447036215015008",
      "fid": 2,
      "pid": 2442447036215,
      "diffmaglim": 20.4023,
      "isdiffpos": 1,
      "nid": 2442,
      "distnr": 4.71953,
      "magpsf": 20.5849,
      "magpsf_corr": null,
      "magpsf_corr_ext": null,
      "magap": 20.5877,
      "magap_corr": null,
      "sigmapsf": 0.24775,
      "sigmapsf_corr": null,
      "sigmapsf_corr_ext": null,
      "sigmagap": 0.4922,
      "sigmagap_corr": null,
      "ra": 74.5261113,
      "dec": 35.5642296,
      "rb": 0.372857,
      "rbversion": "t17_f5_c3",
      "drb": null,
      "magapbig": 20.7114,
      "sigmagapbig": 0.7101,
      "rfid": null,
      "has_stamp": false,
      "corrected": false,
      "dubious": false,
      "candid_alert": null,
      "step_id_corr": "1.2.1",
      "phase": 0.0,
      "parent_candid": 2450429796215015000
    },
    {
      "tid": "ztf",
      "mjd": 60199.437025499996,
      "candid": "2445437025115015009",
      "fid": 2,
      "pid": 2445437025115,
      "diffmaglim": 20.3562,
      "isdiffpos": 1,
      "nid": 2445,
      "distnr": 7.15998,
      "magpsf": 20.5523,
      "magpsf_corr": null,
      "magpsf_corr_ext": null,
      "magap": 20.6899,
      "magap_corr": null,
      "sigmapsf": 0.283413,
      "sigmapsf_corr": null,
      "sigmapsf_corr_ext": null,
      "sigmagap": 0.534,
      "sigmagap_corr": null,
      "ra": 74.526191,
      "dec": 35.5641882,
      "rb": 0.312857,
      "rbversion": "t17_f5_c3",
      "drb": null,
      "magapbig": 20.7463,
      "sigmagapbig": 0.7238,
      "rfid": null,
      "has_stamp": false,
      "corrected": false,
      "dubious": false,
      "candid_alert": null,
      "step_id_corr": "1.2.1",
      "phase": 0.0,
      "parent_candid": 2450429796215015000
    },
    {
      "tid": "ztf",
      "mjd": 60201.43204860017,
      "candid": "2447432045115015012",
      "fid": 2,
      "pid": 2447432045115,
      "diffmaglim": 20.5836,
      "isdiffpos": 1,
      "nid": 2447,
      "distnr": 7.42686,
      "magpsf": 20.4106,
      "magpsf_corr": null,
      "magpsf_corr_ext": null,
      "magap": 20.0101,
      "magap_corr": null,
      "sigmapsf": 0.285235,
      "sigmapsf_corr": null,
      "sigmapsf_corr_ext": null,
      "sigmagap": 0.2473,
      "sigmagap_corr": null,
      "ra": 74.5260885,
      "dec": 35.5642305,
      "rb": 0.297143,
      "rbversion": "t17_f5_c3",
      "drb": null,
      "magapbig": 20.0458,
      "sigmagapbig": 0.3283,
      "rfid": null,
      "has_stamp": false,
      "corrected": false,
      "dubious": false,
      "candid_alert": null,
      "step_id_corr": "1.2.1",
      "phase": 0.0,
      "parent_candid": 2450429796215015000
    },
    {
      "tid": "ztf",
      "mjd": 60204.429791700095,
      "candid": "2450429796215015012",
      "fid": 2,
      "pid": 2450429796215,
      "diffmaglim": 20.667389,
      "isdiffpos": 1,
      "nid": 2450,
      "distnr": 4.6645064,
      "magpsf": 20.553335,
      "magpsf_corr": null,
      "magpsf_corr_ext": null,
      "magap": 20.7101,
      "magap_corr": null,
      "sigmapsf": 0.20419,
      "sigmapsf_corr": null,
      "sigmapsf_corr_ext": null,
      "sigmagap": 0.4231,
      "sigmagap_corr": null,
      "ra": 74.5262154,
      "dec": 35.5642552,
      "rb": 0.47142857,
      "rbversion": "t17_f5_c3",
      "drb": 0.9621256,
      "magapbig": 20.1897,
      "sigmagapbig": 0.3378,
      "rfid": 658120262,
      "has_stamp": true,
      "corrected": false,
      "dubious": false,
      "candid_alert": null,
      "step_id_corr": "1.2.1",
      "phase": 0.0,
      "parent_candid": null
    },
    {
      "tid": "ztf",
      "mjd": 60205.43165510008,
      "candid": "2451431655115015016",
      "fid": 2,
      "pid": 2451431655115,
      "diffmaglim": 20.6891,
      "isdiffpos": 1,
      "nid": 2451,
      "distnr": 7.15031,
      "magpsf": 20.7006,
      "magpsf_corr": null,
      "magpsf_corr_ext": null,
      "magap": 20.1254,
      "magap_corr": null,
      "sigmapsf": 0.272185,
      "sigmapsf_corr": null,
      "sigmapsf_corr_ext": null,
      "sigmagap": 0.2472,
      "sigmagap_corr": null,
      "ra": 74.5261727,
      "dec": 35.5642898,
      "rb": 0.258571,
      "rbversion": "t17_f5_c3",
      "drb": null,