{
  "detections": [
    {
      "tid": "ztf",
      "mjd": 59849.48371529998,
      "candid": "2095483714415015000",
      "fid": 2,
      "pid": 2095483714415,
      "diffmaglim": 20.302982,
      "isdiffpos": 1,
      "nid": 2095,
      "distnr": 3.1568768,
      "magpsf": 19.698257,
      "magpsf_corr": null,
      "magpsf_corr_ext": null,
      "magap": 19.4194,
      "magap_corr": null,
      "sigmapsf": 0.113300614,
      "sigmapsf_corr": null,
      "sigmapsf_corr_ext": null,
      "sigmagap": 0.1669,
      "sigmagap_corr": null,
      "ra": 41.7110274,
      "dec": -0.8978157,
      "rb": 0.6585714,
      "rbversion": "t17_f5_c3",
      "drb": 0.9997649,
      "magapbig": 19.4629,
      "sigmagapbig": 0.2194,
      "rfid": 402120244,
      "has_stamp": true,
      "corrected": false,
      "dubious": false,
      "candid_alert": null,
      "step_id_corr": "dev",
      "phase": 0.0,
      "parent_candid": null
    },
    {
      "tid": "ztf",
      "mjd": 59851.44195599994,
      "candid": "2097441954415015002",
      "fid": 2,
      "pid": 2097441954415,
      "diffmaglim": 20.62958,
      "isdiffpos": 1,
      "nid": 2097,
      "distnr": 3.2747698,
      "magpsf": 19.864237,
      "magpsf_corr": null,
      "magpsf_corr_ext": null,
      "magap": 19.8079,
      "magap_corr": null,
      "sigmapsf": 0.14979476,
      "sigmapsf_corr": null,
      "sigmapsf_corr_ext": null,
      "sigmagap": 0.2166,
      "sigmagap_corr": null,
      "ra": 41.7110456,
      "dec": -0.8978452,
      "rb": 0.6785714,
      "rbversion": "t17_f5_c3",
      "drb": 0.99997604,
      "magapbig": 19.7217,
      "sigmagapbig": 0.2525,
      "rfid": 402120244,
      "has_stamp": true,
      "corrected": false,
      "dubious": false,
      "candid_alert": null,
      "step_id_corr": "dev",
      "phase": 0.0,
      "parent_candid": null
    },
    {
      "tid": "ztf",
      "mjd": 59851.46175929997,
      "candid": "2097461754415015003",
      "fid": 1,
      "pid": 2097461754415,
      "diffmaglim": 20.652039,
      "isdiffpos": 1,
      "nid": 2097,
      "distnr": 2.0430381,
      "magpsf": 20.124315,
      "magpsf_corr": null,
      "magpsf_corr_ext": null,
      "magap": 20.2119,
      "magap_corr": null,
      "sigmapsf": 0.18300304,
      "sigmapsf_corr": null,
      "sigmapsf_corr_ext": null,
      "sigmagap": 0.2843,
      "sigmagap_corr": null,
      "ra": 41.711052,
      "dec": -0.8977807,
      "rb": 0.72571427,
      "rbversion": "t17_f5_c3",
      "drb": 0.9999963,
      "magapbig": 20.4477,
      "sigmagapbig": 0.4479,
      "rfid": 402120144,
      "has_stamp": true,
      "corrected": false,
      "dubious": false,
      "candid_alert": null,
      "step_id_corr": "dev",
      "phase": 0.0,
      "parent_candid": null
    },
    {
      "tid": "ztf",
      "mjd": 59854.40075229993,
      "candid": "2100400754415015004",
      "fid": 1,
      "pid": 2100400754415,
      "diffmaglim": 20.8638,
      "isdiffpos": 1,
      "nid": 2100,
      "distnr": 2.09502,
      "magpsf": 20.101,
      "magpsf_corr": null,
      "magpsf_corr_ext": null,
      "magap": 20.0968,
      "magap_corr": null,
      "sigmapsf": 0.150008,
      "sigmapsf_corr": null,
      "sigmapsf_corr_ext": null,
      "sigmagap": 0.214,
      "sigmagap_corr": null,
      "ra": 41.7110663,
      "dec": -0.8977845,
      "rb": 0.761429,
      "rbversion": "t17_f5_c3",
      "drb": null,
      "magapbig": 20.0338,
      "sigmagapbig": 0.2549,
      "rfid": null,
      "has_stamp": false,
      "corrected": false,
      "dubious": false,
      "candid_alert": null,
      "step_id_corr": "dev",
      "phase": 0.0,
      "parent_candid": 2102420824415015000
    },
    {
      "tid": "ztf",
      "mjd": 59856.4208217999,
      "candid": "2102420824415015001",
      "fid": 1,
      "pid": 2102420824415,
      "diffmaglim": 20.639208,
      "isdiffpos": 1,
      "nid": 2102,
      "distnr": 2.169421,
      "magpsf": 20.337814,
      "magpsf_corr": null,
      "magpsf_corr_ext": null,
      "magap": 20.2121,
      "magap_corr": null,
      "sigmapsf": 0.1872032,
      "sigmapsf_corr": null,
      "sigmapsf_corr_ext": null,
      "sigmagap": 0.2717,
      "sigmagap_corr": null,
      "ra": 41.7110425,
      "dec": -0.8978843,
      "rb": 0.75285715,
      "rbversion": "t17_f5_c3",
      "drb": 0.9999064,
      "magapbig": 20.0974,
      "sigmagapbig": 0.3099,
      "rfid": 402120144,
      "has_stamp": true,
      "corrected": false,
      "dubious": false,
      "candid_alert": null,
      "step_id_corr": "dev",
      "phase": 0.0,
      "parent_candid": null
    },
    {
      "tid": "ztf",
      "mjd": 59858.4202083,
      "candid": "2104420204415015004",
      "fid": 1,
      "pid": 2104420204415,
      "diffmaglim": 20.561895,
      "isdiffpos": 1,
      "nid": 2104,
      "distnr": 2.2167132,
      "magpsf": 20.330885,
      "magpsf_corr": null,
      "magpsf_corr_ext": null,
      "magap": 20.547,
      "magap_corr": null,
      "sigmapsf": 0.20445326,
      "sigmapsf_corr": null,
      "sigmapsf_corr_ext": null,
      "sigmagap": 0.4109,
      "sigmagap_corr": null,
      "ra": 41.7110962,
      "dec": -0.8977976,
      "rb": 0.7942857,
      "rbversion": "t17_f5_c3",
      "drb": 0.99968123,
      "magapbig": 20.2995,
      "sigmagapbig": 0.4165,
      "rfid": 402120144,
      "has_stamp": true,
      "corrected": false,
      "dubious": false,
      "candid_alert": null,
      "step_id_corr": "dev",
      "phase": 0.0,
      "parent_candid": null
    }
  ],
  "non_detections": [
    {
      "tid": "ztf",
      "mjd": 59821.451481500175,
      "fid": 1,
      "diffmaglim": 20.659
    },
    {
      "tid": "ztf",
      "mjd": 59821.48855319992,
      "fid": 2,
      "diffmaglim": 20.7543
    },
    {
      "tid": "ztf",
      "mjd": 59824.43584490009,
      "fid": 1,
      "diffmaglim": 20.7089
    },
    {
      "tid": "ztf",
      "mjd": 59824.47313660011,
      "fid": 2,
      "diffmaglim": 20.6063
    },
    {
      "tid": "ztf",
      "mjd": 59826.44359950023,
      "fid": 2,
      "diffmaglim": 20.6269
    },
    {
      "tid": "ztf",
      "mjd": 59829.47931709979,
      "fid": 2,
      "diffmaglim": 20.6692
    },
    {
      "tid": "ztf",
      "mjd": 59829.4827083,
      "fid": 1,
      "diffmaglim": 20.5086
    },
    {
      "tid": "ztf",
      "mjd": 59840.42695599981,
      "fid": 1,
      "diffmaglim": 20.498
    },
    {
      "tid": "ztf",
      "mjd": 59840.48432870023,
      "fid": 1,
      "diffmaglim": 20.5243
    },
    {
      "tid": "ztf",
      "mjd": 59842.43520830013,
      "fid": 2,
      "diffmaglim": 20.4043
    },
    {
      "tid": "ztf",
      "mjd": 59842.44392360002,
      "fid": 1,
      "diffmaglim": 20.344
    },
    {
      "tid": "ztf",
      "mjd": 59844.40188660007,
      "fid": 2,
      "diffmaglim": 20.4748
    },
    {
      "tid": "ztf",
      "mjd": 59844.442546300124,
      "fid": 1,
      "diffmaglim": 20.4903
    },
    {
      "tid": "ztf",
      "mjd": 59847.381504599936,
      "fid": 1,
      "diffmaglim": 20.5874
    },
    {
      "tid": "ztf",
      "mjd": 59847.422951399814,
      "fid": 2,
      "diffmaglim": 20.374
    },
    {
      "tid": "ztf",
      "mjd": 59849.44413190009,
      "fid": 1,
      "diffmaglim": 20.3938
    },
    {
      "tid": "ztf",
      "mjd": 59856.386099500116,
      "fid": 2,
      "diffmaglim": 20.4017
    },
    {
      "tid": "ztf",
      "mjd": 59858.356932899915,
      "fid": 2,
      "diffmaglim": 19.9448
    }
  ],
  "forced_detections": []
}