{
  "detections": [
    {
      "tid": "ztf",
      "mjd": 59968.455069399904,
      "candid": "2214455062615015001",
      "fid": 2,
      "pid": 2214455062615,
      "diffmaglim": 19.341194,
      "isdiffpos": 1,
      "nid": 2214,
      "distnr": 2.814345,
      "magpsf": 18.626938,
      "magpsf_corr": null,
      "magpsf_corr_ext": null,
      "magap": 18.5699,
      "magap_corr": null,
      "sigmapsf": 0.119480126,
      "sigmapsf_corr": null,
      "sigmapsf_corr_ext": null,
      "sigmagap": 0.1042,
      "sigmagap_corr": null,
      "ra": 234.3561842,
      "dec": 10.626929,
      "rb": 0.38857144,
      "rbversion": "t17_f5_c3",
      "drb": 0.9924958,
      "magapbig": 18.4943,
      "sigmagapbig": 0.1243,
      "rfid": 532120226,
      "has_stamp": true,
      "corrected": false,
      "dubious": false,
      "candid_alert": null,
      "step_id_corr": "1.1.6",
      "phase": 0.0,
      "parent_candid": null
    },
    {
      "tid": "ztf",
      "mjd": 59968.532569400035,
      "candid": "2214532562615015003",
      "fid": 1,
      "pid": 2214532562615,
      "diffmaglim": 20.266575,
      "isdiffpos": 1,
      "nid": 2214,
      "distnr": 1.9511594,
      "magpsf": 18.721424,
      "magpsf_corr": null,
      "magpsf_corr_ext": null,
      "magap": 18.7648,
      "magap_corr": null,
      "sigmapsf": 0.09707981,
      "sigmapsf_corr": null,
      "sigmapsf_corr_ext": null,
      "sigmagap": 0.0844,
      "sigmagap_corr": null,
      "ra": 234.3563318,
      "dec": 10.6269504,
      "rb": 0.93857145,
      "rbversion": "t17_f5_c3",
      "drb": 0.9999918,
      "magapbig": 18.6935,
      "sigmagapbig": 0.1004,
      "rfid": 532120126,
      "has_stamp": true,
      "corrected": false,
      "dubious": false,
      "candid_alert": null,
      "step_id_corr": "1.1.6",
      "phase": 0.0,
      "parent_candid": null
    },
    {
      "tid": "ztf",
      "mjd": 59971.45020829979,
      "candid": "2217450202615015004",
      "fid": 1,
      "pid": 2217450202615,
      "diffmaglim": 19.4011,
      "isdiffpos": 1,
      "nid": 2217,
      "distnr": 1.75532,
      "magpsf": 18.6877,
      "magpsf_corr": null,
      "magpsf_corr_ext": null,
      "magap": 18.9403,
      "magap_corr": null,
      "sigmapsf": 0.243623,
      "sigmapsf_corr": null,
      "sigmapsf_corr_ext": null,
      "sigmagap": 0.129,
      "sigmagap_corr": null,
      "ra": 234.356415,
      "dec": 10.6269364,
      "rb": 0.572857,
      "rbversion": "t17_f5_c3",
      "drb": null,
      "magapbig": 18.9305,
      "sigmagapbig": 0.1631,
      "rfid": null,
      "has_stamp": false,
      "corrected": false,
      "dubious": false,
      "candid_alert": null,
      "step_id_corr": "1.1.6",
      "phase": 0.0,
      "parent_candid": 2217518632615015000
    },
    {
      "tid": "ztf",
      "mjd": 59971.51863430021,
      "candid": "2217518632615015002",
      "fid": 2,
      "pid": 2217518632615,
      "diffmaglim": 19.853537,
      "isdiffpos": 1,
      "nid": 2217,
      "distnr": 2.4663334,
      "magpsf": 18.759607,
      "magpsf_corr": null,
      "magpsf_corr_ext": null,
      "magap": 19.0521,
      "magap_corr": null,
      "sigmapsf": 0.10253433,
      "sigmapsf_corr": null,
      "sigmapsf_corr_ext": null,
      "sigmagap": 0.1329,
      "sigmagap_corr": null,
      "ra": 234.3563089,
      "dec": 10.6269525,
      "rb": 0.81142855,
      "rbversion": "t17_f5_c3",
      "drb": 0.9999988,
      "magapbig": 19.1329,
      "sigmagapbig": 0.183,
      "rfid": 532120226,
      "has_stamp": true,
      "corrected": false,
      "dubious": false,
      "candid_alert": null,
      "step_id_corr": "1.1.6",
      "phase": 0.0,
      "parent_candid": null
    },
    {
      "tid": "ztf",
      "mjd": 59977.466250000056,
      "candid": "2223466242615015002",
      "fid": 2,
      "pid": 2223466242615,
      "diffmaglim": 19.552906,
      "isdiffpos": 1,
      "nid": 2223,
      "distnr": 2.591394,
      "magpsf": 18.781643,
      "magpsf_corr": null,
      "magpsf_corr_ext": null,
      "magap": 18.924,
      "magap_corr": null,
      "sigmapsf": 0.13857812,
      "sigmapsf_corr": null,
      "sigmapsf_corr_ext": null,
      "sigmagap": 0.1843,
      "sigmagap_corr": null,
      "ra": 234.3562808,
      "dec": 10.6269286,
      "rb": 0.9128571,
      "rbversion": "t17_f5_c3",
      "drb": 0.99999946,
      "magapbig": 18.818,
      "sigmagapbig": 0.2145,
      "rfid": 532120226,
      "has_stamp": true,
      "corrected": false,
      "dubious": false,
      "candid_alert": null,
      "step_id_corr": "1.1.6",
      "phase": 0.0,
      "parent_candid": null
    },
    {
      "tid": "ztf",
      "mjd": 59984.50909719989,
      "candid": "2230509092615015002",
      "fid": 2,
      "pid": 2230509092615,
      "diffmaglim": 19.686636,
      "isdiffpos": 1,
      "nid": 2230,
      "distnr": 2.5558016,
      "magpsf": 18.814093,
      "magpsf_corr": null,
      "magpsf_corr_ext": null,
      "magap": 18.8736,
      "magap_corr": null,
      "sigmapsf": 0.09919396,
      "sigmapsf_corr": null,
      "sigmapsf_corr_ext": null,
      "sigmagap": 0.1594,
      "sigmagap_corr": null,
      "ra": 234.356279,
      "dec": 10.6269565,
      "rb": 0.94142854,
      "rbversion": "t17_f5_c3",
      "drb": 0.99999714,
      "magapbig": 19.028,
      "sigmagapbig": 0.2355,
      "rfid": 532120226,
      "has_stamp": true,
      "corrected": false,
      "dubious": false,
      "candid_alert": null,
      "step_id_corr": "1.1.6",
      "phase": 0.0,
      "parent_candid": null
    },
    {
      "tid": "ztf",
      "mjd": 59987.50483800005,
      "candid": "2233504832615015005",
      "fid": 1,
      "pid": 2233504832615,
      "diffmaglim": 19.640656,
      "isdiffpos": 1,
      "nid": 2233,
      "distnr": 1.9538232,
      "magpsf": 19.271599,
      "magpsf_corr": null,
      "magpsf_corr_ext": null,
      "magap": 19.3538,
      "magap_corr": null,
      "sigmapsf": 0.16246511,
      "sigmapsf_corr": null,
      "sigmapsf_corr_ext": null,
      "sigmagap": 0.2302,
      "sigmagap_corr": null,
      "ra": 234.3563266,
      "dec": 10.6269564,
      "rb": 0.86285716,
      "rbversion": "t17_f5_c3",
      "drb": 0.9999461,
      "magapbig": 19.3791,
      "sigmagapbig": 0.3022,
      "rfid": 532120126,
      "has_stamp": true,
      "corrected": false,
      "dubious": false,
      "candid_alert": null,
      "step_id_corr": "1.1.6",
      "phase": 0.0,
      "parent_candid": null
    },
    {
      "tid": "ztf",
      "mjd": 59994.48361109989,
      "candid": "2240483612615015005",
      "fid": 1,
      "pid": 2240483612615,
      "diffmaglim": 20.399319,
      "isdiffpos": 1,
      "nid": 2240,
      "distnr": 1.9860985,
      "magpsf": 19.47321,
      "magpsf_corr": null,
      "magpsf_corr_ext": null,
      "magap": 19.6721,
      "magap_corr": null,
      "sigmapsf": 0.13880107,
      "sigmapsf_corr": null,
      "sigmapsf_corr_ext": null,
      "sigmagap": 0.1886,
      "sigmagap_corr": null,
      "ra": 234.3563202,
      "dec": 10.626946,
      "rb": 0.94142854,
      "rbversion": "t17_f5_c3",
      "drb": 0.9999997,
      "magapbig": 19.6693,
      "sigmagapbig": 0.2403,
      "rfid": 532120126,
      "has_stamp": true,
      "corrected": false,
      "dubious": false,
      "candid_alert": null,
      "step_id_corr": "1.1.6",
      "phase": 0.0,
      "parent_candid": null
    },
    {
      "tid": "ztf",
      "mjd": 59994.5031365999,
      "candid": "2240503132615015003",
      "fid": 2,
      "pid": 2240503132615,
      "diffmaglim": 20.348516,
      "isdiffpos": 1,
      "nid": 2240,
      "distnr": 2.401411,
      "magpsf": 19.042042,
      "magpsf_corr": null,
      "magpsf_corr_ext": null,
      "magap": 19.0603,
      "magap_corr": null,
      "sigmapsf": 0.11259566,
      "sigmapsf_corr": null,
      "sigmapsf_corr_ext": null,
      "sigmagap": 0.1231,
      "sigmagap_corr": null,
      "ra": 234.3563248,
      "dec": 10.626957,
      "rb": 0.96,