{
  "detections": [
    {
      "tid": "ztf",
      "mjd": 59899.51861110004,
      "candid": "2145518610915015007",
      "fid": 2,
      "pid": 2145518610915,
      "diffmaglim": 18.7985,
      "isdiffpos": 1,
      "nid": 2145,
      "distnr": 2.11634,
      "magpsf": 17.4669,
      "magpsf_corr": null,
      "magpsf_corr_ext": null,
      "magap": 17.5664,
      "magap_corr": null,
      "sigmapsf": 0.095672,
      "sigmapsf_corr": null,
      "sigmapsf_corr_ext": null,
      "sigmagap": 0.0495,
      "sigmagap_corr": null,
      "ra": 185.8599802,
      "dec": 16.721761,
      "rb": 0.27,
      "rbversion": "t17_f5_c3",
      "drb": null,
      "magapbig": 17.4855,
      "sigmagapbig": 0.0584,
      "rfid": null,
      "has_stamp": false,
      "corrected": false,
      "dubious": false,
      "candid_alert": null,
      "step_id_corr": "1.1.6",
      "phase": 0.0,
      "parent_candid": 2149492240915015000
    },
    {
      "tid": "ztf",
      "mjd": 59903.49224539986,
      "candid": "2149492240915015001",
      "fid": 2,
      "pid": 2149492240915,
      "diffmaglim": 19.58388,
      "isdiffpos": 1,
      "nid": 2149,
      "distnr": 1.9430349,
      "magpsf": 17.125517,
      "magpsf_corr": null,
      "magpsf_corr_ext": null,
      "magap": 17.2009,
      "magap_corr": null,
      "sigmapsf": 0.047215115,
      "sigmapsf_corr": null,
      "sigmapsf_corr_ext": null,
      "sigmagap": 0.0346,
      "sigmagap_corr": null,
      "ra": 185.860012,
      "dec": 16.7218574,
      "rb": 0.92285717,
      "rbversion": "t17_f5_c3",
      "drb": 0.9999995,
      "magapbig": 17.1675,
      "sigmagapbig": 0.0424,
      "rfid": 576120209,
      "has_stamp": true,
      "corrected": false,
      "dubious": false,
      "candid_alert": null,
      "step_id_corr": "1.1.6",
      "phase": 0.0,
      "parent_candid": null
    },
    {
      "tid": "ztf",
      "mjd": 59903.513472199906,
      "candid": "2149513470915015006",
      "fid": 1,
      "pid": 2149513470915,
      "diffmaglim": 19.912018,
      "isdiffpos": 1,
      "nid": 2149,
      "distnr": 4.4459343,
      "magpsf": 17.028528,
      "magpsf_corr": null,
      "magpsf_corr_ext": null,
      "magap": 17.075,
      "magap_corr": null,
      "sigmapsf": 0.041299157,
      "sigmapsf_corr": null,
      "sigmapsf_corr_ext": null,
      "sigmagap": 0.0227,
      "sigmagap_corr": null,
      "ra": 185.8600176,
      "dec": 16.7218435,
      "rb": 0.9014286,
      "rbversion": "t17_f5_c3",
      "drb": 0.999996,
      "magapbig": 17.0717,
      "sigmagapbig": 0.0283,
      "rfid": 576120109,
      "has_stamp": true,
      "corrected": false,
      "dubious": false,
      "candid_alert": null,
      "step_id_corr": "1.1.6",
      "phase": 0.0,
      "parent_candid": null
    },
    {
      "tid": "ztf",
      "mjd": 59906.47085649986,
      "candid": "2152470850915015005",
      "fid": 2,
      "pid": 2152470850915,
      "diffmaglim": 19.797318,
      "isdiffpos": 1,
      "nid": 2152,
      "distnr": 1.9210596,
      "magpsf": 17.103548,
      "magpsf_corr": null,
      "magpsf_corr_ext": null,
      "magap": 17.1162,
      "magap_corr": null,
      "sigmapsf": 0.040938575,
      "sigmapsf_corr": null,
      "sigmapsf_corr_ext": null,
      "sigmagap": 0.0287,
      "sigmagap_corr": null,
      "ra": 185.8599879,
      "dec": 16.7218418,
      "rb": 0.92714286,
      "rbversion": "t17_f5_c3",
      "drb": 0.99999976,
      "magapbig": 17.0674,
      "sigmagapbig": 0.0346,
      "rfid": 576120209,
      "has_stamp": true,
      "corrected": false,
      "dubious": false,
      "candid_alert": null,
      "step_id_corr": "1.1.6",
      "phase": 0.0,
      "parent_candid": null
    },
    {
      "tid": "ztf",
      "mjd": 59909.51760420017,
      "candid": "2155517600915015012",
      "fid": 1,
      "pid": 2155517600915,
      "diffmaglim": 19.876196,
      "isdiffpos": 1,
      "nid": 2155,
      "distnr": 4.4490805,
      "magpsf": 17.188108,
      "magpsf_corr": null,
      "magpsf_corr_ext": null,
      "magap": 17.224,
      "magap_corr": null,
      "sigmapsf": 0.045534875,
      "sigmapsf_corr": null,
      "sigmapsf_corr_ext": null,
      "sigmagap": 0.023,
      "sigmagap_corr": null,
      "ra": 185.8600165,
      "dec": 16.7218388,
      "rb": 0.86714286,
      "rbversion": "t17_f5_c3",
      "drb": 0.99997556,
      "magapbig": 17.2169,
      "sigmagapbig": 0.0284,
      "rfid": 576120109,
      "has_stamp": true,
      "corrected": false,
      "dubious": false,
      "candid_alert": null,
      "step_id_corr": "1.1.6",
      "phase": 0.0,
      "parent_candid": null
    },
    {
      "tid": "ztf",
      "mjd": 59914.494259300176,
      "candid": "2160494250915015001",
      "fid": 1,
      "pid": 2160494250915,
      "diffmaglim": 19.8945,
      "isdiffpos": 1,
      "nid": 2160,
      "distnr": 4.43123,
      "magpsf": 17.5089,
      "magpsf_corr": null,
      "magpsf_corr_ext": null,
      "magap": 17.5884,
      "magap_corr": null,
      "sigmapsf": 0.062523,
      "sigmapsf_corr": null,
      "sigmapsf_corr_ext": null,
      "sigmagap": 0.0274,
      "sigmagap_corr": null,
      "ra": 185.8600202,
      "dec": 16.7218112,
      "rb": 0.255714,
      "rbversion": "t17_f5_c3",
      "drb": null,
      "magapbig": 17.5011,
      "sigmagapbig": 0.0316,
      "rfid": null,
      "has_stamp": false,
      "corrected": false,
      "dubious": false,
      "candid_alert": null,
      "step_id_corr": "1.1.6",
      "phase": 0.0,
      "parent_candid": 2160536660915015000
    },
    {
      "tid": "ztf",
      "mjd": 59914.53666670015,
      "candid": "2160536660915015005",
      "fid": 2,
      "pid": 2160536660915,
      "diffmaglim": 20.276085,
      "isdiffpos": 1,
      "nid": 2160,
      "distnr": 1.9617573,
      "magpsf": 17.535805,
      "magpsf_corr": null,
      "magpsf_corr_ext": null,
      "magap": 17.554,
      "magap_corr": null,
      "sigmapsf": 0.040872734,
      "sigmapsf_corr": null,
      "sigmapsf_corr_ext": null,
      "sigmagap": 0.0309,
      "sigmagap_corr": null,
      "ra": 185.8600072,
      "dec": 16.7218452,
      "rb": 0.92714286,
      "rbversion": "t17_f5_c3",
      "drb": 0.9999968,
      "magapbig": 17.527,
      "sigmagapbig": 0.0377,
      "rfid": 576120209,
      "has_stamp": true,
      "corrected": false,
      "dubious": false,
      "candid_alert": null,
      "step_id_corr": "1.1.6",
      "phase": 0.0,
      "parent_candid": null
    },
    {
      "tid": "ztf",
      "mjd": 59923.467164400034,
      "candid": "2169467160915015003",
      "fid": 1,
      "pid": 2169467160915,
      "diffmaglim": 19.190622,
      "isdiffpos": 1,
      "nid": 2169,
      "distnr": 4.566048,
      "magpsf": 18.1969,
      "magpsf_corr": null,
      "magpsf_corr_ext": null,
      "magap": 18.2237,
      "magap_corr": null,
      "sigmapsf": 0.09286285,
      "sigmapsf_corr": null,
      "sigmapsf_corr_ext": null,
      "sigmagap": 0.1131,
      "sigmagap_corr": null,
      "ra": 185.8599824,
      "dec": 16.721845,
      "rb": 0.8157143,
      "rbversion": "t17_f5_c3",
      "drb": 0.9993744,
      "magapbig": 18.1964,
      "sigmagapbig": 0.1413,
      "rfid": 576120109,
      "has_stamp": true,
      "corrected": false,
      "dubious": false,
      "candid_alert": null,
      "step_id_corr": "1.1.6",
      "phase": 0.0,
      "parent_candid": null
    },
    {
      "tid": "ztf",
      "mjd": 59923.49533559987,
      "candid": "2169495330915015000",
      "fid": 2,
      "pid": 2169495330915,
      "diffmaglim": 19.756403,
      "isdiffpos": 1,
      "nid": 2169,
      "distnr": 1.8925532,
      "magpsf": 18.130121,
      "magpsf_corr": null,
      "magpsf_corr_ext": null,
      "magap": 18.3444,
      "magap_corr": null,
      "sigmapsf": 0.094341755,
      "sigmapsf_corr": null,
      "sigmapsf_corr_ext": null,
      "sigmagap": 0.1045,
      "sigmagap_corr": null,
      "ra": 185.8600011,
      "dec": 16.7218675,
      "rb": 0.89,