{
  "detections": [
    {
      "tid": "ztf",
      "mjd": 59629.337303199805,
      "candid": "1875337301515015013",
      "fid": 2,
      "pid": 1875337301515,
      "diffmaglim": 19.714346,
      "isdiffpos": 1,
      "nid": 1875,
      "distnr": 0.27320078,
      "magpsf": 19.51307,
      "magpsf_corr": 17.461155,
      "magpsf_corr_ext": null,
      "magap": 19.4927,
      "magap_corr": null,
      "sigmapsf": 0.20993088,
      "sigmapsf_corr": 100.0,
      "sigmapsf_corr_ext": 0.031718347,
      "sigmagap": 0.3453,
      "sigmagap_corr": null,
      "ra": 155.3830965,
      "dec": 8.4055295,
      "rb": 0.83428574,
      "rbversion": "t17_f5_c3",
      "drb": 0.9990357,
      "magapbig": 19.5494,
      "sigmagapbig": 0.4627,
      "rfid": 521120215,
      "has_stamp": true,
      "corrected": true,
      "dubious": false,
      "candid_alert": null,
      "step_id_corr": "correction_1.0.6",
      "phase": 0.0,
      "parent_candid": null
    },
    {
      "tid": "ztf",
      "mjd": 59638.32180560008,
      "candid": "1884321801515015017",
      "fid": 2,
      "pid": 1884321801515,
      "diffmaglim": 19.8741,
      "isdiffpos": 1,
      "nid": 1884,
      "distnr": 0.007594,
      "magpsf": 19.8529,
      "magpsf_corr": 17.50616,
      "magpsf_corr_ext": null,
      "magap": 20.1084,
      "magap_corr": null,
      "sigmapsf": 0.284863,
      "sigmapsf_corr": 100.0,
      "sigmapsf_corr_ext": 0.03280504,
      "sigmagap": 0.4854,
      "sigmagap_corr": null,
      "ra": 155.3830237,
      "dec": 8.4055549,
      "rb": 0.768571,
      "rbversion": "t17_f5_c3",
      "drb": null,
      "magapbig": 19.7963,
      "sigmagapbig": 0.4592,
      "rfid": null,
      "has_stamp": false,
      "corrected": true,
      "dubious": false,
      "candid_alert": null,
      "step_id_corr": "correction_1.0.6",
      "phase": 0.0,
      "parent_candid": 1886331571515015030
    },
    {
      "tid": "ztf",
      "mjd": 59640.33157410007,
      "candid": "1886331571515015030",
      "fid": 2,
      "pid": 1886331571515,
      "diffmaglim": 20.214209,
      "isdiffpos": 1,
      "nid": 1886,
      "distnr": 0.25407767,
      "magpsf": 19.844368,
      "magpsf_corr": 17.505175,
      "magpsf_corr_ext": null,
      "magap": 19.6566,
      "magap_corr": null,
      "sigmapsf": 0.19129755,
      "sigmapsf_corr": 100.0,
      "sigmapsf_corr_ext": 0.022183608,
      "sigmagap": 0.2213,
      "sigmagap_corr": null,
      "ra": 155.3830077,
      "dec": 8.4054833,
      "rb": 0.8814286,
      "rbversion": "t17_f5_c3",
      "drb": 0.99986076,
      "magapbig": 19.5405,
      "sigmagapbig": 0.2468,
      "rfid": 521120215,
      "has_stamp": true,
      "corrected": true,
      "dubious": false,
      "candid_alert": null,
      "step_id_corr": "correction_1.0.6",
      "phase": 0.0,
      "parent_candid": null
    },
    {
      "tid": "ztf",
      "mjd": 59671.32067129994,
      "candid": "1917320671515015017",
      "fid": 2,
      "pid": 1917320671515,
      "diffmaglim": 20.61059,
      "isdiffpos": 1,
      "nid": 1917,
      "distnr": 0.1802138,
      "magpsf": 19.416142,
      "magpsf_corr": 17.445944,
      "magpsf_corr_ext": null,
      "magap": 19.7491,
      "magap_corr": null,
      "sigmapsf": 0.1553912,
      "sigmapsf_corr": 100.0,
      "sigmapsf_corr_ext": 0.025313208,
      "sigmagap": 0.2224,
      "sigmagap_corr": null,
      "ra": 155.3830702,
      "dec": 8.4055301,
      "rb": 0.7542857,
      "rbversion": "t17_f5_c3",
      "drb": 0.9997674,
      "magapbig": 19.7171,
      "sigmagapbig": 0.2659,
      "rfid": 521120215,
      "has_stamp": true,
      "corrected": true,
      "dubious": false,
      "candid_alert": null,
      "step_id_corr": "correction_1.0.6",
      "phase": 0.0,
      "parent_candid": null
    },
    {
      "tid": "ztf",
      "mjd": 59671.32067129994,
      "candid": "1917320671515025017",
      "fid": 2,
      "pid": 1917320671515,
      "diffmaglim": 20.5992,
      "isdiffpos": 1,
      "nid": 1917,
      "distnr": 0.179509,
      "magpsf": 19.3621,
      "magpsf_corr": 17.436954,
      "magpsf_corr_ext": null,
      "magap": 19.619,
      "magap_corr": null,
      "sigmapsf": 0.145274,
      "sigmapsf_corr": 100.0,
      "sigmapsf_corr_ext": 0.024667751,
      "sigmagap": 0.1994,
      "sigmagap_corr": null,
      "ra": 155.3830696,
      "dec": 8.4055289,
      "rb": 0.791429,
      "rbversion": "t17_f5_c3",
      "drb": null,
      "magapbig": 19.5934,
      "sigmagapbig": 0.2398,
      "rfid": null,
      "has_stamp": false,
      "corrected": true,
      "dubious": false,
      "candid_alert": null,
      "step_id_corr": "correction_1.0.6",
      "phase": 0.0,
      "parent_candid": 1939192041515015013
    },
    {
      "tid": "ztf",
      "mjd": 59674.30442130007,
      "candid": "1920304421515015012",
      "fid": 2,
      "pid": 1920304421515,
      "diffmaglim": 20.41489,
      "isdiffpos": 1,
      "nid": 1920,
      "distnr": 0.26524293,
      "magpsf": 19.232027,
      "magpsf_corr": 17.41374,
      "magpsf_corr_ext": null,
      "magap": 19.4703,
      "magap_corr": null,
      "sigmapsf": 0.11094861,
      "sigmapsf_corr": 100.0,
      "sigmapsf_corr_ext": 0.020787738,
      "sigmagap": 0.1938,
      "sigmagap_corr": null,
      "ra": 155.3830466,
      "dec": 8.4054787,
      "rb": 0.91714287,
      "rbversion": "t17_f5_c3",
      "drb": 0.9999989,
      "magapbig": 19.6587,
      "sigmagapbig": 0.2857,
      "rfid": 521120215,
      "has_stamp": true,
      "corrected": true,
      "dubious": false,
      "candid_alert": null,
      "step_id_corr": "correction_1.0.6",
      "phase": 0.0,
      "parent_candid": null
    },
    {
      "tid": "ztf",
      "mjd": 59676.34186339984,
      "candid": "1922341861515015006",
      "fid": 2,
      "pid": 1922341861515,
      "diffmaglim": 19.5142,
      "isdiffpos": 1,
      "nid": 1922,
      "distnr": 0.496882,
      "magpsf": 19.3241,
      "magpsf_corr": 17.430408,
      "magpsf_corr_ext": null,
      "magap": 19.4161,
      "magap_corr": null,
      "sigmapsf": 0.235653,
      "sigmapsf_corr": 100.0,
      "sigmapsf_corr_ext": 0.04119039,
      "sigmagap": 0.2371,
      "sigmagap_corr": null,
      "ra": 155.382911,
      "dec": 8.4054646,
      "rb": 0.745714,
      "rbversion": "t17_f5_c3",
      "drb": null,
      "magapbig": 19.2655,
      "sigmagapbig": 0.26,
      "rfid": null,
      "has_stamp": false,
      "corrected": true,
      "dubious": false,
      "candid_alert": null,
      "step_id_corr": "correction_1.0.6",
      "phase": 0.0,
      "parent_candid": 1939192041515015013
    },
    {
      "tid": "ztf",
      "mjd": 59684.31890049996,
      "candid": "1930318901515015011",
      "fid": 2,
      "pid": 1930318901515,
      "diffmaglim": 18.9548,
      "isdiffpos": 1,
      "nid": 1930,
      "distnr": 0.538369,
      "magpsf": 19.0788,
      "magpsf_corr": 17.383337,
      "magpsf_corr_ext": null,
      "magap": 18.7543,
      "magap_corr": null,
      "sigmapsf": 0.234785,
      "sigmapsf_corr": 100.0,
      "sigmapsf_corr_ext": 0.049258918,
      "sigmagap": 0.2834,
      "sigmagap_corr": null,
      "ra": 155.3831673,
      "dec": 8.4055986,
      "rb": 0.84,
      "rbversion": "t17_f5_c3",
      "drb": null,
      "magapbig": 18.8873,
      "sigmagapbig": 0.4099,
      "rfid": null,
      "has_stamp": false,
      "corrected": true,
      "dubious": false,
      "candid_alert": null,
      "step_id_corr": "correction_1.0.6",
      "phase": 0.0,
      "parent_candid": 1939192041515015013
    },
    {
      "tid": "ztf",
      "mjd": 59689.17061340017,
      "candid": "1935170611515015015",
      "fid": 2,
      "pid": 1935170611515,
      "diffmaglim": 19.9281,
      "isdiffpos": 1,
      "nid": 1935,
      "distnr": 0.286867,
      "magpsf": 19.5166,
      "magpsf_corr": 17.461687,
      "magpsf_corr_ext": null,
      "magap": 19.6663,
      "magap_corr": null,
      "sigmapsf": 0.274716,
      "sigmapsf_corr": 100.0,