{
  "detections": [
    {
      "tid": "ztf",
      "mjd": 59671.41956020007,
      "candid": "1917419564415015001",
      "fid": 1,
      "pid": 1917419564415,
      "diffmaglim": 20.908508,
      "isdiffpos": 1,
      "nid": 1917,
      "distnr": 1.3673477,
      "magpsf": 18.288889,
      "magpsf_corr": 17.318653,
      "magpsf_corr_ext": null,
      "magap": 18.3477,
      "magap_corr": null,
      "sigmapsf": 0.07194394,
      "sigmapsf_corr": 100.0,
      "sigmapsf_corr_ext": 0.029437419,
      "sigmagap": 0.0501,
      "sigmagap_corr": null,
      "ra": 185.6651515,
      "dec": 27.7466697,
      "rb": 0.93285716,
      "rbversion": "t17_f5_c3",
      "drb": 0.99999857,
      "magapbig": 18.3898,
      "sigmagapbig": 0.0622,
      "rfid": 625120144,
      "has_stamp": true,
      "corrected": true,
      "dubious": false,
      "candid_alert": null,
      "step_id_corr": "correction_1.0.6",
      "phase": 0.0,
      "parent_candid": null
    },
    {
      "tid": "ztf",
      "mjd": 59674.378865700215,
      "candid": "1920378864415015001",
      "fid": 1,
      "pid": 1920378864415,
      "diffmaglim": 20.668001,
      "isdiffpos": 1,
      "nid": 1920,
      "distnr": 1.3640875,
      "magpsf": 18.169945,
      "magpsf_corr": 17.2684,
      "magpsf_corr_ext": null,
      "magap": 18.12,
      "magap_corr": null,
      "sigmapsf": 0.046544455,
      "sigmapsf_corr": 100.0,
      "sigmapsf_corr_ext": 0.020288493,
      "sigmagap": 0.0444,
      "sigmagap_corr": null,
      "ra": 185.665157,
      "dec": 27.7466682,
      "rb": 0.9557143,
      "rbversion": "t17_f5_c3",
      "drb": 0.9999968,
      "magapbig": 18.1337,
      "sigmagapbig": 0.0544,
      "rfid": 625120144,
      "has_stamp": true,
      "corrected": true,
      "dubious": false,
      "candid_alert": null,
      "step_id_corr": "correction_1.0.6",
      "phase": 0.0,
      "parent_candid": null
    },
    {
      "tid": "ztf",
      "mjd": 59676.35881939996,
      "candid": "1922358814415015002",
      "fid": 2,
      "pid": 1922358814415,
      "diffmaglim": 20.155159,
      "isdiffpos": 1,
      "nid": 1922,
      "distnr": 0.959078,
      "magpsf": 17.64456,
      "magpsf_corr": 16.762278,
      "magpsf_corr_ext": null,
      "magap": 17.5939,
      "magap_corr": null,
      "sigmapsf": 0.040378034,
      "sigmapsf_corr": 100.0,
      "sigmapsf_corr_ext": 0.017915636,
      "sigmagap": 0.0341,
      "sigmagap_corr": null,
      "ra": 185.665176,
      "dec": 27.7466919,
      "rb": 0.9028571,
      "rbversion": "t17_f5_c3",
      "drb": 0.999992,
      "magapbig": 17.5866,
      "sigmagapbig": 0.0411,
      "rfid": 625120244,
      "has_stamp": true,
      "corrected": true,
      "dubious": false,
      "candid_alert": null,
      "step_id_corr": "correction_1.0.6",
      "phase": 0.0,
      "parent_candid": null
    },
    {
      "tid": "ztf",
      "mjd": 59676.3826156999,
      "candid": "1922382614415015002",
      "fid": 1,
      "pid": 1922382614415,
      "diffmaglim": 20.034939,
      "isdiffpos": 1,
      "nid": 1922,
      "distnr": 1.3513385,
      "magpsf": 18.219095,
      "magpsf_corr": 17.28955,
      "magpsf_corr_ext": null,
      "magap": 18.2159,
      "magap_corr": null,
      "sigmapsf": 0.079737395,
      "sigmapsf_corr": 100.0,
      "sigmapsf_corr_ext": 0.03387227,
      "sigmagap": 0.0519,
      "sigmagap_corr": null,
      "ra": 185.6651438,
      "dec": 27.7466785,
      "rb": 0.7885714,
      "rbversion": "t17_f5_c3",
      "drb": 0.9981782,
      "magapbig": 18.2034,
      "sigmagapbig": 0.0626,
      "rfid": 625120144,
      "has_stamp": true,
      "corrected": true,
      "dubious": false,
      "candid_alert": null,
      "step_id_corr": "correction_1.0.6",
      "phase": 0.0,
      "parent_candid": null
    },
    {
      "tid": "ztf",
      "mjd": 59678.341307899915,
      "candid": "1924341304415015003",
      "fid": 1,
      "pid": 1924341304415,
      "diffmaglim": 20.480122,
      "isdiffpos": 1,
      "nid": 1924,
      "distnr": 1.410605,
      "magpsf": 18.255358,
      "magpsf_corr": null,
      "magpsf_corr_ext": null,
      "magap": 18.2533,
      "magap_corr": null,
      "sigmapsf": 0.054960776,
      "sigmapsf_corr": null,
      "sigmapsf_corr_ext": null,
      "sigmagap": 0.0596,
      "sigmagap_corr": null,
      "ra": 185.665146,
      "dec": 27.7466586,
      "rb": 0.95428574,
      "rbversion": "t17_f5_c3",
      "drb": 0.9999992,
      "magapbig": 18.2547,
      "sigmagapbig": 0.0735,
      "rfid": 625120144,
      "has_stamp": true,
      "corrected": false,
      "dubious": true,
      "candid_alert": null,
      "step_id_corr": "correction_1.0.6",
      "phase": 0.0,
      "parent_candid": null
    },
    {
      "tid": "ztf",
      "mjd": 59680.35697920015,
      "candid": "1926356974415015005",
      "fid": 2,
      "pid": 1926356974415,
      "diffmaglim": 19.754343,
      "isdiffpos": 1,
      "nid": 1926,
      "distnr": 0.9751461,
      "magpsf": 17.684954,
      "magpsf_corr": 16.780014,
      "magpsf_corr_ext": null,
      "magap": 17.6872,
      "magap_corr": null,
      "sigmapsf": 0.06124389,
      "sigmapsf_corr": 100.0,
      "sigmapsf_corr_ext": 0.026612598,
      "sigmagap": 0.0477,
      "sigmagap_corr": null,
      "ra": 185.6651664,
      "dec": 27.7466888,
      "rb": 0.9,
      "rbversion": "t17_f5_c3",
      "drb": 0.9999928,
      "magapbig": 17.7404,
      "sigmagapbig": 0.0623,
      "rfid": 625120244,
      "has_stamp": true,
      "corrected": true,
      "dubious": false,
      "candid_alert": null,
      "step_id_corr": "correction_1.0.6",
      "phase": 0.0,
      "parent_candid": null
    },
    {
      "tid": "ztf",
      "mjd": 59684.29142360017,
      "candid": "1930291424415015002",
      "fid": 1,
      "pid": 1930291424415,
      "diffmaglim": 19.2111,
      "isdiffpos": 1,
      "nid": 1930,
      "distnr": 1.17751,
      "magpsf": 19.0027,
      "magpsf_corr": 17.557066,
      "magpsf_corr_ext": null,
      "magap": 18.9245,
      "magap_corr": null,
      "sigmapsf": 0.157863,
      "sigmapsf_corr": 100.0,
      "sigmapsf_corr_ext": 0.04168949,
      "sigmagap": 0.2608,
      "sigmagap_corr": null,
      "ra": 185.6652291,
      "dec": 27.7466979,
      "rb": 0.965714,
      "rbversion": "t17_f5_c3",
      "drb": null,
      "magapbig": 18.9508,
      "sigmagapbig": 0.3416,
      "rfid": null,
      "has_stamp": false,
      "corrected": true,
      "dubious": false,
      "candid_alert": null,
      "step_id_corr": "correction_1.0.6",
      "phase": 0.0,
      "parent_candid": 1930340974415015000
    },
    {
      "tid": "ztf",
      "mjd": 59684.340972200036,
      "candid": "1930340974415015000",
      "fid": 2,
      "pid": 1930340974415,
      "diffmaglim": 19.310047,
      "isdiffpos": 1,
      "nid": 1930,
      "distnr": 1.0845412,
      "magpsf": 17.899166,
      "magpsf_corr": 16.867958,
      "magpsf_corr_ext": null,
      "magap": 17.8478,
      "magap_corr": null,
      "sigmapsf": 0.068690956,
      "sigmapsf_corr": 100.0,
      "sigmapsf_corr_ext": 0.026571512,
      "sigmagap": 0.097,
      "sigmagap_corr": null,
      "ra": 185.6651363,
      "dec": 27.7466632,
      "rb": 0.93714285,
      "rbversion": "t17_f5_c3",
      "drb": 0.99999744,
      "magapbig": 17.8694,
      "sigmagapbig": 0.1261,
      "rfid": 625120244,
      "has_stamp": true,
      "corrected": true,
      "dubious": false,
      "candid_alert": null,
      "step_id_corr": "correction_1.0.6",
      "phase": 0.0,
      "parent_candid": null
    },
    {
      "tid": "ztf",
      "mjd": 59687.34638890019,
      "candid": "1933346384415015001",
      "fid": 2,
      "pid": 1933346384415,
      "diffmaglim": 19.610092,
      "isdiffpos": 1,
      "nid": 1933,
      "distnr": 0.9094014,
      "magpsf": 18.053902,
      "magpsf_corr": 16.925228,
      "magpsf_corr_ext": null,
      "magap": 18.0285,
      "magap_corr": null,
      "sigmapsf": 0.07069295,
      "sigmapsf_corr": 100.0,