{
  "detections": [
    {
      "tid": "ztf",
      "mjd": 59922.19067130005,
      "candid": "2168190675515015003",
      "fid": 2,
      "pid": 2168190675515,
      "diffmaglim": 19.990807,
      "isdiffpos": 1,
      "nid": 2168,
      "distnr": 3.907575,
      "magpsf": 18.90538,
      "magpsf_corr": null,
      "magpsf_corr_ext": null,
      "magap": 19.1652,
      "magap_corr": null,
      "sigmapsf": 0.09253771,
      "sigmapsf_corr": null,
      "sigmapsf_corr_ext": null,
      "sigmagap": 0.2137,
      "sigmagap_corr": null,
      "ra": 348.6765102,
      "dec": 21.0919899,
      "rb": 0.89857143,
      "rbversion": "t17_f5_c3",
      "drb": 0.9990249,
      "magapbig": 19.0462,
      "sigmagapbig": 0.2452,
      "rfid": 598120255,
      "has_stamp": true,
      "corrected": false,
      "dubious": false,
      "candid_alert": null,
      "step_id_corr": "1.1.6",
      "phase": 0.0,
      "parent_candid": null
    },
    {
      "tid": "ztf",
      "mjd": 59922.22003469989,
      "candid": "2168220035515015000",
      "fid": 1,
      "pid": 2168220035515,
      "diffmaglim": 19.61868,
      "isdiffpos": 1,
      "nid": 2168,
      "distnr": 3.2633605,
      "magpsf": 18.741087,
      "magpsf_corr": null,
      "magpsf_corr_ext": null,
      "magap": 18.8053,
      "magap_corr": null,
      "sigmapsf": 0.1077157,
      "sigmapsf_corr": null,
      "sigmapsf_corr_ext": null,
      "sigmagap": 0.2003,
      "sigmagap_corr": null,
      "ra": 348.6764536,
      "dec": 21.091978,
      "rb": 0.9457143,
      "rbversion": "t17_f5_c3",
      "drb": 0.99999833,
      "magapbig": 18.7725,
      "sigmagapbig": 0.2493,
      "rfid": 598120155,
      "has_stamp": true,
      "corrected": false,
      "dubious": false,
      "candid_alert": null,
      "step_id_corr": "1.1.6",
      "phase": 0.0,
      "parent_candid": null
    },
    {
      "tid": "ztf",
      "mjd": 59924.14535879996,
      "candid": "2170145355515015011",
      "fid": 2,
      "pid": 2170145355515,
      "diffmaglim": 20.25657,
      "isdiffpos": 1,
      "nid": 2170,
      "distnr": 3.8548148,
      "magpsf": 18.463137,
      "magpsf_corr": null,
      "magpsf_corr_ext": null,
      "magap": 18.5109,
      "magap_corr": null,
      "sigmapsf": 0.05848428,
      "sigmapsf_corr": null,
      "sigmapsf_corr_ext": null,
      "sigmagap": 0.0898,
      "sigmagap_corr": null,
      "ra": 348.6764842,
      "dec": 21.0919718,
      "rb": 0.95,
      "rbversion": "t17_f5_c3",
      "drb": 0.9999998,
      "magapbig": 18.5467,
      "sigmagapbig": 0.118,
      "rfid": 598120255,
      "has_stamp": true,
      "corrected": false,
      "dubious": false,
      "candid_alert": null,
      "step_id_corr": "1.1.6",
      "phase": 0.0,
      "parent_candid": null
    },
    {
      "tid": "ztf",
      "mjd": 59930.12116899993,
      "candid": "2176121165515015008",
      "fid": 2,
      "pid": 2176121165515,
      "diffmaglim": 20.170681,
      "isdiffpos": 1,
      "nid": 2176,
      "distnr": 3.8765097,
      "magpsf": 18.130281,
      "magpsf_corr": null,
      "magpsf_corr_ext": null,
      "magap": 18.0774,
      "magap_corr": null,
      "sigmapsf": 0.050857194,
      "sigmapsf_corr": null,
      "sigmapsf_corr_ext": null,
      "sigmagap": 0.0547,
      "sigmagap_corr": null,
      "ra": 348.6764914,
      "dec": 21.0919747,
      "rb": 0.94142854,
      "rbversion": "t17_f5_c3",
      "drb": 0.9999994,
      "magapbig": 18.0714,
      "sigmagapbig": 0.0688,
      "rfid": 598120255,
      "has_stamp": true,
      "corrected": false,
      "dubious": false,
      "candid_alert": null,
      "step_id_corr": "1.1.6",
      "phase": 0.0,
      "parent_candid": null
    },
    {
      "tid": "ztf",
      "mjd": 59933.14089119993,
      "candid": "2179140895515015006",
      "fid": 2,
      "pid": 2179140895515,
      "diffmaglim": 20.049948,
      "isdiffpos": 1,
      "nid": 2179,
      "distnr": 3.831661,
      "magpsf": 18.09638,
      "magpsf_corr": null,
      "magpsf_corr_ext": null,
      "magap": 18.145,
      "magap_corr": null,
      "sigmapsf": 0.067860134,
      "sigmapsf_corr": null,
      "sigmapsf_corr_ext": null,
      "sigmagap": 0.078,
      "sigmagap_corr": null,
      "ra": 348.6764884,
      "dec": 21.0919972,
      "rb": 0.94285715,
      "rbversion": "t17_f5_c3",
      "drb": 0.9999994,
      "magapbig": 18.2246,
      "sigmagapbig": 0.1066,
      "rfid": 598120255,
      "has_stamp": true,
      "corrected": false,
      "dubious": false,
      "candid_alert": null,
      "step_id_corr": "1.1.6",
      "phase": 0.0,
      "parent_candid": null
    },
    {
      "tid": "ztf",
      "mjd": 59933.19613429997,
      "candid": "2179196135515015004",
      "fid": 1,
      "pid": 2179196135515,
      "diffmaglim": 19.876612,
      "isdiffpos": 1,
      "nid": 2179,
      "distnr": 3.495293,
      "magpsf": 18.284119,
      "magpsf_corr": null,
      "magpsf_corr_ext": null,
      "magap": 18.2079,
      "magap_corr": null,
      "sigmapsf": 0.08522482,
      "sigmapsf_corr": null,
      "sigmapsf_corr_ext": null,
      "sigmagap": 0.0834,
      "sigmagap_corr": null,
      "ra": 348.6765368,
      "dec": 21.0919298,
      "rb": 0.9085714,
      "rbversion": "t17_f5_c3",
      "drb": 0.99999976,
      "magapbig": 18.0684,
      "sigmagapbig": 0.0935,
      "rfid": 598120155,
      "has_stamp": true,
      "corrected": false,
      "dubious": false,
      "candid_alert": null,
      "step_id_corr": "1.1.6",
      "phase": 0.0,
      "parent_candid": null
    },
    {
      "tid": "ztf",
      "mjd": 59935.14190969989,
      "candid": "2181141905515015010",
      "fid": 2,
      "pid": 2181141905515,
      "diffmaglim": 20.156834,
      "isdiffpos": 1,
      "nid": 2181,
      "distnr": 3.926093,
      "magpsf": 18.115427,
      "magpsf_corr": null,
      "magpsf_corr_ext": null,
      "magap": 18.0825,
      "magap_corr": null,
      "sigmapsf": 0.060786545,
      "sigmapsf_corr": null,
      "sigmapsf_corr_ext": null,
      "sigmagap": 0.0584,
      "sigmagap_corr": null,
      "ra": 348.6765054,
      "dec": 21.0919697,
      "rb": 0.9342857,
      "rbversion": "t17_f5_c3",
      "drb": 0.9999999,
      "magapbig": 18.0814,
      "sigmagapbig": 0.074,
      "rfid": 598120255,
      "has_stamp": true,
      "corrected": false,
      "dubious": false,
      "candid_alert": null,
      "step_id_corr": "1.1.6",
      "phase": 0.0,
      "parent_candid": null
    },
    {
      "tid": "ztf",
      "mjd": 59935.18180559995,
      "candid": "2181181805515015007",
      "fid": 1,
      "pid": 2181181805515,
      "diffmaglim": 20.421337,
      "isdiffpos": 1,
      "nid": 2181,
      "distnr": 3.4354513,
      "magpsf": 18.454807,
      "magpsf_corr": null,
      "magpsf_corr_ext": null,
      "magap": 18.6377,
      "magap_corr": null,
      "sigmapsf": 0.07829904,
      "sigmapsf_corr": null,
      "sigmapsf_corr_ext": null,
      "sigmagap": 0.0818,
      "sigmagap_corr": null,
      "ra": 348.6764988,
      "dec": 21.0920032,
      "rb": 0.95857143,
      "rbversion": "t17_f5_c3",
      "drb": 1.0,
      "magapbig": 18.5734,
      "sigmagapbig": 0.0978,
      "rfid": 598120155,
      "has_stamp": true,
      "corrected": false,
      "dubious": false,
      "candid_alert": null,
      "step_id_corr": "1.1.6",
      "phase": 0.0,
      "parent_candid": null
    },
    {
      "tid": "ztf",
      "mjd": 59937.142766200006,
      "candid": "2183142765515015022",
      "fid": 1,
      "pid": 2183142765515,
      "diffmaglim": 20.51336,
      "isdiffpos": 1,
      "nid": 2183,
      "distnr": 3.3685412,
      "magpsf": 18.487535,
      "magpsf_corr": null,
      "magpsf_corr_ext": null,
      "magap": 18.5897,
      "magap_corr": null,
      "sigmapsf": 0.07394384,
      "sigmapsf_corr": null,
      "sigmapsf_corr_ext": null,
      "sigmagap": 0.0679,
      "sigmagap_corr": null,
      "ra": 348.6764901,
      "dec": 21.0919625,
      "rb": 0.95285714,
      "rbversion": "t17_f5_c3",