{
  "detections": [
    {
      "tid": "ztf",
      "mjd": 59636.178391200025,
      "candid": "1882178395615015031",
      "fid": 1,
      "pid": 1882178395615,
      "diffmaglim": 20.137445,
      "isdiffpos": 1,
      "nid": 1882,
      "distnr": 2.3888779,
      "magpsf": 18.908043,
      "magpsf_corr": null,
      "magpsf_corr_ext": null,
      "magap": 18.8393,
      "magap_corr": null,
      "sigmapsf": 0.09935936,
      "sigmapsf_corr": null,
      "sigmapsf_corr_ext": null,
      "sigmagap": 0.1089,
      "sigmagap_corr": null,
      "ra": 42.1096627,
      "dec": 50.7574341,
      "rb": 0.88857144,
      "rbversion": "t17_f5_c3",
      "drb": 0.99540806,
      "magapbig": 18.7971,
      "sigmagapbig": 0.1342,
      "rfid": 740120156,
      "has_stamp": true,
      "corrected": false,
      "dubious": false,
      "candid_alert": null,
      "step_id_corr": "correction_1.0.6",
      "phase": 0.0,
      "parent_candid": null
    },
    {
      "tid": "ztf",
      "mjd": 59638.20304400008,
      "candid": "1884203045615015007",
      "fid": 2,
      "pid": 1884203045615,
      "diffmaglim": 18.237093,
      "isdiffpos": 1,
      "nid": 1884,
      "distnr": 2.4635646,
      "magpsf": 18.271212,
      "magpsf_corr": null,
      "magpsf_corr_ext": null,
      "magap": 18.2823,
      "magap_corr": null,
      "sigmapsf": 0.17067099,
      "sigmapsf_corr": null,
      "sigmapsf_corr_ext": null,
      "sigmagap": 0.304,
      "sigmagap_corr": null,
      "ra": 42.10974,
      "dec": 50.7574289,
      "rb": 0.73,
      "rbversion": "t17_f5_c3",
      "drb": 0.8599153,
      "magapbig": 18.4618,
      "sigmagapbig": 0.4606,
      "rfid": 740120256,
      "has_stamp": true,
      "corrected": false,
      "dubious": false,
      "candid_alert": null,
      "step_id_corr": "correction_1.0.6",
      "phase": 0.0,
      "parent_candid": null
    },
    {
      "tid": "ztf",
      "mjd": 59640.16094909981,
      "candid": "1886160945615015037",
      "fid": 1,
      "pid": 1886160945615,
      "diffmaglim": 20.097898,
      "isdiffpos": 1,
      "nid": 1886,
      "distnr": 2.4400523,
      "magpsf": 18.871851,
      "magpsf_corr": null,
      "magpsf_corr_ext": null,
      "magap": 18.9403,
      "magap_corr": null,
      "sigmapsf": 0.11715911,
      "sigmapsf_corr": null,
      "sigmapsf_corr_ext": null,
      "sigmagap": 0.1195,
      "sigmagap_corr": null,
      "ra": 42.1096186,
      "dec": 50.7574256,
      "rb": 0.8914286,
      "rbversion": "t17_f5_c3",
      "drb": 0.99998856,
      "magapbig": 19.0819,
      "sigmagapbig": 0.1742,
      "rfid": 740120156,
      "has_stamp": true,
      "corrected": false,
      "dubious": false,
      "candid_alert": null,
      "step_id_corr": "correction_1.0.6",
      "phase": 0.0,
      "parent_candid": null
    },
    {
      "tid": "ztf",
      "mjd": 59640.220972199924,
      "candid": "1886220975615015004",
      "fid": 2,
      "pid": 1886220975615,
      "diffmaglim": 19.683231,
      "isdiffpos": 1,
      "nid": 1886,
      "distnr": 2.8048,
      "magpsf": 18.114037,
      "magpsf_corr": null,
      "magpsf_corr_ext": null,
      "magap": 18.112,
      "magap_corr": null,
      "sigmapsf": 0.082975075,
      "sigmapsf_corr": null,
      "sigmapsf_corr_ext": null,
      "sigmagap": 0.0841,
      "sigmagap_corr": null,
      "ra": 42.1095952,
      "dec": 50.7574005,
      "rb": 0.93285716,
      "rbversion": "t17_f5_c3",
      "drb": 0.99214125,
      "magapbig": 18.1985,
      "sigmagapbig": 0.1165,
      "rfid": 740120256,
      "has_stamp": true,
      "corrected": false,
      "dubious": false,
      "candid_alert": null,
      "step_id_corr": "correction_1.0.6",
      "phase": 0.0,
      "parent_candid": null
    },
    {
      "tid": "ztf",
      "mjd": 59759.4613541998,
      "candid": "2005461355615015011",
      "fid": 2,
      "pid": 2005461355615,
      "diffmaglim": 20.3159,
      "isdiffpos": 1,
      "nid": 2005,
      "distnr": 2.72983,
      "magpsf": 20.5438,
      "magpsf_corr": null,
      "magpsf_corr_ext": null,
      "magap": 20.4386,
      "magap_corr": null,
      "sigmapsf": 0.330754,
      "sigmapsf_corr": null,
      "sigmapsf_corr_ext": null,
      "sigmagap": 0.4944,
      "sigmagap_corr": null,
      "ra": 42.1096442,
      "dec": 50.7573758,
      "rb": 0.554286,
      "rbversion": "t17_f5_c3",
      "drb": null,
      "magapbig": 20.1283,
      "sigmagapbig": 0.4787,
      "rfid": null,
      "has_stamp": false,
      "corrected": false,
      "dubious": false,
      "candid_alert": null,
      "step_id_corr": "dev",
      "phase": 0.0,
      "parent_candid": 2009464905615015000
    },
    {
      "tid": "ztf",
      "mjd": 59759.46726850001,
      "candid": "2005467265615015006",
      "fid": 2,
      "pid": 2005467265615,
      "diffmaglim": 20.2555,
      "isdiffpos": 1,
      "nid": 2005,
      "distnr": 2.64518,
      "magpsf": 20.3536,
      "magpsf_corr": null,
      "magpsf_corr_ext": null,
      "magap": 19.713,
      "magap_corr": null,
      "sigmapsf": 0.251221,
      "sigmapsf_corr": null,
      "sigmapsf_corr_ext": null,
      "sigmagap": 0.2667,
      "sigmagap_corr": null,
      "ra": 42.1096875,
      "dec": 50.7573564,
      "rb": 0.397143,
      "rbversion": "t17_f5_c3",
      "drb": null,
      "magapbig": 19.5561,
      "sigmagapbig": 0.2973,
      "rfid": null,
      "has_stamp": false,
      "corrected": false,
      "dubious": false,
      "candid_alert": null,
      "step_id_corr": "dev",
      "phase": 0.0,
      "parent_candid": 2009464905615015000
    },
    {
      "tid": "ztf",
      "mjd": 59761.4678588002,
      "candid": "2007467855615015017",
      "fid": 2,
      "pid": 2007467855615,
      "diffmaglim": 20.403,
      "isdiffpos": 1,
      "nid": 2007,
      "distnr": 2.81523,
      "magpsf": 20.5531,
      "magpsf_corr": null,
      "magpsf_corr_ext": null,
      "magap": 21.3346,
      "magap_corr": null,
      "sigmapsf": 0.320988,
      "sigmapsf_corr": null,
      "sigmapsf_corr_ext": null,
      "sigmagap": 1.0421,
      "sigmagap_corr": null,
      "ra": 42.109606,
      "dec": 50.7573596,
      "rb": 0.581429,
      "rbversion": "t17_f5_c3",
      "drb": null,
      "magapbig": 21.1172,
      "sigmagapbig": 1.0989,
      "rfid": null,
      "has_stamp": false,
      "corrected": false,
      "dubious": false,
      "candid_alert": null,
      "step_id_corr": "dev",
      "phase": 0.0,
      "parent_candid": 2009464905615015000
    },
    {
      "tid": "ztf",
      "mjd": 59761.47035880014,
      "candid": "2007470355615015015",
      "fid": 2,
      "pid": 2007470355615,
      "diffmaglim": 20.3438,
      "isdiffpos": 1,
      "nid": 2007,
      "distnr": 2.71344,
      "magpsf": 20.4525,
      "magpsf_corr": null,
      "magpsf_corr_ext": null,
      "magap": 20.3993,
      "magap_corr": null,
      "sigmapsf": 0.245453,
      "sigmapsf_corr": null,
      "sigmapsf_corr_ext": null,
      "sigmagap": 0.4656,
      "sigmagap_corr": null,
      "ra": 42.1096474,
      "dec": 50.7573843,
      "rb": 0.591429,
      "rbversion": "t17_f5_c3",
      "drb": null,
      "magapbig": 20.8746,
      "sigmagapbig": 0.9278,
      "rfid": null,
      "has_stamp": false,
      "corrected": false,
      "dubious": false,
      "candid_alert": null,
      "step_id_corr": "dev",
      "phase": 0.0,
      "parent_candid": 2009464905615015000
    },
    {
      "tid": "ztf",
      "mjd": 59763.464907399844,
      "candid": "2009464905615015006",
      "fid": 2,
      "pid": 2009464905615,
      "diffmaglim": 20.199543,
      "isdiffpos": 1,
      "nid": 2009,
      "distnr": 2.8861716,
      "magpsf": 19.945915,
      "magpsf_corr": null,
      "magpsf_corr_ext": null,
      "magap": 19.5793,
      "magap_corr": null,
      "sigmapsf": 0.19042821,
      "sigmapsf_corr": null,
      "sigmapsf_corr_ext": null,
      "sigmagap": 0.2213,
      "sigmagap_corr": null,
      "ra": 42.1095314,
      "dec": 50.7574731,
      "rb": 0.57857144,