{
  "detections": [
    {
      "tid": "ztf",
      "mjd": 59708.23859950015,
      "candid": "1954238591715015008",
      "fid": 2,
      "pid": 1954238591715,
      "diffmaglim": 19.73114,
      "isdiffpos": 1,
      "nid": 1954,
      "distnr": 1.067582,
      "magpsf": 19.106575,
      "magpsf_corr": 18.641064,
      "magpsf_corr_ext": null,
      "magap": 19.3765,
      "magap_corr": null,
      "sigmapsf": 0.16793022,
      "sigmapsf_corr": 0.10091194,
      "sigmapsf_corr_ext": 0.109376535,
      "sigmagap": 0.2086,
      "sigmagap_corr": null,
      "ra": 175.8132204,
      "dec": 32.8524415,
      "rb": 0.8142857,
      "rbversion": "t17_f5_c3",
      "drb": 0.9999706,
      "magapbig": 19.2954,
      "sigmagapbig": 0.2479,
      "rfid": 670120217,
      "has_stamp": true,
      "corrected": true,
      "dubious": false,
      "candid_alert": null,
      "step_id_corr": "correction_1.0.6",
      "phase": 0.0,
      "parent_candid": null
    },
    {
      "tid": "ztf",
      "mjd": 59708.26563660009,
      "candid": "1954265631715015005",
      "fid": 2,
      "pid": 1954265631715,
      "diffmaglim": 19.799881,
      "isdiffpos": 1,
      "nid": 1954,
      "distnr": 1.1183171,
      "magpsf": 19.194012,
      "magpsf_corr": 18.697206,
      "magpsf_corr_ext": null,
      "magap": 19.293,
      "magap_corr": null,
      "sigmapsf": 0.13829787,
      "sigmapsf_corr": 0.075401016,
      "sigmapsf_corr_ext": 0.087517224,
      "sigmagap": 0.1928,
      "sigmagap_corr": null,
      "ra": 175.8132624,
      "dec": 32.8524509,
      "rb": 0.91714287,
      "rbversion": "t17_f5_c3",
      "drb": 0.9999454,
      "magapbig": 19.2986,
      "sigmagapbig": 0.2482,
      "rfid": 670120217,
      "has_stamp": true,
      "corrected": true,
      "dubious": false,
      "candid_alert": null,
      "step_id_corr": "correction_1.0.6",
      "phase": 0.0,
      "parent_candid": null
    },
    {
      "tid": "ztf",
      "mjd": 59712.23665509978,
      "candid": "1958236651715015003",
      "fid": 1,
      "pid": 1958236651715,
      "diffmaglim": 19.632317,
      "isdiffpos": 1,
      "nid": 1958,
      "distnr": 1.6182984,
      "magpsf": 18.682177,
      "magpsf_corr": null,
      "magpsf_corr_ext": null,
      "magap": 18.5948,
      "magap_corr": null,
      "sigmapsf": 0.109419264,
      "sigmapsf_corr": null,
      "sigmapsf_corr_ext": null,
      "sigmagap": 0.149,
      "sigmagap_corr": null,
      "ra": 175.8132322,
      "dec": 32.8524922,
      "rb": 0.94285715,
      "rbversion": "t17_f5_c3",
      "drb": 0.99999744,
      "magapbig": 18.4436,
      "sigmagapbig": 0.1664,
      "rfid": 670120117,
      "has_stamp": true,
      "corrected": false,
      "dubious": false,
      "candid_alert": null,
      "step_id_corr": "correction_1.0.6",
      "phase": 0.0,
      "parent_candid": null
    },
    {
      "tid": "ztf",
      "mjd": 59714.19484949997,
      "candid": "1960194841715015000",
      "fid": 2,
      "pid": 1960194841715,
      "diffmaglim": 19.718946,
      "isdiffpos": 1,
      "nid": 1960,
      "distnr": 0.9686787,
      "magpsf": 18.48985,
      "magpsf_corr": 18.202198,
      "magpsf_corr_ext": null,
      "magap": 18.3732,
      "magap_corr": null,
      "sigmapsf": 0.08420429,
      "sigmapsf_corr": 0.058145132,
      "sigmapsf_corr_ext": 0.06460619,
      "sigmagap": 0.1219,
      "sigmagap_corr": null,
      "ra": 175.8132324,
      "dec": 32.8524124,
      "rb": 0.96,
      "rbversion": "t17_f5_c3",
      "drb": 0.9999999,
      "magapbig": 18.3322,
      "sigmagapbig": 0.1504,
      "rfid": 670120217,
      "has_stamp": true,
      "corrected": true,
      "dubious": false,
      "candid_alert": null,
      "step_id_corr": "correction_1.0.6",
      "phase": 0.0,
      "parent_candid": null
    },
    {
      "tid": "ztf",
      "mjd": 59714.241446800064,
      "candid": "1960241441715015001",
      "fid": 1,
      "pid": 1960241441715,
      "diffmaglim": 19.532005,
      "isdiffpos": 1,
      "nid": 1960,
      "distnr": 1.575909,
      "magpsf": 18.63004,
      "magpsf_corr": null,
      "magpsf_corr_ext": null,
      "magap": 18.5287,
      "magap_corr": null,
      "sigmapsf": 0.10275942,
      "sigmapsf_corr": null,
      "sigmapsf_corr_ext": null,
      "sigmagap": 0.1602,
      "sigmagap_corr": null,
      "ra": 175.8132108,
      "dec": 32.8524724,
      "rb": 0.95285714,
      "rbversion": "t17_f5_c3",
      "drb": 0.9999989,
      "magapbig": 18.5402,
      "sigmagapbig": 0.2076,
      "rfid": 670120117,
      "has_stamp": true,
      "corrected": false,
      "dubious": false,
      "candid_alert": null,
      "step_id_corr": "correction_1.0.6",
      "phase": 0.0,
      "parent_candid": null
    },
    {
      "tid": "ztf",
      "mjd": 59717.181886599865,
      "candid": "1963181881715015003",
      "fid": 1,
      "pid": 1963181881715,
      "diffmaglim": 20.571482,
      "isdiffpos": 1,
      "nid": 1963,
      "distnr": 1.4314151,
      "magpsf": 18.62074,
      "magpsf_corr": null,
      "magpsf_corr_ext": null,
      "magap": 18.5791,
      "magap_corr": null,
      "sigmapsf": 0.08008472,
      "sigmapsf_corr": null,
      "sigmapsf_corr_ext": null,
      "sigmagap": 0.0614,
      "sigmagap_corr": null,
      "ra": 175.8132468,
      "dec": 32.8524475,
      "rb": 0.95714283,
      "rbversion": "t17_f5_c3",
      "drb": 0.99999994,
      "magapbig": 18.625,
      "sigmagapbig": 0.0808,
      "rfid": 670120117,
      "has_stamp": true,
      "corrected": false,
      "dubious": false,
      "candid_alert": null,
      "step_id_corr": "correction_1.0.6",
      "phase": 0.0,
      "parent_candid": null
    },
    {
      "tid": "ztf",
      "mjd": 59719.18241900019,
      "candid": "1965182411715015003",
      "fid": 2,
      "pid": 1965182411715,
      "diffmaglim": 20.489046,
      "isdiffpos": 1,
      "nid": 1965,
      "distnr": 1.032132,
      "magpsf": 18.682436,
      "magpsf_corr": 18.346817,
      "magpsf_corr_ext": null,
      "magap": 18.7902,
      "magap_corr": null,
      "sigmapsf": 0.07290641,
      "sigmapsf_corr": 0.042769324,
      "sigmapsf_corr_ext": 0.053520225,
      "sigmagap": 0.0798,
      "sigmagap_corr": null,
      "ra": 175.8132754,
      "dec": 32.8524235,
      "rb": 0.95857143,
      "rbversion": "t17_f5_c3",
      "drb": 0.9999995,
      "magapbig": 18.9011,
      "sigmagapbig": 0.1117,
      "rfid": 670120217,
      "has_stamp": true,
      "corrected": true,
      "dubious": false,
      "candid_alert": null,
      "step_id_corr": "correction_1.0.6",
      "phase": 0.0,
      "parent_candid": null
    },
    {
      "tid": "ztf",
      "mjd": 59722.26461810013,
      "candid": "1968264611715015004",
      "fid": 1,
      "pid": 1968264611715,
      "diffmaglim": 20.469,
      "isdiffpos": 1,
      "nid": 1968,
      "distnr": 1.42131,
      "magpsf": 18.7898,
      "magpsf_corr": null,
      "magpsf_corr_ext": null,
      "magap": 18.8373,
      "magap_corr": null,
      "sigmapsf": 0.121834,
      "sigmapsf_corr": null,
      "sigmapsf_corr_ext": null,
      "sigmagap": 0.0896,
      "sigmagap_corr": null,
      "ra": 175.8132414,
      "dec": 32.8524359,
      "rb": 0.948571,
      "rbversion": "t17_f5_c3",
      "drb": null,
      "magapbig": 18.7339,
      "sigmagapbig": 0.1036,
      "rfid": null,
      "has_stamp": false,
      "corrected": false,
      "dubious": false,
      "candid_alert": null,
      "step_id_corr": "correction_1.0.6",
      "phase": 0.0,
      "parent_candid": 1970226421715015004
    },
    {
      "tid": "ztf",
      "mjd": 59722.26461810013,
      "candid": "1968264611715025004",
      "fid": 1,
      "pid": 1968264611715,
      "diffmaglim": 20.469002,
      "isdiffpos": 1,
      "nid": 1968,
      "distnr": 1.4213153,
      "magpsf": 18.78982,
      "magpsf_corr": null,
      "magpsf_corr_ext": null,
      "magap": 18.8373,
      "magap_corr": null,
      "sigmapsf": 0.12183419,
      "sigmapsf_corr": null,