{
  "detections": [
    {
      "tid": "ztf",
      "mjd": 60184.45002309978,
      "candid": "2430450022415015002",
      "fid": 1,
      "pid": 2430450022415,
      "diffmaglim": 19.970112,
      "isdiffpos": 1,
      "nid": 2430,
      "distnr": 3.2993035,
      "magpsf": 19.832872,
      "magpsf_corr": null,
      "magpsf_corr_ext": null,
      "magap": 19.7794,
      "magap_corr": null,
      "sigmapsf": 0.19698496,
      "sigmapsf_corr": null,
      "sigmapsf_corr_ext": null,
      "sigmagap": 0.258,
      "sigmagap_corr": null,
      "ra": 78.5616503,
      "dec": -2.8536404,
      "rb": 0.73142856,
      "rbversion": "t17_f5_c3",
      "drb": 0.9997951,
      "magapbig": 19.7652,
      "sigmagapbig": 0.3257,
      "rfid": 407120124,
      "has_stamp": true,
      "corrected": false,
      "dubious": false,
      "candid_alert": null,
      "step_id_corr": "1.2.0",
      "phase": 0.0,
      "parent_candid": null
    },
    {
      "tid": "ztf",
      "mjd": 60184.48229169985,
      "candid": "2430482292415015005",
      "fid": 2,
      "pid": 2430482292415,
      "diffmaglim": 20.11651,
      "isdiffpos": 1,
      "nid": 2430,
      "distnr": 4.1751313,
      "magpsf": 18.625977,
      "magpsf_corr": null,
      "magpsf_corr_ext": null,
      "magap": 18.685,
      "magap_corr": null,
      "sigmapsf": 0.10651481,
      "sigmapsf_corr": null,
      "sigmapsf_corr_ext": null,
      "sigmagap": 0.09,
      "sigmagap_corr": null,
      "ra": 78.561672,
      "dec": -2.853663,
      "rb": 0.88714284,
      "rbversion": "t17_f5_c3",
      "drb": 0.9999974,
      "magapbig": 18.6923,
      "sigmagapbig": 0.1152,
      "rfid": 407120224,
      "has_stamp": true,
      "corrected": false,
      "dubious": false,
      "candid_alert": null,
      "step_id_corr": "1.2.0",
      "phase": 0.0,
      "parent_candid": null
    },
    {
      "tid": "ztf",
      "mjd": 60191.480405100156,
      "candid": "2437480402415015001",
      "fid": 2,
      "pid": 2437480402415,
      "diffmaglim": 19.809647,
      "isdiffpos": 1,
      "nid": 2437,
      "distnr": 4.2200365,
      "magpsf": 18.755112,
      "magpsf_corr": null,
      "magpsf_corr_ext": null,
      "magap": 18.9422,
      "magap_corr": null,
      "sigmapsf": 0.09945661,
      "sigmapsf_corr": null,
      "sigmapsf_corr_ext": null,
      "sigmagap": 0.1639,
      "sigmagap_corr": null,
      "ra": 78.5616561,
      "dec": -2.8536864,
      "rb": 0.9085714,
      "rbversion": "t17_f5_c3",
      "drb": 0.99992037,
      "magapbig": 19.0147,
      "sigmagapbig": 0.2241,
      "rfid": 407120224,
      "has_stamp": true,
      "corrected": false,
      "dubious": false,
      "candid_alert": null,
      "step_id_corr": "1.2.0",
      "phase": 0.0,
      "parent_candid": null
    },
    {
      "tid": "ztf",
      "mjd": 60194.49156250013,
      "candid": "2440491562415015001",
      "fid": 2,
      "pid": 2440491562415,
      "diffmaglim": 20.377937,
      "isdiffpos": 1,
      "nid": 2440,
      "distnr": 4.3441358,
      "magpsf": 18.837843,
      "magpsf_corr": null,
      "magpsf_corr_ext": null,
      "magap": 18.9658,
      "magap_corr": null,
      "sigmapsf": 0.082781866,
      "sigmapsf_corr": null,
      "sigmapsf_corr_ext": null,
      "sigmagap": 0.1148,
      "sigmagap_corr": null,
      "ra": 78.5616262,
      "dec": -2.853664,
      "rb": 0.9185714,
      "rbversion": "t17_f5_c3",
      "drb": 0.9999999,
      "magapbig": 18.9866,
      "sigmagapbig": 0.1489,
      "rfid": 407120224,
      "has_stamp": true,
      "corrected": false,
      "dubious": false,
      "candid_alert": null,
      "step_id_corr": "1.2.1",
      "phase": 0.0,
      "parent_candid": null
    },
    {
      "tid": "ztf",
      "mjd": 60196.4427894,
      "candid": "2442442782415015001",
      "fid": 2,
      "pid": 2442442782415,
      "diffmaglim": 20.2248,
      "isdiffpos": 1,
      "nid": 2442,
      "distnr": 4.06439,
      "magpsf": 18.9104,
      "magpsf_corr": null,
      "magpsf_corr_ext": null,
      "magap": 18.9983,
      "magap_corr": null,
      "sigmapsf": 0.086354,
      "sigmapsf_corr": null,
      "sigmapsf_corr_ext": null,
      "sigmagap": 0.1321,
      "sigmagap_corr": null,
      "ra": 78.5617027,
      "dec": -2.8536689,
      "rb": 0.927143,
      "rbversion": "t17_f5_c3",
      "drb": null,
      "magapbig": 19.0852,
      "sigmagapbig": 0.1823,
      "rfid": null,
      "has_stamp": false,
      "corrected": false,
      "dubious": false,
      "candid_alert": null,
      "step_id_corr": "1.2.1",
      "phase": 0.0,
      "parent_candid": 2446465502415015000
    },
    {
      "tid": "ztf",
      "mjd": 60196.48376160022,
      "candid": "2442483762415015007",
      "fid": 1,
      "pid": 2442483762415,
      "diffmaglim": 20.1795,
      "isdiffpos": 1,
      "nid": 2442,
      "distnr": 3.2715,
      "magpsf": 20.1529,
      "magpsf_corr": null,
      "magpsf_corr_ext": null,
      "magap": 20.4513,
      "magap_corr": null,
      "sigmapsf": 0.273295,
      "sigmapsf_corr": null,
      "sigmapsf_corr_ext": null,
      "sigmagap": 0.4738,
      "sigmagap_corr": null,
      "ra": 78.5616569,
      "dec": -2.8536861,
      "rb": 0.632857,
      "rbversion": "t17_f5_c3",
      "drb": null,
      "magapbig": 20.4172,
      "sigmagapbig": 0.5885,
      "rfid": null,
      "has_stamp": false,
      "corrected": false,
      "dubious": false,
      "candid_alert": null,
      "step_id_corr": "1.2.1",
      "phase": 0.0,
      "parent_candid": 2446465502415015000
    },
    {
      "tid": "ztf",
      "mjd": 60200.46550930012,
      "candid": "2446465502415015001",
      "fid": 2,
      "pid": 2446465502415,
      "diffmaglim": 20.422651,
      "isdiffpos": 1,
      "nid": 2446,
      "distnr": 4.2576237,
      "magpsf": 18.936329,
      "magpsf_corr": null,
      "magpsf_corr_ext": null,
      "magap": 18.9936,
      "magap_corr": null,
      "sigmapsf": 0.10372231,
      "sigmapsf_corr": null,
      "sigmapsf_corr_ext": null,
      "sigmagap": 0.0998,
      "sigmagap_corr": null,
      "ra": 78.5616473,
      "dec": -2.8536745,
      "rb": 0.9185714,
      "rbversion": "t17_f5_c3",
      "drb": 0.9999484,
      "magapbig": 19.0061,
      "sigmagapbig": 0.1282,
      "rfid": 407120224,
      "has_stamp": true,
      "corrected": false,
      "dubious": false,
      "candid_alert": null,
      "step_id_corr": "1.2.1",
      "phase": 0.0,
      "parent_candid": null
    },
    {
      "tid": "ztf",
      "mjd": 60203.49774309993,
      "candid": "2449497742415015001",
      "fid": 2,
      "pid": 2449497742415,
      "diffmaglim": 20.714655,
      "isdiffpos": 1,
      "nid": 2449,
      "distnr": 4.2558665,
      "magpsf": 18.95996,
      "magpsf_corr": null,
      "magpsf_corr_ext": null,
      "magap": 18.9514,
      "magap_corr": null,
      "sigmapsf": 0.077295035,
      "sigmapsf_corr": null,
      "sigmapsf_corr_ext": null,
      "sigmagap": 0.0809,
      "sigmagap_corr": null,
      "ra": 78.5616546,
      "dec": -2.8536506,
      "rb": 0.9242857,
      "rbversion": "t17_f5_c3",
      "drb": 0.9999989,
      "magapbig": 19.0148,
      "sigmagapbig": 0.108,
      "rfid": 407120224,
      "has_stamp": true,
      "corrected": false,
      "dubious": false,
      "candid_alert": null,
      "step_id_corr": "1.2.1",
      "phase": 0.0,
      "parent_candid": null
    },
    {
      "tid": "ztf",
      "mjd": 60206.463935200125,
      "candid": "2452463932415015002",
      "fid": 2,
      "pid": 2452463932415,
      "diffmaglim": 20.635916,
      "isdiffpos": 1,
      "nid": 2452,
      "distnr": 4.258537,
      "magpsf": 19.016638,
      "magpsf_corr": null,
      "magpsf_corr_ext": null,
      "magap": 19.0272,
      "magap_corr": null,
      "sigmapsf": 0.06250757,
      "sigmapsf_corr": null,
      "sigmapsf_corr_ext": null,
      "sigmagap": 0.0962,
      "sigmagap_corr": null,
      "ra": 78.5616517,
      "dec": -2.8536534,
      "rb": 0.9257143,
      "rbversion": "t17_f5_c3",