{
  "detections": [
    {
      "tid": "ztf",
      "mjd": 59853.17182870023,
      "candid": "2099171823915015000",
      "fid": 2,
      "pid": 2099171823915,
      "diffmaglim": 20.371298,
      "isdiffpos": 1,
      "nid": 2099,
      "distnr": 0.9438999,
      "magpsf": 19.13822,
      "magpsf_corr": 16.511787,
      "magpsf_corr_ext": null,
      "magap": 19.2234,
      "magap_corr": null,
      "sigmapsf": 0.12651323,
      "sigmapsf_corr": 100.0,
      "sigmapsf_corr_ext": 0.011260641,
      "sigmagap": 0.1784,
      "sigmagap_corr": null,
      "ra": 262.4397396,
      "dec": 5.4894828,
      "rb": 0.85142857,
      "rbversion": "t17_f5_c3",
      "drb": 0.999088,
      "magapbig": 19.4317,
      "sigmagapbig": 0.2623,
      "rfid": 484120239,
      "has_stamp": true,
      "corrected": true,
      "dubious": false,
      "candid_alert": null,
      "step_id_corr": "dev",
      "phase": 0.0,
      "parent_candid": null
    },
    {
      "tid": "ztf",
      "mjd": 59855.16974540008,
      "candid": "2101169743915015002",
      "fid": 1,
      "pid": 2101169743915,
      "diffmaglim": 19.3941,
      "isdiffpos": 1,
      "nid": 2101,
      "distnr": 0.501717,
      "magpsf": 18.6495,
      "magpsf_corr": 17.268068,
      "magpsf_corr_ext": null,
      "magap": 18.4473,
      "magap_corr": null,
      "sigmapsf": 0.151587,
      "sigmapsf_corr": 100.0,
      "sigmapsf_corr_ext": 0.042470716,
      "sigmagap": 0.162,
      "sigmagap_corr": null,
      "ra": 262.4397807,
      "dec": 5.4895425,
      "rb": 0.761429,
      "rbversion": "t17_f5_c3",
      "drb": null,
      "magapbig": 18.2679,
      "sigmagapbig": 0.1747,
      "rfid": null,
      "has_stamp": false,
      "corrected": true,
      "dubious": false,
      "candid_alert": null,
      "step_id_corr": "dev",
      "phase": 0.0,
      "parent_candid": 2103132333915015000
    },
    {
      "tid": "ztf",
      "mjd": 59857.132337999996,
      "candid": "2103132333915015001",
      "fid": 1,
      "pid": 2103132333915,
      "diffmaglim": 19.423996,
      "isdiffpos": 1,
      "nid": 2103,
      "distnr": 0.67559963,
      "magpsf": 18.725574,
      "magpsf_corr": 17.28885,
      "magpsf_corr_ext": null,
      "magap": 18.931,
      "magap_corr": null,
      "sigmapsf": 0.119421914,
      "sigmapsf_corr": 100.0,
      "sigmapsf_corr_ext": 0.031797625,
      "sigmagap": 0.2718,
      "sigmagap_corr": null,
      "ra": 262.4397759,
      "dec": 5.4896543,
      "rb": 0.9057143,
      "rbversion": "t17_f5_c3",
      "drb": 0.9998393,
      "magapbig": 18.9804,
      "sigmagapbig": 0.3622,
      "rfid": 484120139,
      "has_stamp": true,
      "corrected": true,
      "dubious": false,
      "candid_alert": null,
      "step_id_corr": "dev",
      "phase": 0.0,
      "parent_candid": null
    },
    {
      "tid": "ztf",
      "mjd": 59857.17038189992,
      "candid": "2103170383915015001",
      "fid": 2,
      "pid": 2103170383915,
      "diffmaglim": 19.31866,
      "isdiffpos": 1,
      "nid": 2103,
      "distnr": 0.7517061,
      "magpsf": 18.321835,
      "magpsf_corr": 16.40852,
      "magpsf_corr_ext": null,
      "magap": 18.3381,
      "magap_corr": null,
      "sigmapsf": 0.0928412,
      "sigmapsf_corr": 100.0,
      "sigmapsf_corr_ext": 0.015937304,
      "sigmagap": 0.1722,
      "sigmagap_corr": null,
      "ra": 262.4397613,
      "dec": 5.4895577,
      "rb": 0.8485714,
      "rbversion": "t17_f5_c3",
      "drb": 0.9965428,
      "magapbig": 18.2128,
      "sigmagapbig": 0.1945,
      "rfid": 484120239,
      "has_stamp": true,
      "corrected": true,
      "dubious": false,
      "candid_alert": null,
      "step_id_corr": "dev",
      "phase": 0.0,
      "parent_candid": null
    },
    {
      "tid": "ztf",
      "mjd": 59859.14302079985,
      "candid": "2105143023915015000",
      "fid": 2,
      "pid": 2105143023915,
      "diffmaglim": 19.724577,
      "isdiffpos": 1,
      "nid": 2105,
      "distnr": 0.6645484,
      "magpsf": 18.110476,
      "magpsf_corr": 16.369186,
      "magpsf_corr_ext": null,
      "magap": 18.12,
      "magap_corr": null,
      "sigmapsf": 0.06497295,
      "sigmapsf_corr": 100.0,
      "sigmapsf_corr_ext": 0.0130682355,
      "sigmagap": 0.1021,
      "sigmagap_corr": null,
      "ra": 262.4397827,
      "dec": 5.489578,
      "rb": 0.88285714,
      "rbversion": "t17_f5_c3",
      "drb": 0.99978334,
      "magapbig": 18.1516,
      "sigmagapbig": 0.1317,
      "rfid": 484120239,
      "has_stamp": true,
      "corrected": true,
      "dubious": false,
      "candid_alert": null,
      "step_id_corr": "dev",
      "phase": 0.0,
      "parent_candid": null
    },
    {
      "tid": "ztf",
      "mjd": 59859.150312500075,
      "candid": "2105150313915015001",
      "fid": 1,
      "pid": 2105150313915,
      "diffmaglim": 19.213627,
      "isdiffpos": 1,
      "nid": 2105,
      "distnr": 0.43350253,
      "magpsf": 18.360825,
      "magpsf_corr": 17.17916,
      "magpsf_corr_ext": null,
      "magap": 18.517,
      "magap_corr": null,
      "sigmapsf": 0.12276719,
      "sigmapsf_corr": 100.0,
      "sigmapsf_corr_ext": 0.041344363,
      "sigmagap": 0.193,
      "sigmagap_corr": null,
      "ra": 262.439817,
      "dec": 5.4895922,
      "rb": 0.9342857,
      "rbversion": "t17_f5_c3",
      "drb": 0.99998343,
      "magapbig": 18.5258,
      "sigmagapbig": 0.2483,
      "rfid": 484120139,
      "has_stamp": true,
      "corrected": true,
      "dubious": false,
      "candid_alert": null,
      "step_id_corr": "dev",
      "phase": 0.0,
      "parent_candid": null
    },
    {
      "tid": "ztf",
      "mjd": 59862.12300929986,
      "candid": "2108123003915015000",
      "fid": 2,
      "pid": 2108123003915,
      "diffmaglim": 19.647318,
      "isdiffpos": 1,
      "nid": 2108,
      "distnr": 0.51556665,
      "magpsf": 17.915943,
      "magpsf_corr": 16.32716,
      "magpsf_corr_ext": null,
      "magap": 17.8765,
      "magap_corr": null,
      "sigmapsf": 0.06338297,
      "sigmapsf_corr": 100.0,
      "sigmapsf_corr_ext": 0.0146709755,
      "sigmagap": 0.0872,
      "sigmagap_corr": null,
      "ra": 262.4398191,
      "dec": 5.4896171,
      "rb": 0.93285716,
      "rbversion": "t17_f5_c3",
      "drb": 0.99610305,
      "magapbig": 17.8501,
      "sigmagapbig": 0.107,
      "rfid": 484120239,
      "has_stamp": true,
      "corrected": true,
      "dubious": false,
      "candid_alert": null,
      "step_id_corr": "dev",
      "phase": 0.0,
      "parent_candid": null
    },
    {
      "tid": "ztf",
      "mjd": 59862.1530439998,
      "candid": "2108153043915015000",
      "fid": 1,
      "pid": 2108153043915,
      "diffmaglim": 19.048971,
      "isdiffpos": 1,
      "nid": 2108,
      "distnr": 0.51503485,
      "magpsf": 18.34296,
      "magpsf_corr": 17.173111,
      "magpsf_corr_ext": null,
      "magap": 18.175,
      "magap_corr": null,
      "sigmapsf": 0.16411167,
      "sigmapsf_corr": 0.03047829,
      "sigmapsf_corr_ext": 0.05587269,
      "sigmagap": 0.1788,
      "sigmagap_corr": null,
      "ra": 262.439778,
      "dec": 5.4895094,
      "rb": 0.70428574,
      "rbversion": "t17_f5_c3",
      "drb": 0.9988247,
      "magapbig": 18.297,
      "sigmagapbig": 0.2559,
      "rfid": 484120139,
      "has_stamp": true,
      "corrected": true,
      "dubious": false,
      "candid_alert": null,
      "step_id_corr": "dev",
      "phase": 0.0,
      "parent_candid": null
    },
    {
      "tid": "ztf",
      "mjd": 59864.12858799985,
      "candid": "2110128583915015001",
      "fid": 1,
      "pid": 2110128583915,
      "diffmaglim": 19.624294,
      "isdiffpos": 1,
      "nid": 2110,
      "distnr": 0.696118,
      "magpsf": 18.411724,
      "magpsf_corr": 17.196035,
      "magpsf_corr_ext": null,
      "magap": 18.5322,
      "magap_corr": null,
      "sigmapsf": 0.094593294,
      "sigmapsf_corr": 100.0,
      "sigmapsf_corr_ext": 0.030873446,
      "sigmagap": 0.1465,
      "sigmagap_corr": null,