{
  "detections": [
    {
      "tid": "ztf",
      "mjd": 59984.49396990007,
      "candid": "2230493962315015006",
      "fid": 1,
      "pid": 2230493962315,
      "diffmaglim": 19.348768,
      "isdiffpos": 1,
      "nid": 2230,
      "distnr": 0.82509327,
      "magpsf": 19.305971,
      "magpsf_corr": 18.256392,
      "magpsf_corr_ext": null,
      "magap": 19.7063,
      "magap_corr": null,
      "sigmapsf": 0.1644703,
      "sigmapsf_corr": 0.03275775,
      "sigmapsf_corr_ext": 0.06255405,
      "sigmagap": 0.4089,
      "sigmagap_corr": null,
      "ra": 275.8460176,
      "dec": 60.7574313,
      "rb": 0.83428574,
      "rbversion": "t17_f5_c3",
      "drb": 0.9999559,
      "magapbig": 19.4755,
      "sigmagapbig": 0.4231,
      "rfid": 826120123,
      "has_stamp": true,
      "corrected": true,
      "dubious": false,
      "candid_alert": null,
      "step_id_corr": "1.1.6",
      "phase": 0.0,
      "parent_candid": null
    },
    {
      "tid": "ztf",
      "mjd": 59993.46726850001,
      "candid": "2239467262315015180",
      "fid": 1,
      "pid": 2239467262315,
      "diffmaglim": 19.37,
      "isdiffpos": 1,
      "nid": 2239,
      "distnr": 0.34779313,
      "magpsf": 18.513575,
      "magpsf_corr": 17.884304,
      "magpsf_corr_ext": null,
      "magap": 18.4753,
      "magap_corr": null,
      "sigmapsf": 0.11297159,
      "sigmapsf_corr": 0.050727263,
      "sigmapsf_corr_ext": 0.06327917,
      "sigmagap": 0.1254,
      "sigmagap_corr": null,
      "ra": 275.8461233,
      "dec": 60.7572792,
      "rb": 0.61285716,
      "rbversion": "t17_f5_c3",
      "drb": 0.9999066,
      "magapbig": 18.4609,
      "sigmagapbig": 0.1572,
      "rfid": 826120123,
      "has_stamp": true,
      "corrected": true,
      "dubious": false,
      "candid_alert": null,
      "step_id_corr": "1.1.6",
      "phase": 0.0,
      "parent_candid": null
    },
    {
      "tid": "ztf",
      "mjd": 59996.4704167,
      "candid": "2242470412315015008",
      "fid": 1,
      "pid": 2242470412315,
      "diffmaglim": 20.465092,
      "isdiffpos": 1,
      "nid": 2242,
      "distnr": 0.7600625,
      "magpsf": 18.625296,
      "magpsf_corr": 17.945461,
      "magpsf_corr_ext": null,
      "magap": 18.7557,
      "magap_corr": null,
      "sigmapsf": 0.082430944,
      "sigmapsf_corr": 0.018456545,
      "sigmapsf_corr_ext": 0.04407134,
      "sigmagap": 0.0853,
      "sigmagap_corr": null,
      "ra": 275.8460366,
      "dec": 60.7574148,
      "rb": 0.96428573,
      "rbversion": "t17_f5_c3",
      "drb": 0.9999998,
      "magapbig": 18.7313,
      "sigmagapbig": 0.1045,
      "rfid": 826120123,
      "has_stamp": true,
      "corrected": true,
      "dubious": false,
      "candid_alert": null,
      "step_id_corr": "1.1.6",
      "phase": 0.0,
      "parent_candid": null
    },
    {
      "tid": "ztf",
      "mjd": 59996.49616899993,
      "candid": "2242496162315015005",
      "fid": 2,
      "pid": 2242496162315,
      "diffmaglim": 20.341108,
      "isdiffpos": 1,
      "nid": 2242,
      "distnr": 1.413526,
      "magpsf": 17.778397,
      "magpsf_corr": null,
      "magpsf_corr_ext": null,
      "magap": 17.8241,
      "magap_corr": null,
      "sigmapsf": 0.04709195,
      "sigmapsf_corr": null,
      "sigmapsf_corr_ext": null,
      "sigmagap": 0.0429,
      "sigmagap_corr": null,
      "ra": 275.8460623,
      "dec": 60.7574076,
      "rb": 0.9614286,
      "rbversion": "t17_f5_c3",
      "drb": 1.0,
      "magapbig": 17.8618,
      "sigmagapbig": 0.0551,
      "rfid": 826120223,
      "has_stamp": true,
      "corrected": false,
      "dubious": false,
      "candid_alert": null,
      "step_id_corr": "1.1.6",
      "phase": 0.0,
      "parent_candid": null
    },
    {
      "tid": "ztf",
      "mjd": 60016.51486109989,
      "candid": "2262514862315015005",
      "fid": 2,
      "pid": 2262514862315,
      "diffmaglim": 20.122335,
      "isdiffpos": 1,
      "nid": 2262,
      "distnr": 1.3848718,
      "magpsf": 18.9179,
      "magpsf_corr": 17.74677,
      "magpsf_corr_ext": null,
      "magap": 18.6663,
      "magap_corr": null,
      "sigmapsf": 0.08816906,
      "sigmapsf_corr": 100.0,
      "sigmapsf_corr_ext": 0.029982263,
      "sigmagap": 0.1035,
      "sigmagap_corr": null,
      "ra": 275.8460754,
      "dec": 60.7573816,
      "rb": 0.9085714,
      "rbversion": "t17_f5_c3",
      "drb": 0.9999991,
      "magapbig": 18.6834,
      "sigmagapbig": 0.1324,
      "rfid": 826120223,
      "has_stamp": true,
      "corrected": true,
      "dubious": true,
      "candid_alert": null,
      "step_id_corr": "1.1.6",
      "phase": 0.0,
      "parent_candid": null
    },
    {
      "tid": "ztf",
      "mjd": 60021.48984949989,
      "candid": "2267489842315015005",
      "fid": 2,
      "pid": 2267489842315,
      "diffmaglim": 20.193687,
      "isdiffpos": 1,
      "nid": 2267,
      "distnr": 1.3819044,
      "magpsf": 19.198795,
      "magpsf_corr": 17.834375,
      "magpsf_corr_ext": null,
      "magap": 18.9478,
      "magap_corr": null,
      "sigmapsf": 0.106070116,
      "sigmapsf_corr": 100.0,
      "sigmapsf_corr_ext": 0.030187352,
      "sigmagap": 0.1198,
      "sigmagap_corr": null,
      "ra": 275.8459236,
      "dec": 60.7574659,
      "rb": 0.8842857,
      "rbversion": "t17_f5_c3",
      "drb": 0.9993452,
      "magapbig": 18.8728,
      "sigmagapbig": 0.1404,
      "rfid": 826120223,
      "has_stamp": true,
      "corrected": true,
      "dubious": true,
      "candid_alert": null,
      "step_id_corr": "1.1.6",
      "phase": 0.0,
      "parent_candid": null
    },
    {
      "tid": "ztf",
      "mjd": 60032.436817099806,
      "candid": "2278436812315015004",
      "fid": 2,
      "pid": 2278436812315,
      "diffmaglim": 20.339314,
      "isdiffpos": 1,
      "nid": 2278,
      "distnr": 1.4228742,
      "magpsf": 19.485931,
      "magpsf_corr": null,
      "magpsf_corr_ext": null,
      "magap": 19.8261,
      "magap_corr": null,
      "sigmapsf": 0.13621823,
      "sigmapsf_corr": null,
      "sigmapsf_corr_ext": null,
      "sigmagap": 0.2363,
      "sigmagap_corr": null,
      "ra": 275.845985,
      "dec": 60.7574526,
      "rb": 0.9185714,
      "rbversion": "t17_f5_c3",
      "drb": 0.9999964,
      "magapbig": 19.923,
      "sigmagapbig": 0.3227,
      "rfid": 826120223,
      "has_stamp": true,
      "corrected": false,
      "dubious": true,
      "candid_alert": null,
      "step_id_corr": "1.1.6",
      "phase": 0.0,
      "parent_candid": null
    },
    {
      "tid": "ztf",
      "mjd": 60044.42887730012,
      "candid": "2290428872315015007",
      "fid": 2,
      "pid": 2290428872315,
      "diffmaglim": 20.266495,
      "isdiffpos": 1,
      "nid": 2290,
      "distnr": 1.3294619,
      "magpsf": 20.061588,
      "magpsf_corr": 18.018564,
      "magpsf_corr_ext": null,
      "magap": 20.1501,
      "magap_corr": null,
      "sigmapsf": 0.1973624,
      "sigmapsf_corr": 100.0,
      "sigmapsf_corr_ext": 0.030064568,
      "sigmagap": 0.3974,
      "sigmagap_corr": null,
      "ra": 275.8460198,
      "dec": 60.7573926,
      "rb": 0.77,
      "rbversion": "t17_f5_c3",
      "drb": 0.9999775,
      "magapbig": 20.2735,
      "sigmagapbig": 0.5626,
      "rfid": 826120223,
      "has_stamp": true,
      "corrected": true,
      "dubious": false,
      "candid_alert": null,
      "step_id_corr": "1.1.6",
      "phase": 0.0,
      "parent_candid": null
    },
    {
      "tid": "ztf",
      "mjd": 60046.38274310017,
      "candid": "2292382742315015011",
      "fid": 2,
      "pid": 2292382742315,
      "diffmaglim": 20.533098,
      "isdiffpos": 1,
      "nid": 2292,
      "distnr": 1.220957,
      "magpsf": 19.9841,
      "magpsf_corr": 18.006397,
      "magpsf_corr_ext": null,
      "magap": 19.6193,
      "magap_corr": null,
      "sigmapsf": 0.15346009,
      "sigmapsf_corr": 100.0,
      "sigmapsf_corr_ext": 0.02482644,
      "sigmagap": 0.2018,
      "sigmagap_corr": null,