{
  "detections": [
    {
      "tid": "ztf",
      "mjd": 60029.381215299945,
      "candid": "2275381210115015010",
      "fid": 1,
      "pid": 2275381210115,
      "diffmaglim": 20.529814,
      "isdiffpos": 1,
      "nid": 2275,
      "distnr": 0.37495512,
      "magpsf": 19.775959,
      "magpsf_corr": 18.56684,
      "magpsf_corr_ext": null,
      "magap": 19.914,
      "magap_corr": null,
      "sigmapsf": 0.14056656,
      "sigmapsf_corr": 0.025784053,
      "sigmapsf_corr_ext": 0.046156645,
      "sigmagap": 0.2076,
      "sigmagap_corr": null,
      "ra": 198.241844,
      "dec": 23.3809331,
      "rb": 0.9714286,
      "rbversion": "t17_f5_c3",
      "drb": 0.9999815,
      "magapbig": 19.6546,
      "sigmagapbig": 0.2078,
      "rfid": 626120101,
      "has_stamp": true,
      "corrected": true,
      "dubious": false,
      "candid_alert": null,
      "step_id_corr": "1.1.6",
      "phase": 0.0,
      "parent_candid": null
    },
    {
      "tid": "ztf",
      "mjd": 60032.30038189981,
      "candid": "2278300380115015007",
      "fid": 1,
      "pid": 2278300380115,
      "diffmaglim": 20.208029,
      "isdiffpos": 1,
      "nid": 2278,
      "distnr": 0.7074403,
      "magpsf": 20.102346,
      "magpsf_corr": 18.66359,
      "magpsf_corr_ext": null,
      "magap": 20.0215,
      "magap_corr": null,
      "sigmapsf": 0.15446904,
      "sigmapsf_corr": 100.0,
      "sigmapsf_corr_ext": 0.041052394,
      "sigmagap": 0.2756,
      "sigmagap_corr": null,
      "ra": 198.2418452,
      "dec": 23.3808322,
      "rb": 0.87285715,
      "rbversion": "t17_f5_c3",
      "drb": 0.99994874,
      "magapbig": 19.8392,
      "sigmagapbig": 0.2973,
      "rfid": 626120101,
      "has_stamp": true,
      "corrected": true,
      "dubious": false,
      "candid_alert": null,
      "step_id_corr": "1.1.6",
      "phase": 0.0,
      "parent_candid": null
    },
    {
      "tid": "ztf",
      "mjd": 60044.29678239999,
      "candid": "2290296780115015008",
      "fid": 1,
      "pid": 2290296780115,
      "diffmaglim": 20.2936,
      "isdiffpos": 1,
      "nid": 2290,
      "distnr": 0.380487,
      "magpsf": 20.1626,
      "magpsf_corr": 18.67928,
      "magpsf_corr_ext": null,
      "magap": 20.0211,
      "magap_corr": null,
      "sigmapsf": 0.241021,
      "sigmapsf_corr": 0.044460777,
      "sigmapsf_corr_ext": 0.061478965,
      "sigmagap": 0.3006,
      "sigmagap_corr": null,
      "ra": 198.2418677,
      "dec": 23.380922,
      "rb": 0.964286,
      "rbversion": "t17_f5_c3",
      "drb": null,
      "magapbig": 20.0819,
      "sigmagapbig": 0.4058,
      "rfid": null,
      "has_stamp": false,
      "corrected": true,
      "dubious": false,
      "candid_alert": null,
      "step_id_corr": "1.1.6",
      "phase": 0.0,
      "parent_candid": 2296346850115015000
    },
    {
      "tid": "ztf",
      "mjd": 60050.34685190022,
      "candid": "2296346850115015007",
      "fid": 1,
      "pid": 2296346850115,
      "diffmaglim": 20.62138,
      "isdiffpos": 1,
      "nid": 2296,
      "distnr": 0.5199749,
      "magpsf": 20.138329,
      "magpsf_corr": 18.673037,
      "magpsf_corr_ext": null,
      "magap": 20.2795,
      "magap_corr": null,
      "sigmapsf": 0.18704277,
      "sigmapsf_corr": 0.0238925,
      "sigmapsf_corr_ext": 0.048509177,
      "sigmagap": 0.2729,
      "sigmagap_corr": null,
      "ra": 198.2418195,
      "dec": 23.380899,
      "rb": 0.93714285,
      "rbversion": "t17_f5_c3",
      "drb": 0.9998796,
      "magapbig": 20.3949,
      "sigmagapbig": 0.385,
      "rfid": 626120101,
      "has_stamp": true,
      "corrected": true,
      "dubious": false,
      "candid_alert": null,
      "step_id_corr": "1.1.6",
      "phase": 0.0,
      "parent_candid": null
    },
    {
      "tid": "ztf",
      "mjd": 60052.33908559987,
      "candid": "2298339080115015008",
      "fid": 1,
      "pid": 2298339080115,
      "diffmaglim": 20.64739,
      "isdiffpos": 1,
      "nid": 2298,
      "distnr": 0.3322656,
      "magpsf": 20.104713,
      "magpsf_corr": 18.664217,
      "magpsf_corr_ext": null,
      "magap": 19.9333,
      "magap_corr": null,
      "sigmapsf": 0.17090811,
      "sigmapsf_corr": 0.017404847,
      "sigmapsf_corr_ext": 0.045348644,
      "sigmagap": 0.1888,
      "sigmagap_corr": null,
      "ra": 198.2418866,
      "dec": 23.3809319,
      "rb": 0.9614286,
      "rbversion": "t17_f5_c3",
      "drb": 0.9999823,
      "magapbig": 19.865,
      "sigmagapbig": 0.2239,
      "rfid": 626120101,
      "has_stamp": true,
      "corrected": true,
      "dubious": false,
      "candid_alert": null,
      "step_id_corr": "1.1.6",
      "phase": 0.0,
      "parent_candid": null
    },
    {
      "tid": "ztf",
      "mjd": 60054.34684030013,
      "candid": "2300346840115015007",
      "fid": 1,
      "pid": 2300346840115,
      "diffmaglim": 20.481451,
      "isdiffpos": 1,
      "nid": 2300,
      "distnr": 0.6434283,
      "magpsf": 20.046293,
      "magpsf_corr": 18.648407,
      "magpsf_corr_ext": null,
      "magap": 20.2044,
      "magap_corr": null,
      "sigmapsf": 0.17463829,
      "sigmapsf_corr": 0.024886547,
      "sigmapsf_corr_ext": 0.048193127,
      "sigmagap": 0.2738,
      "sigmagap_corr": null,
      "ra": 198.2419299,
      "dec": 23.3808451,
      "rb": 0.98,
      "rbversion": "t17_f5_c3",
      "drb": 0.99999726,
      "magapbig": 20.1204,
      "sigmagapbig": 0.3224,
      "rfid": 626120101,
      "has_stamp": true,
      "corrected": true,
      "dubious": false,
      "candid_alert": null,
      "step_id_corr": "1.1.6",
      "phase": 0.0,
      "parent_candid": null
    },
    {
      "tid": "ztf",
      "mjd": 60060.39388890006,
      "candid": "2306393880115015008",
      "fid": 1,
      "pid": 2306393880115,
      "diffmaglim": 20.308472,
      "isdiffpos": 1,
      "nid": 2306,
      "distnr": 0.378839,
      "magpsf": 20.003796,
      "magpsf_corr": 18.636513,
      "magpsf_corr_ext": null,
      "magap": 20.3309,
      "magap_corr": null,
      "sigmapsf": 0.1826225,
      "sigmapsf_corr": 0.03194943,
      "sigmapsf_corr_ext": 0.051837146,
      "sigmagap": 0.3394,
      "sigmagap_corr": null,
      "ra": 198.241844,
      "dec": 23.3809318,
      "rb": 0.94714284,
      "rbversion": "t17_f5_c3",
      "drb": 0.99996746,
      "magapbig": 19.9088,
      "sigmagapbig": 0.2932,
      "rfid": 626120101,
      "has_stamp": true,
      "corrected": true,
      "dubious": false,
      "candid_alert": null,
      "step_id_corr": "1.2.0",
      "phase": 0.0,
      "parent_candid": null
    },
    {
      "tid": "ztf",
      "mjd": 60080.26843750011,
      "candid": "2326268430115015008",
      "fid": 1,
      "pid": 2326268430115,
      "diffmaglim": 20.495289,
      "isdiffpos": 1,
      "nid": 2326,
      "distnr": 0.72466964,
      "magpsf": 19.6763,
      "magpsf_corr": 18.533096,
      "magpsf_corr_ext": null,
      "magap": 19.518,
      "magap_corr": null,
      "sigmapsf": 0.15086734,
      "sigmapsf_corr": 0.037331615,
      "sigmapsf_corr_ext": 0.05263974,
      "sigmagap": 0.1427,
      "sigmagap_corr": null,
      "ra": 198.2417977,
      "dec": 23.3808442,
      "rb": 0.93857145,
      "rbversion": "t17_f5_c3",
      "drb": 0.9999462,
      "magapbig": 19.4361,
      "sigmagapbig": 0.1676,
      "rfid": 626120101,
      "has_stamp": true,
      "corrected": true,
      "dubious": false,
      "candid_alert": null,
      "step_id_corr": "1.2.0",
      "phase": 0.0,
      "parent_candid": null
    },
    {
      "tid": "ztf",
      "mjd": 60090.329479199834,
      "candid": "2336329470115015004",
      "fid": 2,
      "pid": 2336329470115,
      "diffmaglim": 19.841173,
      "isdiffpos": 1,
      "nid": 2336,
      "distnr": 0.6792539,
      "magpsf": 18.436304,
      "magpsf_corr": 17.81764,
      "magpsf_corr_ext": null,
      "magap": 18.464,
      "magap_corr": null,
      "sigmapsf": 0.09764846,
      "sigmapsf_corr": 0.05078406,
      "sigmapsf_corr_ext": 0.055233207,