{
  "detections": [
    {
      "tid": "ztf",
      "mjd": 60119.29173609987,
      "candid": "2365291731915015030",
      "fid": 1,
      "pid": 2365291731915,
      "diffmaglim": 20.63403,
      "isdiffpos": 1,
      "nid": 2365,
      "distnr": 3.03814,
      "magpsf": 20.013798,
      "magpsf_corr": null,
      "magpsf_corr_ext": null,
      "magap": 20.1824,
      "magap_corr": null,
      "sigmapsf": 0.1759417,
      "sigmapsf_corr": null,
      "sigmapsf_corr_ext": null,
      "sigmagap": 0.2658,
      "sigmagap_corr": null,
      "ra": 256.2280198,
      "dec": 17.3114961,
      "rb": 0.87714285,
      "rbversion": "t17_f5_c3",
      "drb": 0.99999607,
      "magapbig": 20.0787,
      "sigmagapbig": 0.3051,
      "rfid": 585120119,
      "has_stamp": true,
      "corrected": false,
      "dubious": false,
      "candid_alert": null,
      "step_id_corr": "1.2.0",
      "phase": 0.0,
      "parent_candid": null
    },
    {
      "tid": "ztf",
      "mjd": 60120.33302079979,
      "candid": "2366333023015015015",
      "fid": 1,
      "pid": 2366333023015,
      "diffmaglim": 20.616438,
      "isdiffpos": 1,
      "nid": 2366,
      "distnr": 1.5346489,
      "magpsf": 19.185661,
      "magpsf_corr": null,
      "magpsf_corr_ext": null,
      "magap": 19.0391,
      "magap_corr": null,
      "sigmapsf": 0.10671177,
      "sigmapsf_corr": null,
      "sigmapsf_corr_ext": null,
      "sigmagap": 0.093,
      "sigmagap_corr": null,
      "ra": 256.228085,
      "dec": 17.3114647,
      "rb": 0.91714287,
      "rbversion": "t17_f5_c3",
      "drb": 0.9999948,
      "magapbig": 19.1541,
      "sigmagapbig": 0.1294,
      "rfid": 586120130,
      "has_stamp": true,
      "corrected": false,
      "dubious": false,
      "candid_alert": null,
      "step_id_corr": "1.2.0",
      "phase": 0.0,
      "parent_candid": null
    },
    {
      "tid": "ztf",
      "mjd": 60120.36225689994,
      "candid": "2366362253015015017",
      "fid": 2,
      "pid": 2366362253015,
      "diffmaglim": 20.645468,
      "isdiffpos": 1,
      "nid": 2366,
      "distnr": 1.2001066,
      "magpsf": 19.54708,
      "magpsf_corr": 18.749052,
      "magpsf_corr_ext": null,
      "magap": 19.5317,
      "magap_corr": null,
      "sigmapsf": 0.13509047,
      "sigmapsf_corr": 100.0,
      "sigmapsf_corr_ext": 0.06477592,
      "sigmagap": 0.1549,
      "sigmagap_corr": null,
      "ra": 256.2280503,
      "dec": 17.3114552,
      "rb": 0.8057143,
      "rbversion": "t17_f5_c3",
      "drb": 0.99999714,
      "magapbig": 19.726,
      "sigmagapbig": 0.2315,
      "rfid": 586120230,
      "has_stamp": true,
      "corrected": true,
      "dubious": false,
      "candid_alert": null,
      "step_id_corr": "1.2.0",
      "phase": 0.0,
      "parent_candid": null
    },
    {
      "tid": "ztf",
      "mjd": 60121.275381899904,
      "candid": "2367275381915015006",
      "fid": 2,
      "pid": 2367275381915,
      "diffmaglim": 20.231491,
      "isdiffpos": 1,
      "nid": 2367,
      "distnr": 1.4313742,
      "magpsf": 19.391201,
      "magpsf_corr": null,
      "magpsf_corr_ext": null,
      "magap": 19.5466,
      "magap_corr": null,
      "sigmapsf": 0.13161601,
      "sigmapsf_corr": null,
      "sigmapsf_corr_ext": null,
      "sigmagap": 0.1956,
      "sigmagap_corr": null,
      "ra": 256.2280423,
      "dec": 17.3114492,
      "rb": 0.9285714,
      "rbversion": "t17_f5_c3",
      "drb": 0.99998176,
      "magapbig": 19.2868,
      "sigmagapbig": 0.195,
      "rfid": 585120219,
      "has_stamp": true,
      "corrected": false,
      "dubious": true,
      "candid_alert": null,
      "step_id_corr": "1.2.0",
      "phase": 0.0,
      "parent_candid": null
    },
    {
      "tid": "ztf",
      "mjd": 60121.38561340002,
      "candid": "2367385611915015013",
      "fid": 1,
      "pid": 2367385611915,
      "diffmaglim": 20.538132,
      "isdiffpos": 1,
      "nid": 2367,
      "distnr": 3.0103796,
      "magpsf": 18.924953,
      "magpsf_corr": null,
      "magpsf_corr_ext": null,
      "magap": 18.9008,
      "magap_corr": null,
      "sigmapsf": 0.10836325,
      "sigmapsf_corr": null,
      "sigmapsf_corr_ext": null,
      "sigmagap": 0.0894,
      "sigmagap_corr": null,
      "ra": 256.2280363,
      "dec": 17.3114781,
      "rb": 0.9557143,
      "rbversion": "t17_f5_c3",
      "drb": 0.9995667,
      "magapbig": 18.889,
      "sigmagapbig": 0.1112,
      "rfid": 585120119,
      "has_stamp": true,
      "corrected": false,
      "dubious": false,
      "candid_alert": null,
      "step_id_corr": "1.2.0",
      "phase": 0.0,
      "parent_candid": null
    },
    {
      "tid": "ztf",
      "mjd": 60122.275856500026,
      "candid": "2368275853015015017",
      "fid": 2,
      "pid": 2368275853015,
      "diffmaglim": 20.21063,
      "isdiffpos": 1,
      "nid": 2368,
      "distnr": 1.1882496,
      "magpsf": 18.986984,
      "magpsf_corr": 18.444572,
      "magpsf_corr_ext": null,
      "magap": 19.2171,
      "magap_corr": null,
      "sigmapsf": 0.0923821,
      "sigmapsf_corr": 0.014062723,
      "sigmapsf_corr_ext": 0.056056157,
      "sigmagap": 0.1547,
      "sigmagap_corr": null,
      "ra": 256.2280419,
      "dec": 17.311442,
      "rb": 0.9442857,
      "rbversion": "t17_f5_c3",
      "drb": 0.9999962,
      "magapbig": 19.1828,
      "sigmagapbig": 0.1897,
      "rfid": 586120230,
      "has_stamp": true,
      "corrected": true,
      "dubious": false,
      "candid_alert": null,
      "step_id_corr": "1.2.0",
      "phase": 0.0,
      "parent_candid": null
    },
    {
      "tid": "ztf",
      "mjd": 60122.32322920021,
      "candid": "2368323223015015015",
      "fid": 1,
      "pid": 2368323223015,
      "diffmaglim": 20.229477,
      "isdiffpos": 1,
      "nid": 2368,
      "distnr": 1.5592619,
      "magpsf": 18.732187,
      "magpsf_corr": null,
      "magpsf_corr_ext": null,
      "magap": 18.746,
      "magap_corr": null,
      "sigmapsf": 0.08837966,
      "sigmapsf_corr": null,
      "sigmapsf_corr_ext": null,
      "sigmagap": 0.0929,
      "sigmagap_corr": null,
      "ra": 256.2280468,
      "dec": 17.3114689,
      "rb": 0.93714285,
      "rbversion": "t17_f5_c3",
      "drb": 0.9999959,
      "magapbig": 18.6894,
      "sigmagapbig": 0.1115,
      "rfid": 586120130,
      "has_stamp": true,
      "corrected": false,
      "dubious": false,
      "candid_alert": null,
      "step_id_corr": "1.2.0",
      "phase": 0.0,
      "parent_candid": null
    },
    {
      "tid": "ztf",
      "mjd": 60123.25557869999,
      "candid": "2369255571915015007",
      "fid": 1,
      "pid": 2369255571915,
      "diffmaglim": 20.231844,
      "isdiffpos": 1,
      "nid": 2369,
      "distnr": 2.8958962,
      "magpsf": 18.768389,
      "magpsf_corr": null,
      "magpsf_corr_ext": null,
      "magap": 18.7082,
      "magap_corr": null,
      "sigmapsf": 0.07792564,
      "sigmapsf_corr": null,
      "sigmapsf_corr_ext": null,
      "sigmagap": 0.1032,
      "sigmagap_corr": null,
      "ra": 256.2280079,
      "dec": 17.3114594,
      "rb": 0.9557143,
      "rbversion": "t17_f5_c3",
      "drb": 0.9999956,
      "magapbig": 18.7138,
      "sigmagapbig": 0.1317,
      "rfid": 585120119,
      "has_stamp": true,
      "corrected": false,
      "dubious": false,
      "candid_alert": null,
      "step_id_corr": "1.2.0",
      "phase": 0.0,
      "parent_candid": null
    },
    {
      "tid": "ztf",
      "mjd": 60124.404039400164,
      "candid": "2370404033015015009",
      "fid": 1,
      "pid": 2370404033015,
      "diffmaglim": 20.343796,
      "isdiffpos": 1,
      "nid": 2370,
      "distnr": 1.5245599,
      "magpsf": 18.774817,
      "magpsf_corr": null,
      "magpsf_corr_ext": null,
      "magap": 18.7547,
      "magap_corr": null,
      "sigmapsf": 0.10453023,
      "sigmapsf_corr": null,
      "sigmapsf_corr_ext": null,
      "sigmagap": 0.0858,
      "sigmagap_corr": null,
      "ra": 256.2281004,
      "dec": 17.3114612,
      "rb": 0.93,