{
  "detections": [
    {
      "tid": "ztf",
      "mjd": 59671.31479169987,
      "candid": "1917314791215015005",
      "fid": 2,
      "pid": 1917314791215,
      "diffmaglim": 19.827911,
      "isdiffpos": 1,
      "nid": 1917,
      "distnr": 4.9008846,
      "magpsf": 18.521017,
      "magpsf_corr": null,
      "magpsf_corr_ext": null,
      "magap": 18.2907,
      "magap_corr": null,
      "sigmapsf": 0.09154029,
      "sigmapsf_corr": null,
      "sigmapsf_corr_ext": null,
      "sigmagap": 0.0832,
      "sigmagap_corr": null,
      "ra": 152.8653261,
      "dec": -26.5844108,
      "rb": 0.6342857,
      "rbversion": "t17_f5_c3",
      "drb": 0.99997544,
      "magapbig": 18.2398,
      "sigmagapbig": 0.1014,
      "rfid": 266120212,
      "has_stamp": true,
      "corrected": false,
      "dubious": false,
      "candid_alert": null,
      "step_id_corr": "correction_1.0.6",
      "phase": 0.0,
      "parent_candid": null
    },
    {
      "tid": "ztf",
      "mjd": 59671.31479169987,
      "candid": "1917314791215025003",
      "fid": 2,
      "pid": 1917314791215,
      "diffmaglim": 19.8148,
      "isdiffpos": 1,
      "nid": 1917,
      "distnr": 4.90835,
      "magpsf": 18.5041,
      "magpsf_corr": null,
      "magpsf_corr_ext": null,
      "magap": 18.2959,
      "magap_corr": null,
      "sigmapsf": 0.094203,
      "sigmapsf_corr": null,
      "sigmapsf_corr_ext": null,
      "sigmagap": 0.0847,
      "sigmagap_corr": null,
      "ra": 152.8653241,
      "dec": -26.5844093,
      "rb": 0.654286,
      "rbversion": "t17_f5_c3",
      "drb": null,
      "magapbig": 18.2453,
      "sigmagapbig": 0.1032,
      "rfid": null,
      "has_stamp": false,
      "corrected": false,
      "dubious": false,
      "candid_alert": null,
      "step_id_corr": "correction_1.0.6",
      "phase": 0.0,
      "parent_candid": 1935254721215015001
    },
    {
      "tid": "ztf",
      "mjd": 59674.29665509984,
      "candid": "1920296651215015002",
      "fid": 2,
      "pid": 1920296651215,
      "diffmaglim": 19.41477,
      "isdiffpos": 1,
      "nid": 1920,
      "distnr": 4.999704,
      "magpsf": 18.583652,
      "magpsf_corr": null,
      "magpsf_corr_ext": null,
      "magap": 18.5543,
      "magap_corr": null,
      "sigmapsf": 0.13481364,
      "sigmapsf_corr": null,
      "sigmapsf_corr_ext": null,
      "sigmagap": 0.1372,
      "sigmagap_corr": null,
      "ra": 152.8652786,
      "dec": -26.5844547,
      "rb": 0.69857144,
      "rbversion": "t17_f5_c3",
      "drb": 0.9999589,
      "magapbig": 18.4576,
      "sigmagapbig": 0.1609,
      "rfid": 266120212,
      "has_stamp": true,
      "corrected": false,
      "dubious": false,
      "candid_alert": null,
      "step_id_corr": "correction_1.0.6",
      "phase": 0.0,
      "parent_candid": null
    },
    {
      "tid": "ztf",
      "mjd": 59676.228460600134,
      "candid": "1922228461215015002",
      "fid": 1,
      "pid": 1922228461215,
      "diffmaglim": 19.430937,
      "isdiffpos": 1,
      "nid": 1922,
      "distnr": 4.4713383,
      "magpsf": 18.856836,
      "magpsf_corr": null,
      "magpsf_corr_ext": null,
      "magap": 18.8971,
      "magap_corr": null,
      "sigmapsf": 0.16791913,
      "sigmapsf_corr": null,
      "sigmapsf_corr_ext": null,
      "sigmagap": 0.1527,
      "sigmagap_corr": null,
      "ra": 152.8652613,
      "dec": -26.5843464,
      "rb": 0.49,
      "rbversion": "t17_f5_c3",
      "drb": 0.99911654,
      "magapbig": 18.7802,
      "sigmagapbig": 0.1759,
      "rfid": 266120112,
      "has_stamp": true,
      "corrected": false,
      "dubious": false,
      "candid_alert": null,
      "step_id_corr": "correction_1.0.6",
      "phase": 0.0,
      "parent_candid": null
    },
    {
      "tid": "ztf",
      "mjd": 59678.23126159981,
      "candid": "1924231261215015004",
      "fid": 2,
      "pid": 1924231261215,
      "diffmaglim": 19.683723,
      "isdiffpos": 1,
      "nid": 1924,
      "distnr": 4.9265065,
      "magpsf": 18.540783,
      "magpsf_corr": null,
      "magpsf_corr_ext": null,
      "magap": 18.427,
      "magap_corr": null,
      "sigmapsf": 0.12926908,
      "sigmapsf_corr": null,
      "sigmapsf_corr_ext": null,
      "sigmagap": 0.1211,
      "sigmagap_corr": null,
      "ra": 152.8653007,
      "dec": -26.5844676,
      "rb": 0.8585714,
      "rbversion": "t17_f5_c3",
      "drb": 0.99986917,
      "magapbig": 18.4503,
      "sigmagapbig": 0.1583,
      "rfid": 266120212,
      "has_stamp": true,
      "corrected": false,
      "dubious": false,
      "candid_alert": null,
      "step_id_corr": "correction_1.0.6",
      "phase": 0.0,
      "parent_candid": null
    },
    {
      "tid": "ztf",
      "mjd": 59683.234247699846,
      "candid": "1929234241215015000",
      "fid": 2,
      "pid": 1929234241215,
      "diffmaglim": 19.045769,
      "isdiffpos": 1,
      "nid": 1929,
      "distnr": 5.1011324,
      "magpsf": 18.52094,
      "magpsf_corr": null,
      "magpsf_corr_ext": null,
      "magap": 18.4023,
      "magap_corr": null,
      "sigmapsf": 0.18101592,
      "sigmapsf_corr": null,
      "sigmapsf_corr_ext": null,
      "sigmagap": 0.1937,
      "sigmagap_corr": null,
      "ra": 152.8652387,
      "dec": -26.5844833,
      "rb": 0.49714285,
      "rbversion": "t17_f5_c3",
      "drb": 0.99785775,
      "magapbig": 18.3225,
      "sigmagapbig": 0.231,
      "rfid": 266120212,
      "has_stamp": true,
      "corrected": false,
      "dubious": false,
      "candid_alert": null,
      "step_id_corr": "correction_1.0.6",
      "phase": 0.0,
      "parent_candid": null
    },
    {
      "tid": "ztf",
      "mjd": 59687.25664350018,
      "candid": "1933256641215015003",
      "fid": 1,
      "pid": 1933256641215,
      "diffmaglim": 18.9318,
      "isdiffpos": 1,
      "nid": 1933,
      "distnr": 4.68986,
      "magpsf": 19.5624,
      "magpsf_corr": null,
      "magpsf_corr_ext": null,
      "magap": 20.4956,
      "magap_corr": null,
      "sigmapsf": 0.370489,
      "sigmapsf_corr": null,
      "sigmapsf_corr_ext": null,
      "sigmagap": 1.5255,
      "sigmagap_corr": null,
      "ra": 152.865328,
      "dec": -26.5843614,
      "rb": 0.398571,
      "rbversion": "t17_f5_c3",
      "drb": null,
      "magapbig": 20.2245,
      "sigmagapbig": 1.5282,
      "rfid": null,
      "has_stamp": false,
      "corrected": false,
      "dubious": false,
      "candid_alert": null,
      "step_id_corr": "correction_1.0.6",
      "phase": 0.0,
      "parent_candid": 1935254721215015001
    },
    {
      "tid": "ztf",
      "mjd": 59689.15908560017,
      "candid": "1935159081215015002",
      "fid": 1,
      "pid": 1935159081215,
      "diffmaglim": 19.6397,
      "isdiffpos": 1,
      "nid": 1935,
      "distnr": 4.41982,
      "magpsf": 19.5705,
      "magpsf_corr": null,
      "magpsf_corr_ext": null,
      "magap": 19.3867,
      "magap_corr": null,
      "sigmapsf": 0.296647,
      "sigmapsf_corr": null,
      "sigmapsf_corr_ext": null,
      "sigmagap": 0.2073,
      "sigmagap_corr": null,
      "ra": 152.8652057,
      "dec": -26.5844494,
      "rb": 0.161429,
      "rbversion": "t17_f5_c3",
      "drb": null,
      "magapbig": 19.252,
      "sigmagapbig": 0.2349,
      "rfid": null,
      "has_stamp": false,
      "corrected": false,
      "dubious": false,
      "candid_alert": null,
      "step_id_corr": "correction_1.0.6",
      "phase": 0.0,
      "parent_candid": 1935254721215015001
    },
    {
      "tid": "ztf",
      "mjd": 59689.25472219987,
      "candid": "1935254721215015001",
      "fid": 2,
      "pid": 1935254721215,
      "diffmaglim": 19.217142,
      "isdiffpos": 1,
      "nid": 1935,
      "distnr": 4.67702,
      "magpsf": 18.89552,
      "magpsf_corr": null,
      "magpsf_corr_ext": null,
      "magap": 18.6955,
      "magap_corr": null,
      "sigmapsf": 0.20475164,
      "sigmapsf_corr": null,
      "sigmapsf_corr_ext": null,
      "sigmagap": 0.1533,
      "sigmagap_corr": null,