{
  "detections": [
    {
      "tid": "ztf",
      "mjd": 59623.13254630007,
      "candid": "1869132545515015006",
      "fid": 2,
      "pid": 1869132545515,
      "diffmaglim": 19.818844,
      "isdiffpos": 1,
      "nid": 1869,
      "distnr": 0.9094682,
      "magpsf": 18.210394,
      "magpsf_corr": 18.087194,
      "magpsf_corr_ext": null,
      "magap": 18.2904,
      "magap_corr": null,
      "sigmapsf": 0.061619602,
      "sigmapsf_corr": 0.053910546,
      "sigmapsf_corr_ext": 0.055009674,
      "sigmagap": 0.101,
      "sigmagap_corr": null,
      "ra": 48.7963855,
      "dec": -7.4947332,
      "rb": 0.95285714,
      "rbversion": "t17_f5_c3",
      "drb": 1.0,
      "magapbig": 18.3849,
      "sigmagapbig": 0.1409,
      "rfid": 351120255,
      "has_stamp": true,
      "corrected": true,
      "dubious": false,
      "candid_alert": null,
      "step_id_corr": "correction_1.0.6",
      "phase": 0.0,
      "parent_candid": null
    },
    {
      "tid": "ztf",
      "mjd": 59623.15518519981,
      "candid": "1869155185515015007",
      "fid": 1,
      "pid": 1869155185515,
      "diffmaglim": 19.508345,
      "isdiffpos": 1,
      "nid": 1869,
      "distnr": 0.85164887,
      "magpsf": 18.229418,
      "magpsf_corr": 18.123972,
      "magpsf_corr_ext": null,
      "magap": 18.4029,
      "magap_corr": null,
      "sigmapsf": 0.076548845,
      "sigmapsf_corr": 0.068700165,
      "sigmapsf_corr_ext": 0.06946405,
      "sigmagap": 0.1276,
      "sigmagap_corr": null,
      "ra": 48.7964213,
      "dec": -7.4947204,
      "rb": 0.94,
      "rbversion": "t17_f5_c3",
      "drb": 0.9999999,
      "magapbig": 18.5968,
      "sigmagapbig": 0.1952,
      "rfid": 351120155,
      "has_stamp": true,
      "corrected": true,
      "dubious": false,
      "candid_alert": null,
      "step_id_corr": "correction_1.0.6",
      "phase": 0.0,
      "parent_candid": null
    },
    {
      "tid": "ztf",
      "mjd": 59625.13187499996,
      "candid": "1871131875515015008",
      "fid": 2,
      "pid": 1871131875515,
      "diffmaglim": 19.709766,
      "isdiffpos": 1,
      "nid": 1871,
      "distnr": 0.91909087,
      "magpsf": 18.125187,
      "magpsf_corr": 18.010815,
      "magpsf_corr_ext": null,
      "magap": 18.2322,
      "magap_corr": null,
      "sigmapsf": 0.06549559,
      "sigmapsf_corr": 0.058058266,
      "sigmapsf_corr_ext": 0.05894715,
      "sigmagap": 0.103,
      "sigmagap_corr": null,
      "ra": 48.7964041,
      "dec": -7.4947198,
      "rb": 0.92714286,
      "rbversion": "t17_f5_c3",
      "drb": 0.9999999,
      "magapbig": 18.2862,
      "sigmagapbig": 0.1386,
      "rfid": 351120255,
      "has_stamp": true,
      "corrected": true,
      "dubious": false,
      "candid_alert": null,
      "step_id_corr": "correction_1.0.6",
      "phase": 0.0,
      "parent_candid": null
    },
    {
      "tid": "ztf",
      "mjd": 59625.1722916998,
      "candid": "1871172295515015006",
      "fid": 1,
      "pid": 1871172295515,
      "diffmaglim": 19.236792,
      "isdiffpos": 1,
      "nid": 1871,
      "distnr": 0.86618286,
      "magpsf": 18.329918,
      "magpsf_corr": 18.21477,
      "magpsf_corr_ext": null,
      "magap": 18.4034,
      "magap_corr": null,
      "sigmapsf": 0.11180588,
      "sigmapsf_corr": 0.0999331,
      "sigmapsf_corr_ext": 0.10055537,
      "sigmagap": 0.1628,
      "sigmagap_corr": null,
      "ra": 48.796451,
      "dec": -7.4947358,
      "rb": 0.9257143,
      "rbversion": "t17_f5_c3",
      "drb": 0.99999905,
      "magapbig": 18.2719,
      "sigmagapbig": 0.1851,
      "rfid": 351120155,
      "has_stamp": true,
      "corrected": true,
      "dubious": false,
      "candid_alert": null,
      "step_id_corr": "correction_1.0.6",
      "phase": 0.0,
      "parent_candid": null
    },
    {
      "tid": "ztf",
      "mjd": 59627.17104170006,
      "candid": "1873171045515015007",
      "fid": 1,
      "pid": 1873171045515,
      "diffmaglim": 18.975405,
      "isdiffpos": 1,
      "nid": 1873,
      "distnr": 0.83008975,
      "magpsf": 18.191507,
      "magpsf_corr": 18.089514,
      "magpsf_corr_ext": null,
      "magap": 18.0124,
      "magap_corr": null,
      "sigmapsf": 0.1020983,
      "sigmapsf_corr": 0.09240963,
      "sigmapsf_corr_ext": 0.09294402,
      "sigmagap": 0.1326,
      "sigmagap_corr": null,
      "ra": 48.7964743,
      "dec": -7.4947312,
      "rb": 0.87,
      "rbversion": "t17_f5_c3",
      "drb": 0.9999918,
      "magapbig": 18.1374,
      "sigmagapbig": 0.1907,
      "rfid": 351120155,
      "has_stamp": true,
      "corrected": true,
      "dubious": false,
      "candid_alert": null,
      "step_id_corr": "correction_1.0.6",
      "phase": 0.0,
      "parent_candid": null
    },
    {
      "tid": "ztf",
      "mjd": 59629.16964119999,
      "candid": "1875169645515015006",
      "fid": 1,
      "pid": 1875169645515,
      "diffmaglim": 19.308247,
      "isdiffpos": 1,
      "nid": 1875,
      "distnr": 0.93414354,
      "magpsf": 18.32017,
      "magpsf_corr": 18.205997,
      "magpsf_corr_ext": null,
      "magap": 18.2747,
      "magap_corr": null,
      "sigmapsf": 0.098313764,
      "sigmapsf_corr": 0.08780423,
      "sigmapsf_corr_ext": 0.0885005,
      "sigmagap": 0.1033,
      "sigmagap_corr": null,
      "ra": 48.7963771,
      "dec": -7.494723,
      "rb": 0.80142856,
      "rbversion": "t17_f5_c3",
      "drb": 0.9998258,
      "magapbig": 18.2872,
      "sigmagapbig": 0.1338,
      "rfid": 351120155,
      "has_stamp": true,
      "corrected": true,
      "dubious": false,
      "candid_alert": null,
      "step_id_corr": "correction_1.0.6",
      "phase": 0.0,
      "parent_candid": null
    },
    {
      "tid": "ztf",
      "mjd": 59800.47218749998,
      "candid": "2046472185515015006",
      "fid": 2,
      "pid": 2046472185515,
      "diffmaglim": 20.5096,
      "isdiffpos": 1,
      "nid": 2046,
      "distnr": 1.26304,
      "magpsf": 20.5593,
      "magpsf_corr": 19.782307,
      "magpsf_corr_ext": null,
      "magap": 20.6922,
      "magap_corr": null,
      "sigmapsf": 0.234018,
      "sigmapsf_corr": 0.10183783,
      "sigmapsf_corr_ext": 0.11440681,
      "sigmagap": 0.5337,
      "sigmagap_corr": null,
      "ra": 48.7964655,
      "dec": -7.4947958,
      "rb": 0.445714,
      "rbversion": "t17_f5_c3",
      "drb": null,
      "magapbig": 21.006,
      "sigmagapbig": 0.9128,
      "rfid": null,
      "has_stamp": false,
      "corrected": true,
      "dubious": false,
      "candid_alert": null,
      "step_id_corr": "dev",
      "phase": 0.0,
      "parent_candid": 2064456745515015000
    },
    {
      "tid": "ztf",
      "mjd": 59811.4847569,
      "candid": "2057484755515015007",
      "fid": 2,
      "pid": 2057484755515,
      "diffmaglim": 20.3049,
      "isdiffpos": 1,
      "nid": 2057,
      "distnr": 1.18804,
      "magpsf": 20.698,
      "magpsf_corr": 19.847904,
      "magpsf_corr_ext": null,
      "magap": 20.4397,
      "magap_corr": null,
      "sigmapsf": 0.385397,
      "sigmapsf_corr": 0.16721222,
      "sigmapsf_corr_ext": 0.17614481,
      "sigmagap": 0.4698,
      "sigmagap_corr": null,
      "ra": 48.7964894,
      "dec": -7.4947371,
      "rb": 0.377143,
      "rbversion": "t17_f5_c3",
      "drb": null,
      "magapbig": 20.3382,
      "sigmagapbig": 0.5489,
      "rfid": null,
      "has_stamp": false,
      "corrected": true,
      "dubious": false,
      "candid_alert": null,
      "step_id_corr": "dev",
      "phase": 0.0,
      "parent_candid": 2064456745515015000
    },
    {
      "tid": "ztf",
      "mjd": 59814.4634953998,
      "candid": "2060463495515015012",
      "fid": 2,
      "pid": 2060463495515,
      "diffmaglim": 20.4474,
      "isdiffpos": 1,
      "nid": 2060,
      "distnr": 1.39591,
      "magpsf": 20.7366,
      "magpsf_corr": 19.865376,
      "magpsf_corr_ext": null,
      "magap": 20.6772,
      "magap_corr": null,
      "sigmapsf": 0.271256,
      "sigmapsf_corr": 0.107778326,