{
  "detections": [
    {
      "tid": "ztf",
      "mjd": 60100.4375,
      "candid": "2346437504915015005",
      "fid": 2,
      "pid": 2346437504915,
      "diffmaglim": 19.752,
      "isdiffpos": 1,
      "nid": 2346,
      "distnr": 1.35327,
      "magpsf": 20.1194,
      "magpsf_corr": 18.614552,
      "magpsf_corr_ext": null,
      "magap": 19.7668,
      "magap_corr": null,
      "sigmapsf": 0.338623,
      "sigmapsf_corr": 0.027050346,
      "sigmapsf_corr_ext": 0.08467933,
      "sigmagap": 0.4352,
      "sigmagap_corr": null,
      "ra": 340.1801263,
      "dec": 36.6442864,
      "rb": 0.551429,
      "rbversion": "t17_f5_c3",
      "drb": null,
      "magapbig": 19.8459,
      "sigmagapbig": 0.6003,
      "rfid": null,
      "has_stamp": false,
      "corrected": true,
      "dubious": false,
      "candid_alert": null,
      "step_id_corr": "1.2.0",
      "phase": 0.0,
      "parent_candid": 2359449314915015000
    },
    {
      "tid": "ztf",
      "mjd": 60103.404722199775,
      "candid": "2349404724915015005",
      "fid": 2,
      "pid": 2349404724915,
      "diffmaglim": 19.7641,
      "isdiffpos": 1,
      "nid": 2349,
      "distnr": 1.12834,
      "magpsf": 19.9526,
      "magpsf_corr": 18.570377,
      "magpsf_corr_ext": null,
      "magap": 20.0062,
      "magap_corr": null,
      "sigmapsf": 0.272101,
      "sigmapsf_corr": 100.0,
      "sigmapsf_corr_ext": 0.07617998,
      "sigmagap": 0.528,
      "sigmagap_corr": null,
      "ra": 340.1801416,
      "dec": 36.6443591,
      "rb": 0.702857,
      "rbversion": "t17_f5_c3",
      "drb": null,
      "magapbig": 19.6239,
      "sigmagapbig": 0.4762,
      "rfid": null,
      "has_stamp": false,
      "corrected": true,
      "dubious": false,
      "candid_alert": null,
      "step_id_corr": "1.2.0",
      "phase": 0.0,
      "parent_candid": 2359449314915015000
    },
    {
      "tid": "ztf",
      "mjd": 60110.45462960005,
      "candid": "2356454624915015012",
      "fid": 2,
      "pid": 2356454624915,
      "diffmaglim": 20.2927,
      "isdiffpos": 1,
      "nid": 2356,
      "distnr": 0.990113,
      "magpsf": 20.3582,
      "magpsf_corr": 18.669527,
      "magpsf_corr_ext": null,
      "magap": 21.2394,
      "magap_corr": null,
      "sigmapsf": 0.244803,
      "sigmapsf_corr": 100.0,
      "sigmapsf_corr_ext": 0.051682957,
      "sigmagap": 0.9943,
      "sigmagap_corr": null,
      "ra": 340.1802344,
      "dec": 36.6443537,
      "rb": 0.73,
      "rbversion": "t17_f5_c3",
      "drb": null,
      "magapbig": 20.8422,
      "sigmagapbig": 0.8797,
      "rfid": null,
      "has_stamp": false,
      "corrected": true,
      "dubious": false,
      "candid_alert": null,
      "step_id_corr": "1.2.0",
      "phase": 0.0,
      "parent_candid": 2359449314915015000
    },
    {
      "tid": "ztf",
      "mjd": 60113.44931709999,
      "candid": "2359449314915015009",
      "fid": 2,
      "pid": 2359449314915,
      "diffmaglim": 20.48056,
      "isdiffpos": 1,
      "nid": 2359,
      "distnr": 1.1495601,
      "magpsf": 19.938839,
      "magpsf_corr": 18.566507,
      "magpsf_corr_ext": null,
      "magap": 20.2689,
      "magap_corr": null,
      "sigmapsf": 0.16521993,
      "sigmapsf_corr": 100.0,
      "sigmapsf_corr_ext": 0.046679866,
      "sigmagap": 0.3624,
      "sigmagap_corr": null,
      "ra": 340.1802384,
      "dec": 36.6443033,
      "rb": 0.80857146,
      "rbversion": "t17_f5_c3",
      "drb": 0.9997705,
      "magapbig": 20.1776,
      "sigmagapbig": 0.4237,
      "rfid": 691120249,
      "has_stamp": true,
      "corrected": true,
      "dubious": false,
      "candid_alert": null,
      "step_id_corr": "1.2.0",
      "phase": 0.0,
      "parent_candid": null
    },
    {
      "tid": "ztf",
      "mjd": 60116.4542129999,
      "candid": "2362454214915015015",
      "fid": 2,
      "pid": 2362454214915,
      "diffmaglim": 20.2329,
      "isdiffpos": 1,
      "nid": 2362,
      "distnr": 1.30971,
      "magpsf": 20.2276,
      "magpsf_corr": 18.640615,
      "magpsf_corr_ext": null,
      "magap": 20.8416,
      "magap_corr": null,
      "sigmapsf": 0.222246,
      "sigmapsf_corr": 100.0,
      "sigmapsf_corr_ext": 0.051527638,
      "sigmagap": 0.7023,
      "sigmagap_corr": null,
      "ra": 340.1800893,
      "dec": 36.6443304,
      "rb": 0.791429,
      "rbversion": "t17_f5_c3",
      "drb": null,
      "magapbig": 20.2688,
      "sigmagapbig": 0.5302,
      "rfid": null,
      "has_stamp": false,
      "corrected": true,
      "dubious": false,
      "candid_alert": null,
      "step_id_corr": "1.2.0",
      "phase": 0.0,
      "parent_candid": 2371452844915015000
    },
    {
      "tid": "ztf",
      "mjd": 60123.43400460016,
      "candid": "2369434004915015013",
      "fid": 2,
      "pid": 2369434004915,
      "diffmaglim": 20.376,
      "isdiffpos": 1,
      "nid": 2369,
      "distnr": 1.01599,
      "magpsf": 20.4284,
      "magpsf_corr": 18.683973,
      "magpsf_corr_ext": null,
      "magap": 20.7006,
      "magap_corr": null,
      "sigmapsf": 0.249658,
      "sigmapsf_corr": 100.0,
      "sigmapsf_corr_ext": 0.05006971,
      "sigmagap": 0.5432,
      "sigmagap_corr": null,
      "ra": 340.1802554,
      "dec": 36.6443398,
      "rb": 0.732857,
      "rbversion": "t17_f5_c3",
      "drb": null,
      "magapbig": 20.1788,
      "sigmagapbig": 0.4284,
      "rfid": null,
      "has_stamp": false,
      "corrected": true,
      "dubious": false,
      "candid_alert": null,
      "step_id_corr": "1.2.0",
      "phase": 0.0,
      "parent_candid": 2371452844915015000
    },
    {
      "tid": "ztf",
      "mjd": 60125.45284719998,
      "candid": "2371452844915015014",
      "fid": 2,
      "pid": 2371452844915,
      "diffmaglim": 20.428509,
      "isdiffpos": 1,
      "nid": 2371,
      "distnr": 1.1463872,
      "magpsf": 20.17306,
      "magpsf_corr": 18.627724,
      "magpsf_corr_ext": null,
      "magap": 20.1365,
      "magap_corr": null,
      "sigmapsf": 0.21583392,
      "sigmapsf_corr": 100.0,
      "sigmapsf_corr_ext": 0.05199788,
      "sigmagap": 0.3336,
      "sigmagap_corr": null,
      "ra": 340.1802027,
      "dec": 36.6443201,
      "rb": 0.62,
      "rbversion": "t17_f5_c3",
      "drb": 0.99974316,
      "magapbig": 20.0016,
      "sigmagapbig": 0.3749,
      "rfid": 691120249,
      "has_stamp": true,
      "corrected": true,
      "dubious": false,
      "candid_alert": null,
      "step_id_corr": "1.2.0",
      "phase": 0.0,
      "parent_candid": null
    },
    {
      "tid": "ztf",
      "mjd": 60127.40446759993,
      "candid": "2373404464915015016",
      "fid": 2,
      "pid": 2373404464915,
      "diffmaglim": 19.9249,
      "isdiffpos": 1,
      "nid": 2373,
      "distnr": 1.22114,
      "magpsf": 20.2943,
      "magpsf_corr": 18.65572,
      "magpsf_corr_ext": null,
      "magap": 20.3468,
      "magap_corr": null,
      "sigmapsf": 0.305311,
      "sigmapsf_corr": 100.0,
      "sigmapsf_corr_ext": 0.067500986,
      "sigmagap": 0.6158,
      "sigmagap_corr": null,
      "ra": 340.1801031,
      "dec": 36.644352,
      "rb": 0.644286,
      "rbversion": "t17_f5_c3",
      "drb": null,
      "magapbig": 20.267,
      "sigmagapbig": 0.7326,
      "rfid": null,
      "has_stamp": false,
      "corrected": true,
      "dubious": false,
      "candid_alert": null,
      "step_id_corr": "1.2.0",
      "phase": 0.0,
      "parent_candid": 2390371194915015000
    },
    {
      "tid": "ztf",
      "mjd": 60133.386701399926,
      "candid": "2379386704915015008",
      "fid": 2,
      "pid": 2379386704915,
      "diffmaglim": 20.2948,
      "isdiffpos": 1,
      "nid": 2379,
      "distnr": 1.20462,
      "magpsf": 20.1492,
      "magpsf_corr": 18.62193,
      "magpsf_corr_ext": null,
      "magap": 20.658,
      "magap_corr": null,
      "sigmapsf": 0.217432,
      "sigmapsf_corr": 100.0,
      "sigmapsf_corr_ext": 0.05326165,
      "sigmagap": 0.6142,
      "sigmagap_corr": null,
      "ra": 340.1801712,