{
  "detections": [
    {
      "tid": "ztf",
      "mjd": 60112.461886600126,
      "candid": "2358461882615015002",
      "fid": 2,
      "pid": 2358461882615,
      "diffmaglim": 19.77623,
      "isdiffpos": 1,
      "nid": 2358,
      "distnr": 4.4675145,
      "magpsf": 18.658836,
      "magpsf_corr": null,
      "magpsf_corr_ext": null,
      "magap": 18.7134,
      "magap_corr": null,
      "sigmapsf": 0.0798235,
      "sigmapsf_corr": null,
      "sigmapsf_corr_ext": null,
      "sigmagap": 0.1564,
      "sigmagap_corr": null,
      "ra": 28.6327863,
      "dec": 17.677213,
      "rb": 0.93857145,
      "rbversion": "t17_f5_c3",
      "drb": 0.99999857,
      "magapbig": 18.9521,
      "sigmagapbig": 0.2494,
      "rfid": 554120226,
      "has_stamp": true,
      "corrected": false,
      "dubious": false,
      "candid_alert": null,
      "step_id_corr": "1.2.0",
      "phase": 0.0,
      "parent_candid": null
    },
    {
      "tid": "ztf",
      "mjd": 60112.46385420021,
      "candid": "2358463852615015002",
      "fid": 2,
      "pid": 2358463852615,
      "diffmaglim": 19.814987,
      "isdiffpos": 1,
      "nid": 2358,
      "distnr": 4.514254,
      "magpsf": 18.63365,
      "magpsf_corr": null,
      "magpsf_corr_ext": null,
      "magap": 19.0999,
      "magap_corr": null,
      "sigmapsf": 0.108058095,
      "sigmapsf_corr": null,
      "sigmapsf_corr_ext": null,
      "sigmagap": 0.221,
      "sigmagap_corr": null,
      "ra": 28.6327908,
      "dec": 17.6772004,
      "rb": 0.9014286,
      "rbversion": "t17_f5_c3",
      "drb": 1.0,
      "magapbig": 19.0756,
      "sigmagapbig": 0.2772,
      "rfid": 554120226,
      "has_stamp": true,
      "corrected": false,
      "dubious": false,
      "candid_alert": null,
      "step_id_corr": "1.2.0",
      "phase": 0.0,
      "parent_candid": null
    },
    {
      "tid": "ztf",
      "mjd": 60112.46582179982,
      "candid": "2358465822615015004",
      "fid": 2,
      "pid": 2358465822615,
      "diffmaglim": 19.722431,
      "isdiffpos": 1,
      "nid": 2358,
      "distnr": 4.4722333,
      "magpsf": 18.64249,
      "magpsf_corr": null,
      "magpsf_corr_ext": null,
      "magap": 18.3723,
      "magap_corr": null,
      "sigmapsf": 0.08172512,
      "sigmapsf_corr": null,
      "sigmapsf_corr_ext": null,
      "sigmagap": 0.1185,
      "sigmagap_corr": null,
      "ra": 28.6327792,
      "dec": 17.6772077,
      "rb": 0.9114286,
      "rbversion": "t17_f5_c3",
      "drb": 0.99999994,
      "magapbig": 18.2394,
      "sigmagapbig": 0.1344,
      "rfid": 554120226,
      "has_stamp": true,
      "corrected": false,
      "dubious": false,
      "candid_alert": null,
      "step_id_corr": "1.2.0",
      "phase": 0.0,
      "parent_candid": null
    },
    {
      "tid": "ztf",
      "mjd": 60112.4677893999,
      "candid": "2358467782615015002",
      "fid": 2,
      "pid": 2358467782615,
      "diffmaglim": 19.739573,
      "isdiffpos": 1,
      "nid": 2358,
      "distnr": 4.434792,
      "magpsf": 18.602907,
      "magpsf_corr": null,
      "magpsf_corr_ext": null,
      "magap": 18.5288,
      "magap_corr": null,
      "sigmapsf": 0.08253831,
      "sigmapsf_corr": null,
      "sigmapsf_corr_ext": null,
      "sigmagap": 0.1355,
      "sigmagap_corr": null,
      "ra": 28.6327663,
      "dec": 17.6772129,
      "rb": 0.9242857,
      "rbversion": "t17_f5_c3",
      "drb": 0.9999998,
      "magapbig": 18.5507,
      "sigmagapbig": 0.1772,
      "rfid": 554120226,
      "has_stamp": true,
      "corrected": false,
      "dubious": false,
      "candid_alert": null,
      "step_id_corr": "1.2.0",
      "phase": 0.0,
      "parent_candid": null
    },
    {
      "tid": "ztf",
      "mjd": 60112.46975689987,
      "candid": "2358469752615015004",
      "fid": 2,
      "pid": 2358469752615,
      "diffmaglim": 19.74428,
      "isdiffpos": 1,
      "nid": 2358,
      "distnr": 4.4074416,
      "magpsf": 18.641829,
      "magpsf_corr": null,
      "magpsf_corr_ext": null,
      "magap": 18.6664,
      "magap_corr": null,
      "sigmapsf": 0.10979743,
      "sigmapsf_corr": null,
      "sigmapsf_corr_ext": null,
      "sigmagap": 0.1552,
      "sigmagap_corr": null,
      "ra": 28.6327839,
      "dec": 17.6772315,
      "rb": 0.9257143,
      "rbversion": "t17_f5_c3",
      "drb": 1.0,
      "magapbig": 18.6563,
      "sigmagapbig": 0.197,
      "rfid": 554120226,
      "has_stamp": true,
      "corrected": false,
      "dubious": false,
      "candid_alert": null,
      "step_id_corr": "1.2.0",
      "phase": 0.0,
      "parent_candid": null
    },
    {
      "tid": "ztf",
      "mjd": 60113.46310190018,
      "candid": "2359463102615015000",
      "fid": 2,
      "pid": 2359463102615,
      "diffmaglim": 19.966805,
      "isdiffpos": 1,
      "nid": 2359,
      "distnr": 4.414295,
      "magpsf": 18.627657,
      "magpsf_corr": null,
      "magpsf_corr_ext": null,
      "magap": 18.7664,
      "magap_corr": null,
      "sigmapsf": 0.09809924,
      "sigmapsf_corr": null,
      "sigmapsf_corr_ext": null,
      "sigmagap": 0.1339,
      "sigmagap_corr": null,
      "ra": 28.632791,
      "dec": 17.6772334,
      "rb": 0.93857145,
      "rbversion": "t17_f5_c3",
      "drb": 0.9999999,
      "magapbig": 18.7397,
      "sigmagapbig": 0.1672,
      "rfid": 554120226,
      "has_stamp": true,
      "corrected": false,
      "dubious": false,
      "candid_alert": null,
      "step_id_corr": "1.2.0",
      "phase": 0.0,
      "parent_candid": null
    },
    {
      "tid": "ztf",
      "mjd": 60113.46506940015,
      "candid": "2359465062615015005",
      "fid": 2,
      "pid": 2359465062615,
      "diffmaglim": 19.83814,
      "isdiffpos": 1,
      "nid": 2359,
      "distnr": 4.4498925,
      "magpsf": 18.733868,
      "magpsf_corr": null,
      "magpsf_corr_ext": null,
      "magap": 18.9914,
      "magap_corr": null,
      "sigmapsf": 0.10726901,
      "sigmapsf_corr": null,
      "sigmapsf_corr_ext": null,
      "sigmagap": 0.1705,
      "sigmagap_corr": null,
      "ra": 28.6327563,
      "dec": 17.6772028,
      "rb": 0.92714286,
      "rbversion": "t17_f5_c3",
      "drb": 0.9999932,
      "magapbig": 19.0127,
      "sigmagapbig": 0.223,
      "rfid": 554120226,
      "has_stamp": true,
      "corrected": false,
      "dubious": false,
      "candid_alert": null,
      "step_id_corr": "1.2.0",
      "phase": 0.0,
      "parent_candid": null
    },
    {
      "tid": "ztf",
      "mjd": 60113.46703700023,
      "candid": "2359467032615015003",
      "fid": 2,
      "pid": 2359467032615,
      "diffmaglim": 19.79495,
      "isdiffpos": 1,
      "nid": 2359,
      "distnr": 4.599054,
      "magpsf": 18.648376,
      "magpsf_corr": null,
      "magpsf_corr_ext": null,
      "magap": 18.5473,
      "magap_corr": null,
      "sigmapsf": 0.08580736,
      "sigmapsf_corr": null,
      "sigmapsf_corr_ext": null,
      "sigmagap": 0.1129,
      "sigmagap_corr": null,
      "ra": 28.6328345,
      "dec": 17.6771977,
      "rb": 0.9042857,
      "rbversion": "t17_f5_c3",
      "drb": 0.9999997,
      "magapbig": 18.488,
      "sigmagapbig": 0.1369,
      "rfid": 554120226,
      "has_stamp": true,
      "corrected": false,
      "dubious": false,
      "candid_alert": null,
      "step_id_corr": "1.2.0",
      "phase": 0.0,
      "parent_candid": null
    },
    {
      "tid": "ztf",
      "mjd": 60113.46900459984,
      "candid": "2359469002615015003",
      "fid": 2,
      "pid": 2359469002615,
      "diffmaglim": 19.783348,
      "isdiffpos": 1,
      "nid": 2359,
      "distnr": 4.4187775,
      "magpsf": 18.712234,
      "magpsf_corr": null,
      "magpsf_corr_ext": null,
      "magap": 18.6319,
      "magap_corr": null,
      "sigmapsf": 0.0840128,
      "sigmapsf_corr": null,
      "sigmapsf_corr_ext": null,
      "sigmagap": 0.126,
      "sigmagap_corr": null,
      "ra": 28.632791,
      "dec": 17.6772317,
      "rb": 0.93,
      "rbversion": "t17_f5_c3",
      "drb": 0.99995863,