{
  "detections": [
    {
      "tid": "ztf",
      "mjd": 59848.51188659994,
      "candid": "2094511885915015002",
      "fid": 2,
      "pid": 2094511885915,
      "diffmaglim": 19.984367,
      "isdiffpos": 1,
      "nid": 2094,
      "distnr": 3.1506155,
      "magpsf": 19.33673,
      "magpsf_corr": null,
      "magpsf_corr_ext": null,
      "magap": 19.0376,
      "magap_corr": null,
      "sigmapsf": 0.18066594,
      "sigmapsf_corr": null,
      "sigmapsf_corr_ext": null,
      "sigmagap": 0.1772,
      "sigmagap_corr": null,
      "ra": 157.5478873,
      "dec": 43.3627683,
      "rb": 0.7885714,
      "rbversion": "t17_f5_c3",
      "drb": 0.99991655,
      "magapbig": 19.199,
      "sigmagapbig": 0.2587,
      "rfid": 712120259,
      "has_stamp": true,
      "corrected": false,
      "dubious": false,
      "candid_alert": null,
      "step_id_corr": "dev",
      "phase": 0.0,
      "parent_candid": null
    },
    {
      "tid": "ztf",
      "mjd": 59848.519270800054,
      "candid": "2094519275915015000",
      "fid": 2,
      "pid": 2094519275915,
      "diffmaglim": 19.814331,
      "isdiffpos": 1,
      "nid": 2094,
      "distnr": 2.8602445,
      "magpsf": 19.487724,
      "magpsf_corr": null,
      "magpsf_corr_ext": null,
      "magap": 19.7442,
      "magap_corr": null,
      "sigmapsf": 0.15752496,
      "sigmapsf_corr": null,
      "sigmapsf_corr_ext": null,
      "sigmagap": 0.3833,
      "sigmagap_corr": null,
      "ra": 157.5480132,
      "dec": 43.3628089,
      "rb": 0.87714285,
      "rbversion": "t17_f5_c3",
      "drb": 0.9999896,
      "magapbig": 19.6589,
      "sigmagapbig": 0.449,
      "rfid": 712120259,
      "has_stamp": true,
      "corrected": false,
      "dubious": false,
      "candid_alert": null,
      "step_id_corr": "dev",
      "phase": 0.0,
      "parent_candid": null
    },
    {
      "tid": "ztf",
      "mjd": 59851.51997689996,
      "candid": "2097519975915015000",
      "fid": 2,
      "pid": 2097519975915,
      "diffmaglim": 20.170889,
      "isdiffpos": 1,
      "nid": 2097,
      "distnr": 2.9604278,
      "magpsf": 19.577854,
      "magpsf_corr": null,
      "magpsf_corr_ext": null,
      "magap": 19.2722,
      "magap_corr": null,
      "sigmapsf": 0.14240259,
      "sigmapsf_corr": null,
      "sigmapsf_corr_ext": null,
      "sigmagap": 0.2034,
      "sigmagap_corr": null,
      "ra": 157.5479681,
      "dec": 43.3627461,
      "rb": 0.8314286,
      "rbversion": "t17_f5_c3",
      "drb": 0.99998766,
      "magapbig": 19.186,
      "sigmagapbig": 0.2353,
      "rfid": 712120259,
      "has_stamp": true,
      "corrected": false,
      "dubious": false,
      "candid_alert": null,
      "step_id_corr": "dev",
      "phase": 0.0,
      "parent_candid": null
    }
  ],
  "non_detections": [
    {
      "tid": "ztf",
      "mjd": 59848.50942130014,
      "fid": 2,
      "diffmaglim": 19.9353
    },
    {
      "tid": "ztf",
      "mjd": 59848.51434030011,
      "fid": 2,
      "diffmaglim": 19.9165
    },
    {
      "tid": "ztf",
      "mjd": 59848.51680559991,
      "fid": 2,
      "diffmaglim": 19.7625
    },
    {
      "tid": "ztf",
      "mjd": 59849.50784720015,
      "fid": 2,
      "diffmaglim": 19.964
    },
    {
      "tid": "ztf",
      "mjd": 59849.510289399885,
      "fid": 2,
      "diffmaglim": 19.8733
    },
    {
      "tid": "ztf",
      "mjd": 59849.51273149997,
      "fid": 2,
      "diffmaglim": 20.018
    },
    {
      "tid": "ztf",
      "mjd": 59849.515173600055,
      "fid": 2,
      "diffmaglim": 19.9391
    },
    {
      "tid": "ztf",
      "mjd": 59849.51762730023,
      "fid": 2,
      "diffmaglim": 19.7967
    },
    {
      "tid": "ztf",
      "mjd": 59850.50805559987,
      "fid": 2,
      "diffmaglim": 20.035
    },
    {
      "tid": "ztf",
      "mjd": 59850.51061340002,
      "fid": 2,
      "diffmaglim": 20.0481
    },
    {
      "tid": "ztf",
      "mjd": 59850.513148100115,
      "fid": 2,
      "diffmaglim": 19.8776
    },
    {
      "tid": "ztf",
      "mjd": 59850.51569439983,
      "fid": 2,
      "diffmaglim": 19.9658
    },
    {
      "tid": "ztf",
      "mjd": 59850.51827549981,
      "fid": 2,
      "diffmaglim": 19.9124
    },
    {
      "tid": "ztf",
      "mjd": 59851.50980320014,
      "fid": 2,
      "diffmaglim": 20.2082
    },
    {
      "tid": "ztf",
      "mjd": 59851.512349499855,
      "fid": 2,
      "diffmaglim": 20.1805
    },
    {
      "tid": "ztf",
      "mjd": 59851.514895800035,
      "fid": 2,
      "diffmaglim": 20.2338
    },
    {
      "tid": "ztf",
      "mjd": 59851.517442100216,
      "fid": 2,
      "diffmaglim": 20.2176
    }
  ],
  "forced_detections": []
}