{
  "detections": [
    {
      "tid": "ztf",
      "mjd": 60236.48218750022,
      "candid": "2482482185815015008",
      "fid": 2,
      "pid": 2482482185815,
      "diffmaglim": 19.8138,
      "isdiffpos": 1,
      "nid": 2482,
      "distnr": 2.00957,
      "magpsf": 20.1279,
      "magpsf_corr": null,
      "magpsf_corr_ext": null,
      "magap": 19.906,
      "magap_corr": null,
      "sigmapsf": 0.309119,
      "sigmapsf_corr": null,
      "sigmapsf_corr_ext": null,
      "sigmagap": 0.3471,
      "sigmagap_corr": null,
      "ra": 138.143062,
      "dec": -7.3249949,
      "rb": 0.244286,
      "rbversion": "t17_f5_c3",
      "drb": null,
      "magapbig": 19.6222,
      "sigmagapbig": 0.3443,
      "rfid": null,
      "has_stamp": false,
      "corrected": false,
      "dubious": false,
      "candid_alert": null,
      "step_id_corr": "1.2.1",
      "phase": 0.0,
      "parent_candid": 2484517585815015000
    },
    {
      "tid": "ztf",
      "mjd": 60238.51758099999,
      "candid": "2484517585815015003",
      "fid": 2,
      "pid": 2484517585815,
      "diffmaglim": 20.183613,
      "isdiffpos": 1,
      "nid": 2484,
      "distnr": 1.9782988,
      "magpsf": 20.031801,
      "magpsf_corr": null,
      "magpsf_corr_ext": null,
      "magap": 19.8808,
      "magap_corr": null,
      "sigmapsf": 0.18296452,
      "sigmapsf_corr": null,
      "sigmapsf_corr_ext": null,
      "sigmagap": 0.2901,
      "sigmagap_corr": null,
      "ra": 138.1430695,
      "dec": -7.3250979,
      "rb": 0.56142855,
      "rbversion": "t17_f5_c3",
      "drb": 0.9999162,
      "magapbig": 19.908,
      "sigmagapbig": 0.3832,
      "rfid": 364120258,
      "has_stamp": true,
      "corrected": false,
      "dubious": false,
      "candid_alert": null,
      "step_id_corr": "1.2.1",
      "phase": 0.0,
      "parent_candid": null
    },
    {
      "tid": "ztf",
      "mjd": 60253.50082179997,
      "candid": "2499500825815015003",
      "fid": 2,
      "pid": 2499500825815,
      "diffmaglim": 20.063805,
      "isdiffpos": 1,
      "nid": 2499,
      "distnr": 1.7543982,
      "magpsf": 19.818535,
      "magpsf_corr": null,
      "magpsf_corr_ext": null,
      "magap": 19.6829,
      "magap_corr": null,
      "sigmapsf": 0.17851089,
      "sigmapsf_corr": null,
      "sigmapsf_corr_ext": null,
      "sigmagap": 0.2783,
      "sigmagap_corr": null,
      "ra": 138.1431307,
      "dec": -7.3251187,
      "rb": 0.5914286,
      "rbversion": "t17_f5_c3",
      "drb": 0.99345416,
      "magapbig": 19.3156,
      "sigmagapbig": 0.2551,
      "rfid": 364120258,
      "has_stamp": true,
      "corrected": false,
      "dubious": false,
      "candid_alert": null,
      "step_id_corr": "1.2.1",
      "phase": 0.0,
      "parent_candid": null
    },
    {
      "tid": "ztf",
      "mjd": 60259.478703700006,
      "candid": "2505478705815015006",
      "fid": 2,
      "pid": 2505478705815,
      "diffmaglim": 20.1183,
      "isdiffpos": 1,
      "nid": 2505,
      "distnr": 1.7334,
      "magpsf": 19.952,
      "magpsf_corr": null,
      "magpsf_corr_ext": null,
      "magap": 20.0092,
      "magap_corr": null,
      "sigmapsf": 0.270221,
      "sigmapsf_corr": null,
      "sigmapsf_corr_ext": null,
      "sigmagap": 0.3377,
      "sigmagap_corr": null,
      "ra": 138.1431387,
      "dec": -7.3250136,
      "rb": 0.535714,
      "rbversion": "t17_f5_c3",
      "drb": null,
      "magapbig": 20.0901,
      "sigmagapbig": 0.4687,
      "rfid": null,
      "has_stamp": false,
      "corrected": false,
      "dubious": false,
      "candid_alert": null,
      "step_id_corr": "23.12.x",
      "phase": 0.0,
      "parent_candid": 2534435775815015008
    },
    {
      "tid": "ztf",
      "mjd": 60288.43577549979,
      "candid": "2534435775815015008",
      "fid": 2,
      "pid": 2534435775815,
      "diffmaglim": 20.159323,
      "isdiffpos": 1,
      "nid": 2534,
      "distnr": 1.7750717,
      "magpsf": 19.981838,
      "magpsf_corr": null,
      "magpsf_corr_ext": null,
      "magap": 19.963,
      "magap_corr": null,
      "sigmapsf": 0.21210334,
      "sigmapsf_corr": null,
      "sigmapsf_corr_ext": null,
      "sigmagap": 0.3072,
      "sigmagap_corr": null,
      "ra": 138.1431251,
      "dec": -7.3251241,
      "rb": 0.54,
      "rbversion": "t17_f5_c3",
      "drb": 0.999522,
      "magapbig": 19.8476,
      "sigmagapbig": 0.3562,
      "rfid": 364120258,
      "has_stamp": true,
      "corrected": false,
      "dubious": false,
      "candid_alert": null,
      "step_id_corr": "23.12.x",
      "phase": 0.0,
      "parent_candid": null
    }
  ],
  "non_detections": [
    {
      "tid": "ztf",
      "mjd": 60242.48353009997,
      "fid": 1,
      "diffmaglim": 20.5852
    },
    {
      "tid": "ztf",
      "mjd": 60242.503020800184,
      "fid": 2,
      "diffmaglim": 20.3528
    },
    {
      "tid": "ztf",
      "mjd": 60246.46934030019,
      "fid": 1,
      "diffmaglim": 18.4795
    },
    {
      "tid": "ztf",
      "mjd": 60248.48298610002,
      "fid": 2,
      "diffmaglim": 18.9459
    },
    {
      "tid": "ztf",
      "mjd": 60248.50924770022,
      "fid": 1,
      "diffmaglim": 18.8842
    },
    {
      "tid": "ztf",
      "mjd": 60250.47807870014,
      "fid": 1,
      "diffmaglim": 19.5871
    },
    {
      "tid": "ztf",
      "mjd": 60251.505868100096,
      "fid": 1,
      "diffmaglim": 19.7248
    },
    {
      "tid": "ztf",
      "mjd": 60253.464236100204,
      "fid": 1,
      "diffmaglim": 19.7693
    },
    {
      "tid": "ztf",
      "mjd": 60259.42116900021,
      "fid": 1,
      "diffmaglim": 19.6347
    },
    {
      "tid": "ztf",
      "mjd": 60261.47858799994,
      "fid": 1,
      "diffmaglim": 19.8585
    },
    {
      "tid": "ztf",
      "mjd": 60261.50387729984,
      "fid": 2,
      "diffmaglim": 19.6363
    },
    {
      "tid": "ztf",
      "mjd": 60287.35762730008,
      "fid": 2,
      "diffmaglim": 19.3112
    }
  ],
  "forced_detections": [
    {
      "candid": "ZTF23abmrwhw2533357625815",
      "tid": "ztf",
      "pid": 2533357625815,
      "oid": "ZTF23abmrwhw",
      "mjd": 60287.35762730008,
      "fid": 2,
      "ra": 138.1431251,
      "e_ra": null,
      "dec": -7.3251241,
      "e_dec": null,
      "mag": 19.846506118774414,
      "e_mag": 0.2405342161655426,
      "mag_corr": null,
      "e_mag_corr": null,
      "e_mag_corr_ext": null,
      "isdiffpos": 1,
      "corrected": false,
      "dubious": false,
      "parent_candid": 2534435775815015008,
      "has_stamp": false,
      "scibckgnd": 347.92999267578125,
      "exptime": 30.0,
      "magnr": 20.47800064086914,
      "scisigpix": 8.623800277709961,
      "adpctdif1": 0.13168899714946747,
      "sigmagnr": 0.11400000005960464,
      "magzpsci": 26.20800018310547,
      "adpctdif2": 0.1051120012998581,
      "chinr": 3.3380000591278076,
      "diffmaglim": 19.311199188232422,
      "programid": 1,
      "sharpnr": 0.4320000112056732,
      "field": 364,
      "magzpsciunc": 1.3191200196160935e-05,
      "procstatus": "0",
      "rcid": 58,
      "magzpscirms": 0.04359219968318939,
      "distnr": 1.7978630065917969,
      "rfid": 364120258,
      "clrcoeff": 0.09716060012578964,
      "ranr": 138.1436309814453,
      "sciinpseeing": 4.761199951171875,
      "clrcounc": 2.3802600480848923e-05,
      "decnr": -7.325077533721924
    },
    {
      "candid": "ZTF23abmrwhw2507503875815",
      "tid": "ztf",
      "pid": 2507503875815,
      "oid": "ZTF23abmrwhw",
      "mjd": 60261.50387729984,
      "fid": 2,
      "ra": 138.1431251,
      "e_ra": null,
      "dec": -7.3251241,
      "e_dec": null,
      "mag": 20.190689086914062,
      "e_mag": 0.2357395738363266,
      "mag_corr": null,
      "e_mag_corr": null,
      "e_mag_corr_ext": null,
      "isdiffpos": 1,
      "corrected": false,
      "dubious": false,
      "parent_candid": 2534435775815015008,
      "has_stamp": false,
      "scibckgnd": 235.87399291992188,
      "exptime": 30.0,