{
  "detections": [
    {
      "tid": "ztf",
      "mjd": 59600.49939810019,
      "candid": "1846499391115015005",
      "fid": 2,
      "pid": 1846499391115,
      "diffmaglim": 19.502253,
      "isdiffpos": 1,
      "nid": 1846,
      "distnr": 1.8503168,
      "magpsf": 18.735683,
      "magpsf_corr": null,
      "magpsf_corr_ext": null,
      "magap": 19.1576,
      "magap_corr": null,
      "sigmapsf": 0.1289059,
      "sigmapsf_corr": null,
      "sigmapsf_corr_ext": null,
      "sigmagap": 0.2625,
      "sigmagap_corr": null,
      "ra": 216.2864926,
      "dec": -13.1575059,
      "rb": 0.9085714,
      "rbversion": "t17_f5_c3",
      "drb": 0.9999963,
      "magapbig": 18.9929,
      "sigmagapbig": 0.2895,
      "rfid": 375120211,
      "has_stamp": true,
      "corrected": false,
      "dubious": false,
      "candid_alert": null,
      "step_id_corr": "correction_1.0.6",
      "phase": 0.0,
      "parent_candid": null
    },
    {
      "tid": "ztf",
      "mjd": 59623.40018519992,
      "candid": "1869400181115015011",
      "fid": 2,
      "pid": 1869400181115,
      "diffmaglim": 19.432543,
      "isdiffpos": 1,
      "nid": 1869,
      "distnr": 2.243401,
      "magpsf": 19.21939,
      "magpsf_corr": null,
      "magpsf_corr_ext": null,
      "magap": 19.2107,
      "magap_corr": null,
      "sigmapsf": 0.17713864,
      "sigmapsf_corr": null,
      "sigmapsf_corr_ext": null,
      "sigmagap": 0.2958,
      "sigmagap_corr": null,
      "ra": 216.2866086,
      "dec": -13.1574841,
      "rb": 0.9114286,
      "rbversion": "t17_f5_c3",
      "drb": 0.9999443,
      "magapbig": 19.3639,
      "sigmagapbig": 0.4366,
      "rfid": 375120211,
      "has_stamp": true,
      "corrected": false,
      "dubious": false,
      "candid_alert": null,
      "step_id_corr": "correction_1.0.6",
      "phase": 0.0,
      "parent_candid": null
    },
    {
      "tid": "ztf",
      "mjd": 59625.41821759986,
      "candid": "1871418211115015008",
      "fid": 2,
      "pid": 1871418211115,
      "diffmaglim": 19.295391,
      "isdiffpos": 1,
      "nid": 1871,
      "distnr": 1.9131597,
      "magpsf": 19.002876,
      "magpsf_corr": null,
      "magpsf_corr_ext": null,
      "magap": 19.4675,
      "magap_corr": null,
      "sigmapsf": 0.12918964,
      "sigmapsf_corr": null,
      "sigmapsf_corr_ext": null,
      "sigmagap": 0.3942,
      "sigmagap_corr": null,
      "ra": 216.2865098,
      "dec": -13.1574938,
      "rb": 0.8857143,
      "rbversion": "t17_f5_c3",
      "drb": 0.999996,
      "magapbig": 19.2231,
      "sigmagapbig": 0.4039,
      "rfid": 375120211,
      "has_stamp": true,
      "corrected": false,
      "dubious": false,
      "candid_alert": null,
      "step_id_corr": "correction_1.0.6",
      "phase": 0.0,
      "parent_candid": null
    },
    {
      "tid": "ztf",
      "mjd": 59637.41952549992,
      "candid": "1883419521115015008",
      "fid": 2,
      "pid": 1883419521115,
      "diffmaglim": 19.628267,
      "isdiffpos": 1,
      "nid": 1883,
      "distnr": 2.3761528,
      "magpsf": 19.228031,
      "magpsf_corr": null,
      "magpsf_corr_ext": null,
      "magap": 19.5511,
      "magap_corr": null,
      "sigmapsf": 0.14452463,
      "sigmapsf_corr": null,
      "sigmapsf_corr_ext": null,
      "sigmagap": 0.3383,
      "sigmagap_corr": null,
      "ra": 216.2866011,
      "dec": -13.1573799,
      "rb": 0.8842857,
      "rbversion": "t17_f5_c3",
      "drb": 0.99997705,
      "magapbig": 19.4045,
      "sigmagapbig": 0.3789,
      "rfid": 375120211,
      "has_stamp": true,
      "corrected": false,
      "dubious": false,
      "candid_alert": null,
      "step_id_corr": "correction_1.0.6",
      "phase": 0.0,
      "parent_candid": null
    },
    {
      "tid": "ztf",
      "mjd": 59639.45995370019,
      "candid": "1885459951115015012",
      "fid": 2,
      "pid": 1885459951115,
      "diffmaglim": 19.81769,
      "isdiffpos": 1,
      "nid": 1885,
      "distnr": 2.244921,
      "magpsf": 19.192478,
      "magpsf_corr": null,
      "magpsf_corr_ext": null,
      "magap": 19.3047,
      "magap_corr": null,
      "sigmapsf": 0.12550122,
      "sigmapsf_corr": null,
      "sigmapsf_corr_ext": null,
      "sigmagap": 0.1855,
      "sigmagap_corr": null,
      "ra": 216.2865902,
      "dec": -13.1574405,
      "rb": 0.6842857,
      "rbversion": "t17_f5_c3",
      "drb": 0.9998897,
      "magapbig": 19.4695,
      "sigmagapbig": 0.2755,
      "rfid": 375120211,
      "has_stamp": true,
      "corrected": false,
      "dubious": false,
      "candid_alert": null,
      "step_id_corr": "correction_1.0.6",
      "phase": 0.0,
      "parent_candid": null
    },
    {
      "tid": "ztf",
      "mjd": 59673.357233799994,
      "candid": "1919357231115015017",
      "fid": 2,
      "pid": 1919357231115,
      "diffmaglim": 20.136337,
      "isdiffpos": 1,
      "nid": 1919,
      "distnr": 1.9162036,
      "magpsf": 19.44922,
      "magpsf_corr": null,
      "magpsf_corr_ext": null,
      "magap": 19.5382,
      "magap_corr": null,
      "sigmapsf": 0.13235785,
      "sigmapsf_corr": null,
      "sigmapsf_corr_ext": null,
      "sigmagap": 0.2316,
      "sigmagap_corr": null,
      "ra": 216.2864959,
      "dec": -13.1574614,
      "rb": 0.91,
      "rbversion": "t17_f5_c3",
      "drb": 0.9999937,
      "magapbig": 19.3347,
      "sigmagapbig": 0.2455,
      "rfid": 375120211,
      "has_stamp": true,
      "corrected": false,
      "dubious": false,
      "candid_alert": null,
      "step_id_corr": "correction_1.0.6",
      "phase": 0.0,
      "parent_candid": null
    },
    {
      "tid": "ztf",
      "mjd": 59675.399756900035,
      "candid": "1921399751115015015",
      "fid": 2,
      "pid": 1921399751115,
      "diffmaglim": 20.153395,
      "isdiffpos": 1,
      "nid": 1921,
      "distnr": 2.0917618,
      "magpsf": 19.546284,
      "magpsf_corr": null,
      "magpsf_corr_ext": null,
      "magap": 19.5607,
      "magap_corr": null,
      "sigmapsf": 0.12139261,
      "sigmapsf_corr": null,
      "sigmapsf_corr_ext": null,
      "sigmagap": 0.2446,
      "sigmagap_corr": null,
      "ra": 216.2865557,
      "dec": -13.1574727,
      "rb": 0.88,
      "rbversion": "t17_f5_c3",
      "drb": 0.99905837,
      "magapbig": 19.5239,
      "sigmagapbig": 0.302,
      "rfid": 375120211,
      "has_stamp": true,
      "corrected": false,
      "dubious": false,
      "candid_alert": null,
      "step_id_corr": "correction_1.0.6",
      "phase": 0.0,
      "parent_candid": null
    },
    {
      "tid": "ztf",
      "mjd": 59677.396226900164,
      "candid": "1923396221115015010",
      "fid": 2,
      "pid": 1923396221115,
      "diffmaglim": 19.807013,
      "isdiffpos": 1,
      "nid": 1923,
      "distnr": 2.179173,
      "magpsf": 19.53566,
      "magpsf_corr": null,
      "magpsf_corr_ext": null,
      "magap": 19.3625,
      "magap_corr": null,
      "sigmapsf": 0.1602334,
      "sigmapsf_corr": null,
      "sigmapsf_corr_ext": null,
      "sigmagap": 0.2237,
      "sigmagap_corr": null,
      "ra": 216.2866035,
      "dec": -13.1575283,
      "rb": 0.71428573,
      "rbversion": "t17_f5_c3",
      "drb": 0.9997195,
      "magapbig": 19.1608,
      "sigmagapbig": 0.2377,
      "rfid": 375120211,
      "has_stamp": true,
      "corrected": false,
      "dubious": false,
      "candid_alert": null,
      "step_id_corr": "correction_1.0.6",
      "phase": 0.0,
      "parent_candid": null
    },
    {
      "tid": "ztf",
      "mjd": 59679.35817130003,
      "candid": "1925358171115015015",
      "fid": 2,
      "pid": 1925358171115,
      "diffmaglim": 19.891012,
      "isdiffpos": 1,
      "nid": 1925,
      "distnr": 1.827429,
      "magpsf": 19.513462,
      "magpsf_corr": null,
      "magpsf_corr_ext": null,
      "magap": 19.5957,
      "magap_corr": null,
      "sigmapsf": 0.17700107,
      "sigmapsf_corr": null,
      "sigmapsf_corr_ext": null,
      "sigmagap": 0.2693,
      "sigmagap_corr": null,