{
  "detections": [
    {
      "tid": "ztf",
      "mjd": 59877.14922450017,
      "candid": "2123149225915015007",
      "fid": 2,
      "pid": 2123149225915,
      "diffmaglim": 19.806417,
      "isdiffpos": 1,
      "nid": 2123,
      "distnr": 1.2418236,
      "magpsf": 19.031643,
      "magpsf_corr": 18.318022,
      "magpsf_corr_ext": null,
      "magap": 19.2156,
      "magap_corr": null,
      "sigmapsf": 0.11153057,
      "sigmapsf_corr": 0.044728957,
      "sigmapsf_corr_ext": 0.05780234,
      "sigmagap": 0.2165,
      "sigmagap_corr": null,
      "ra": 316.1018501,
      "dec": -21.7777569,
      "rb": 0.92714286,
      "rbversion": "t17_f5_c3",
      "drb": 0.9999887,
      "magapbig": 19.1701,
      "sigmagapbig": 0.2676,
      "rfid": 288120259,
      "has_stamp": true,
      "corrected": true,
      "dubious": false,
      "candid_alert": null,
      "step_id_corr": "1.1.6",
      "phase": 0.0,
      "parent_candid": null
    },
    {
      "tid": "ztf",
      "mjd": 59879.126377299894,
      "candid": "2125126375915015011",
      "fid": 2,
      "pid": 2125126375915,
      "diffmaglim": 20.052355,
      "isdiffpos": 1,
      "nid": 2125,
      "distnr": 1.4873639,
      "magpsf": 18.282387,
      "magpsf_corr": null,
      "magpsf_corr_ext": null,
      "magap": 18.3862,
      "magap_corr": null,
      "sigmapsf": 0.067477114,
      "sigmapsf_corr": null,
      "sigmapsf_corr_ext": null,
      "sigmagap": 0.0888,
      "sigmagap_corr": null,
      "ra": 316.101855,
      "dec": -21.7776791,
      "rb": 0.9514286,
      "rbversion": "t17_f5_c3",
      "drb": 0.99999994,
      "magapbig": 18.4928,
      "sigmagapbig": 0.1253,
      "rfid": 288120259,
      "has_stamp": true,
      "corrected": false,
      "dubious": true,
      "candid_alert": null,
      "step_id_corr": "1.1.6",
      "phase": 0.0,
      "parent_candid": null
    },
    {
      "tid": "ztf",
      "mjd": 59879.19671300007,
      "candid": "2125196715915015009",
      "fid": 1,
      "pid": 2125196715915,
      "diffmaglim": 19.696905,
      "isdiffpos": 1,
      "nid": 2125,
      "distnr": 0.84166336,
      "magpsf": 18.02347,
      "magpsf_corr": 17.886024,
      "magpsf_corr_ext": null,
      "magap": 18.02,
      "magap_corr": null,
      "sigmapsf": 0.076281555,
      "sigmapsf_corr": 0.06689216,
      "sigmapsf_corr_ext": 0.0672111,
      "sigmagap": 0.0647,
      "sigmagap_corr": null,
      "ra": 316.1018657,
      "dec": -21.7776661,
      "rb": 0.83428574,
      "rbversion": "t17_f5_c3",
      "drb": 0.99998486,
      "magapbig": 18.0219,
      "sigmagapbig": 0.0826,
      "rfid": 288120159,
      "has_stamp": true,
      "corrected": true,
      "dubious": false,
      "candid_alert": null,
      "step_id_corr": "1.1.6",
      "phase": 0.0,
      "parent_candid": null
    },
    {
      "tid": "ztf",
      "mjd": 59881.11065969989,
      "candid": "2127110655915015011",
      "fid": 1,
      "pid": 2127110655915,
      "diffmaglim": 19.988876,
      "isdiffpos": 1,
      "nid": 2127,
      "distnr": 0.86859787,
      "magpsf": 17.90659,
      "magpsf_corr": 17.7824,
      "magpsf_corr_ext": null,
      "magap": 17.859,
      "magap_corr": null,
      "sigmapsf": 0.05920814,
      "sigmapsf_corr": 0.052473053,
      "sigmapsf_corr_ext": 0.05280871,
      "sigmagap": 0.0509,
      "sigmagap_corr": null,
      "ra": 316.1018528,
      "dec": -21.7776734,
      "rb": 0.9342857,
      "rbversion": "t17_f5_c3",
      "drb": 0.9999996,
      "magapbig": 17.8447,
      "sigmagapbig": 0.0639,
      "rfid": 288120159,
      "has_stamp": true,
      "corrected": true,
      "dubious": false,
      "candid_alert": null,
      "step_id_corr": "1.1.6",
      "phase": 0.0,
      "parent_candid": null
    },
    {
      "tid": "ztf",
      "mjd": 59883.10598379979,
      "candid": "2129105985915015010",
      "fid": 2,
      "pid": 2129105985915,
      "diffmaglim": 19.744331,
      "isdiffpos": 1,
      "nid": 2129,
      "distnr": 1.4507349,
      "magpsf": 17.91132,
      "magpsf_corr": null,
      "magpsf_corr_ext": null,
      "magap": 17.9667,
      "magap_corr": null,
      "sigmapsf": 0.067395195,
      "sigmapsf_corr": null,
      "sigmapsf_corr_ext": null,
      "sigmagap": 0.0757,
      "sigmagap_corr": null,
      "ra": 316.1018665,
      "dec": -21.7776928,
      "rb": 0.92,
      "rbversion": "t17_f5_c3",
      "drb": 0.9999994,
      "magapbig": 17.8808,
      "sigmagapbig": 0.0896,
      "rfid": 288120259,
      "has_stamp": true,
      "corrected": false,
      "dubious": true,
      "candid_alert": null,
      "step_id_corr": "1.1.6",
      "phase": 0.0,
      "parent_candid": null
    },
    {
      "tid": "ztf",
      "mjd": 59883.14893520018,
      "candid": "2129148935915015006",
      "fid": 1,
      "pid": 2129148935915,
      "diffmaglim": 19.590256,
      "isdiffpos": 1,
      "nid": 2129,
      "distnr": 0.8599732,
      "magpsf": 17.852827,
      "magpsf_corr": 17.734322,
      "magpsf_corr_ext": null,
      "magap": 17.9731,
      "magap_corr": null,
      "sigmapsf": 0.06952685,
      "sigmapsf_corr": 0.06207768,
      "sigmapsf_corr_ext": 0.06233764,
      "sigmagap": 0.0754,
      "sigmagap_corr": null,
      "ra": 316.1018624,
      "dec": -21.7776637,
      "rb": 0.9357143,
      "rbversion": "t17_f5_c3",
      "drb": 0.9999993,
      "magapbig": 17.9541,
      "sigmagapbig": 0.0947,
      "rfid": 288120159,
      "has_stamp": true,
      "corrected": true,
      "dubious": false,
      "candid_alert": null,
      "step_id_corr": "1.1.6",
      "phase": 0.0,
      "parent_candid": null
    },
    {
      "tid": "ztf",
      "mjd": 59887.13190970011,
      "candid": "2133131905915015004",
      "fid": 2,
      "pid": 2133131905915,
      "diffmaglim": 19.196396,
      "isdiffpos": 1,
      "nid": 2133,
      "distnr": 1.4611597,
      "magpsf": 17.867598,
      "magpsf_corr": null,
      "magpsf_corr_ext": null,
      "magap": 17.8518,
      "magap_corr": null,
      "sigmapsf": 0.074144326,
      "sigmapsf_corr": null,
      "sigmapsf_corr_ext": null,
      "sigmagap": 0.0986,
      "sigmagap_corr": null,
      "ra": 316.1018546,
      "dec": -21.7776931,
      "rb": 0.9242857,
      "rbversion": "t17_f5_c3",
      "drb": 0.99999976,
      "magapbig": 17.8261,
      "sigmagapbig": 0.1236,
      "rfid": 288120259,
      "has_stamp": true,
      "corrected": false,
      "dubious": true,
      "candid_alert": null,
      "step_id_corr": "1.1.6",
      "phase": 0.0,
      "parent_candid": null
    },
    {
      "tid": "ztf",
      "mjd": 59888.10753470007,
      "candid": "2134107535915015010",
      "fid": 2,
      "pid": 2134107535915,
      "diffmaglim": 18.216,
      "isdiffpos": 1,
      "nid": 2134,
      "distnr": 1.50978,
      "magpsf": 17.881,
      "magpsf_corr": null,
      "magpsf_corr_ext": null,
      "magap": 17.5849,
      "magap_corr": null,
      "sigmapsf": 0.157858,
      "sigmapsf_corr": null,
      "sigmapsf_corr_ext": null,
      "sigmagap": 0.1439,
      "sigmagap_corr": null,
      "ra": 316.101847,
      "dec": -21.7776807,
      "rb": 0.315714,
      "rbversion": "t17_f5_c3",
      "drb": null,
      "magapbig": 17.5652,
      "sigmagapbig": 0.1815,
      "rfid": null,
      "has_stamp": false,
      "corrected": false,
      "dubious": true,
      "candid_alert": null,
      "step_id_corr": "1.1.6",
      "phase": 0.0,
      "parent_candid": 2136128265915015000
    },
    {
      "tid": "ztf",
      "mjd": 59890.12826390006,
      "candid": "2136128265915015004",
      "fid": 1,
      "pid": 2136128265915,
      "diffmaglim": 19.14812,
      "isdiffpos": 1,
      "nid": 2136,
      "distnr": 0.7565197,
      "magpsf": 17.99221,
      "magpsf_corr": 17.858435,
      "magpsf_corr_ext": null,
      "magap": 18.0776,
      "magap_corr": null,
      "sigmapsf": 0.080956794,
      "sigmapsf_corr": 0.07128739,
      "sigmapsf_corr_ext": 0.07157195,
      "sigmagap": 0.1283,
      "sigmagap_corr": null,