{
  "detections": [
    {
      "tid": "ztf",
      "mjd": 60162.196840300225,
      "candid": "2408196842015015003",
      "fid": 1,
      "pid": 2408196842015,
      "diffmaglim": 20.202501,
      "isdiffpos": 1,
      "nid": 2408,
      "distnr": 0.5413539,
      "magpsf": 18.582003,
      "magpsf_corr": 17.794378,
      "magpsf_corr_ext": null,
      "magap": 18.4969,
      "magap_corr": null,
      "sigmapsf": 0.09056014,
      "sigmapsf_corr": 100.0,
      "sigmapsf_corr_ext": 0.043841705,
      "sigmagap": 0.0805,
      "sigmagap_corr": null,
      "ra": 209.7401823,
      "dec": 61.681351,
      "rb": 0.92,
      "rbversion": "t17_f5_c3",
      "drb": 0.9993404,
      "magapbig": 18.5119,
      "sigmagapbig": 0.1006,
      "rfid": 821120120,
      "has_stamp": true,
      "corrected": true,
      "dubious": false,
      "candid_alert": null,
      "step_id_corr": "1.2.0",
      "phase": 0.0,
      "parent_candid": null
    },
    {
      "tid": "ztf",
      "mjd": 60164.18370370008,
      "candid": "2410183702015015008",
      "fid": 1,
      "pid": 2410183702015,
      "diffmaglim": 20.385105,
      "isdiffpos": 1,
      "nid": 2410,
      "distnr": 0.40996608,
      "magpsf": 18.597233,
      "magpsf_corr": 17.801725,
      "magpsf_corr_ext": null,
      "magap": 18.5295,
      "magap_corr": null,
      "sigmapsf": 0.08414878,
      "sigmapsf_corr": 100.0,
      "sigmapsf_corr_ext": 0.040443126,
      "sigmagap": 0.0823,
      "sigmagap_corr": null,
      "ra": 209.7402398,
      "dec": 61.6813781,
      "rb": 0.8857143,
      "rbversion": "t17_f5_c3",
      "drb": 0.99978197,
      "magapbig": 18.4896,
      "sigmagapbig": 0.0976,
      "rfid": 821120120,
      "has_stamp": true,
      "corrected": true,
      "dubious": false,
      "candid_alert": null,
      "step_id_corr": "1.2.0",
      "phase": 0.0,
      "parent_candid": null
    },
    {
      "tid": "ztf",
      "mjd": 60166.1869907002,
      "candid": "2412186992015015004",
      "fid": 1,
      "pid": 2412186992015,
      "diffmaglim": 20.405098,
      "isdiffpos": 1,
      "nid": 2412,
      "distnr": 0.4547463,
      "magpsf": 18.722763,
      "magpsf_corr": 17.860249,
      "magpsf_corr_ext": null,
      "magap": 18.7729,
      "magap_corr": null,
      "sigmapsf": 0.10177023,
      "sigmapsf_corr": 100.0,
      "sigmapsf_corr_ext": 0.045984883,
      "sigmagap": 0.0949,
      "sigmagap_corr": null,
      "ra": 209.7402304,
      "dec": 61.6813605,
      "rb": 0.89285713,
      "rbversion": "t17_f5_c3",
      "drb": 0.98726094,
      "magapbig": 18.6954,
      "sigmagapbig": 0.1082,
      "rfid": 821120120,
      "has_stamp": true,
      "corrected": true,
      "dubious": false,
      "candid_alert": null,
      "step_id_corr": "1.2.0",
      "phase": 0.0,
      "parent_candid": null
    },
    {
      "tid": "ztf",
      "mjd": 60172.2278355998,
      "candid": "2418227832015015004",
      "fid": 1,
      "pid": 2418227832015,
      "diffmaglim": 20.13448,
      "isdiffpos": 1,
      "nid": 2418,
      "distnr": 0.38459954,
      "magpsf": 19.07355,
      "magpsf_corr": 18.00492,
      "magpsf_corr_ext": null,
      "magap": 18.8276,
      "magap_corr": null,
      "sigmapsf": 0.10286491,
      "sigmapsf_corr": 100.0,
      "sigmapsf_corr_ext": 0.038442824,
      "sigmagap": 0.13,
      "sigmagap_corr": null,
      "ra": 209.740249,
      "dec": 61.6813825,
      "rb": 0.87,
      "rbversion": "t17_f5_c3",
      "drb": 0.99914336,
      "magapbig": 18.7158,
      "sigmagapbig": 0.1462,
      "rfid": 821120120,
      "has_stamp": true,
      "corrected": true,
      "dubious": false,
      "candid_alert": null,
      "step_id_corr": "1.2.0",
      "phase": 0.0,
      "parent_candid": null
    }
  ],
  "non_detections": [
    {
      "tid": "ztf",
      "mjd": 60132.200277800206,
      "fid": 2,
      "diffmaglim": 20.5471
    },
    {
      "tid": "ztf",
      "mjd": 60135.24196759984,
      "fid": 1,
      "diffmaglim": 20.3856
    },
    {
      "tid": "ztf",
      "mjd": 60135.28763889987,
      "fid": 2,
      "diffmaglim": 20.3425
    },
    {
      "tid": "ztf",
      "mjd": 60137.22505789995,
      "fid": 1,
      "diffmaglim": 20.5581
    },
    {
      "tid": "ztf",
      "mjd": 60137.24370370014,
      "fid": 2,
      "diffmaglim": 20.3878
    },
    {
      "tid": "ztf",
      "mjd": 60139.222916699946,
      "fid": 1,
      "diffmaglim": 20.5362
    },
    {
      "tid": "ztf",
      "mjd": 60139.259884300176,
      "fid": 2,
      "diffmaglim": 20.2506
    },
    {
      "tid": "ztf",
      "mjd": 60141.22629630007,
      "fid": 1,
      "diffmaglim": 20.4707
    },
    {
      "tid": "ztf",
      "mjd": 60141.24265050003,
      "fid": 2,
      "diffmaglim": 20.4066
    },
    {
      "tid": "ztf",
      "mjd": 60159.2581944,
      "fid": 2,
      "diffmaglim": 19.5231
    },
    {
      "tid": "ztf",
      "mjd": 60162.24163189996,
      "fid": 2,
      "diffmaglim": 20.1061
    },
    {
      "tid": "ztf",
      "mjd": 60170.24063660018,
      "fid": 1,
      "diffmaglim": 19.9296
    },
    {
      "tid": "ztf",
      "mjd": 60172.18047450017,
      "fid": 2,
      "diffmaglim": 20.2704
    }
  ],
  "forced_detections": []
}