{
  "detections": [
    {
      "tid": "ztf",
      "mjd": 59977.47592590004,
      "candid": "2223475922215015002",
      "fid": 2,
      "pid": 2223475922215,
      "diffmaglim": 20.007084,
      "isdiffpos": 1,
      "nid": 2223,
      "distnr": 2.1921172,
      "magpsf": 18.838211,
      "magpsf_corr": null,
      "magpsf_corr_ext": null,
      "magap": 18.8933,
      "magap_corr": null,
      "sigmapsf": 0.0945437,
      "sigmapsf_corr": null,
      "sigmapsf_corr_ext": null,
      "sigmagap": 0.1381,
      "sigmagap_corr": null,
      "ra": 211.2391395,
      "dec": 25.0252402,
      "rb": 0.95857143,
      "rbversion": "t17_f5_c3",
      "drb": 0.99999774,
      "magapbig": 18.8165,
      "sigmagapbig": 0.1626,
      "rfid": 628120222,
      "has_stamp": true,
      "corrected": false,
      "dubious": false,
      "candid_alert": null,
      "step_id_corr": "1.1.6",
      "phase": 0.0,
      "parent_candid": null
    },
    {
      "tid": "ztf",
      "mjd": 59985.4540856001,
      "candid": "2231454082215015003",
      "fid": 1,
      "pid": 2231454082215,
      "diffmaglim": 19.657043,
      "isdiffpos": 1,
      "nid": 2231,
      "distnr": 1.8753631,
      "magpsf": 17.75004,
      "magpsf_corr": null,
      "magpsf_corr_ext": null,
      "magap": 17.7487,
      "magap_corr": null,
      "sigmapsf": 0.061195344,
      "sigmapsf_corr": null,
      "sigmapsf_corr_ext": null,
      "sigmagap": 0.0563,
      "sigmagap_corr": null,
      "ra": 211.2391689,
      "dec": 25.0252464,
      "rb": 0.9442857,
      "rbversion": "t17_f5_c3",
      "drb": 0.9999858,
      "magapbig": 17.7158,
      "sigmagapbig": 0.0693,
      "rfid": 628120122,
      "has_stamp": true,
      "corrected": false,
      "dubious": false,
      "candid_alert": null,
      "step_id_corr": "1.1.6",
      "phase": 0.0,
      "parent_candid": null
    },
    {
      "tid": "ztf",
      "mjd": 59985.49771990022,
      "candid": "2231497712215015003",
      "fid": 2,
      "pid": 2231497712215,
      "diffmaglim": 19.943056,
      "isdiffpos": 1,
      "nid": 2231,
      "distnr": 2.107244,
      "magpsf": 17.923086,
      "magpsf_corr": null,
      "magpsf_corr_ext": null,
      "magap": 18.0233,
      "magap_corr": null,
      "sigmapsf": 0.06845054,
      "sigmapsf_corr": null,
      "sigmapsf_corr_ext": null,
      "sigmagap": 0.0657,
      "sigmagap_corr": null,
      "ra": 211.2391558,
      "dec": 25.0252605,
      "rb": 0.9628571,
      "rbversion": "t17_f5_c3",
      "drb": 0.9999958,
      "magapbig": 18.0292,
      "sigmagapbig": 0.0833,
      "rfid": 628120222,
      "has_stamp": true,
      "corrected": false,
      "dubious": false,
      "candid_alert": null,
      "step_id_corr": "1.1.6",
      "phase": 0.0,
      "parent_candid": null
    },
    {
      "tid": "ztf",
      "mjd": 59994.52359949984,
      "candid": "2240523592215015006",
      "fid": 1,
      "pid": 2240523592215,
      "diffmaglim": 20.60635,
      "isdiffpos": 1,
      "nid": 2240,
      "distnr": 1.8699358,
      "magpsf": 17.49272,
      "magpsf_corr": null,
      "magpsf_corr_ext": null,
      "magap": 17.4597,
      "magap_corr": null,
      "sigmapsf": 0.043782204,
      "sigmapsf_corr": null,
      "sigmapsf_corr_ext": null,
      "sigmagap": 0.0236,
      "sigmagap_corr": null,
      "ra": 211.23917,
      "dec": 25.0252517,
      "rb": 0.94285715,
      "rbversion": "t17_f5_c3",
      "drb": 0.9999987,
      "magapbig": 17.4596,
      "sigmagapbig": 0.0286,
      "rfid": 628120122,
      "has_stamp": true,
      "corrected": false,
      "dubious": false,
      "candid_alert": null,
      "step_id_corr": "1.1.6",
      "phase": 0.0,
      "parent_candid": null
    },
    {
      "tid": "ztf",
      "mjd": 60016.39093750017,
      "candid": "2262390932215015001",
      "fid": 2,
      "pid": 2262390932215,
      "diffmaglim": 18.976414,
      "isdiffpos": 1,
      "nid": 2262,
      "distnr": 2.0175974,
      "magpsf": 18.210794,
      "magpsf_corr": null,
      "magpsf_corr_ext": null,
      "magap": 18.1485,
      "magap_corr": null,
      "sigmapsf": 0.116417825,
      "sigmapsf_corr": null,
      "sigmapsf_corr_ext": null,
      "sigmagap": 0.1631,
      "sigmagap_corr": null,
      "ra": 211.2391355,
      "dec": 25.0252869,
      "rb": 0.8914286,
      "rbversion": "t17_f5_c3",
      "drb": 0.9999814,
      "magapbig": 18.0124,
      "sigmagapbig": 0.1841,
      "rfid": 628120222,
      "has_stamp": true,
      "corrected": false,
      "dubious": false,
      "candid_alert": null,
      "step_id_corr": "1.1.6",
      "phase": 0.0,
      "parent_candid": null
    },
    {
      "tid": "ztf",
      "mjd": 60016.411863400135,
      "candid": "2262411862215015002",
      "fid": 1,
      "pid": 2262411862215,
      "diffmaglim": 19.81902,
      "isdiffpos": 1,
      "nid": 2262,
      "distnr": 1.8531197,
      "magpsf": 18.246922,
      "magpsf_corr": null,
      "magpsf_corr_ext": null,
      "magap": 18.1659,
      "magap_corr": null,
      "sigmapsf": 0.08232862,
      "sigmapsf_corr": null,
      "sigmapsf_corr_ext": null,
      "sigmagap": 0.0816,
      "sigmagap_corr": null,
      "ra": 211.239187,
      "dec": 25.0252581,
      "rb": 0.97,
      "rbversion": "t17_f5_c3",
      "drb": 0.9999999,
      "magapbig": 18.1485,
      "sigmagapbig": 0.102,
      "rfid": 628120122,
      "has_stamp": true,
      "corrected": false,
      "dubious": false,
      "candid_alert": null,
      "step_id_corr": "1.1.6",
      "phase": 0.0,
      "parent_candid": null
    },
    {
      "tid": "ztf",
      "mjd": 60029.4860417,
      "candid": "2275486042215015005",
      "fid": 1,
      "pid": 2275486042215,
      "diffmaglim": 20.667276,
      "isdiffpos": 1,
      "nid": 2275,
      "distnr": 1.9210681,
      "magpsf": 19.74374,
      "magpsf_corr": null,
      "magpsf_corr_ext": null,
      "magap": 19.7631,
      "magap_corr": null,
      "sigmapsf": 0.15442681,
      "sigmapsf_corr": null,
      "sigmapsf_corr_ext": null,
      "sigmagap": 0.1836,
      "sigmagap_corr": null,
      "ra": 211.2392291,
      "dec": 25.0252466,
      "rb": 0.93857145,
      "rbversion": "t17_f5_c3",
      "drb": 0.9407661,
      "magapbig": 19.7761,
      "sigmagapbig": 0.2324,
      "rfid": 628120122,
      "has_stamp": true,
      "corrected": false,
      "dubious": false,
      "candid_alert": null,
      "step_id_corr": "1.1.6",
      "phase": 0.0,
      "parent_candid": null
    },
    {
      "tid": "ztf",
      "mjd": 60032.32788190013,
      "candid": "2278327882215015006",
      "fid": 1,
      "pid": 2278327882215,
      "diffmaglim": 20.394224,
      "isdiffpos": 1,
      "nid": 2278,
      "distnr": 2.0326688,
      "magpsf": 19.801956,
      "magpsf_corr": null,
      "magpsf_corr_ext": null,
      "magap": 19.5394,
      "magap_corr": null,
      "sigmapsf": 0.15425026,
      "sigmapsf_corr": null,
      "sigmapsf_corr_ext": null,
      "sigmagap": 0.1782,
      "sigmagap_corr": null,
      "ra": 211.2392497,
      "dec": 25.0252165,
      "rb": 0.9457143,
      "rbversion": "t17_f5_c3",
      "drb": 0.99630713,
      "magapbig": 19.5169,
      "sigmagapbig": 0.2204,
      "rfid": 628120122,
      "has_stamp": true,
      "corrected": false,
      "dubious": false,
      "candid_alert": null,
      "step_id_corr": "1.1.6",
      "phase": 0.0,
      "parent_candid": null
    }
  ],
  "non_detections": [
    {
      "tid": "ztf",
      "mjd": 59957.48518519988,
      "fid": 1,
      "diffmaglim": 19.6709
    },
    {
      "tid": "ztf",
      "mjd": 59957.519513899926,
      "fid": 2,
      "diffmaglim": 18.751
    },
    {
      "tid": "ztf",
      "mjd": 59967.435428199824,
      "fid": 2,
      "diffmaglim": 19.6427
    },
    {
      "tid": "ztf",
      "mjd": 59967.4860417,
      "fid": 1,
      "diffmaglim": 20.1959
    },
    {
      "tid": "ztf",
      "mjd": 59969.38574070018,
      "fid": 1,
      "diffmaglim": 20.0362
    },
    {
      "tid": "ztf",