{
  "detections": [
    {
      "tid": "ztf",
      "mjd": 59600.48339120019,
      "candid": "1846483394615015003",
      "fid": 2,
      "pid": 1846483394615,
      "diffmaglim": 19.18525,
      "isdiffpos": 1,
      "nid": 1846,
      "distnr": 0.74477524,
      "magpsf": 18.398525,
      "magpsf_corr": 18.091803,
      "magpsf_corr_ext": null,
      "magap": 18.3999,
      "magap_corr": null,
      "sigmapsf": 0.12091135,
      "sigmapsf_corr": 0.08526271,
      "sigmapsf_corr_ext": 0.09115444,
      "sigmagap": 0.1558,
      "sigmagap_corr": null,
      "ra": 152.636117,
      "dec": -23.9785057,
      "rb": 0.83428574,
      "rbversion": "t17_f5_c3",
      "drb": 0.99998146,
      "magapbig": 18.5474,
      "sigmagapbig": 0.229,
      "rfid": 266120246,
      "has_stamp": true,
      "corrected": true,
      "dubious": false,
      "candid_alert": null,
      "step_id_corr": "correction_1.0.6",
      "phase": 0.0,
      "parent_candid": null
    },
    {
      "tid": "ztf",
      "mjd": 59623.33656249987,
      "candid": "1869336564615015003",
      "fid": 2,
      "pid": 1869336564615,
      "diffmaglim": 19.706816,
      "isdiffpos": 1,
      "nid": 1869,
      "distnr": 0.83478564,
      "magpsf": 18.770151,
      "magpsf_corr": 18.359503,
      "magpsf_corr_ext": null,
      "magap": 18.742,
      "magap_corr": null,
      "sigmapsf": 0.10970541,
      "sigmapsf_corr": 0.06282212,
      "sigmapsf_corr_ext": 0.075156905,
      "sigmagap": 0.1593,
      "sigmagap_corr": null,
      "ra": 152.6360932,
      "dec": -23.9785212,
      "rb": 0.83285713,
      "rbversion": "t17_f5_c3",
      "drb": 0.9999989,
      "magapbig": 18.6497,
      "sigmagapbig": 0.1882,
      "rfid": 266120246,
      "has_stamp": true,
      "corrected": true,
      "dubious": false,
      "candid_alert": null,
      "step_id_corr": "correction_1.0.6",
      "phase": 0.0,
      "parent_candid": null
    },
    {
      "tid": "ztf",
      "mjd": 59628.399155099876,
      "candid": "1874399154615015001",
      "fid": 2,
      "pid": 1874399154615,
      "diffmaglim": 18.7344,
      "isdiffpos": 1,
      "nid": 1874,
      "distnr": 1.44388,
      "magpsf": 18.9548,
      "magpsf_corr": null,
      "magpsf_corr_ext": null,
      "magap": 19.2902,
      "magap_corr": null,
      "sigmapsf": 0.255363,
      "sigmapsf_corr": null,
      "sigmapsf_corr_ext": null,
      "sigmagap": 0.4173,
      "sigmagap_corr": null,
      "ra": 152.6359548,
      "dec": -23.978656,
      "rb": 0.365714,
      "rbversion": "t17_f5_c3",
      "drb": null,
      "magapbig": 19.4444,
      "sigmagapbig": 0.6185,
      "rfid": null,
      "has_stamp": false,
      "corrected": false,
      "dubious": true,
      "candid_alert": null,
      "step_id_corr": "correction_1.0.6",
      "phase": 0.0,
      "parent_candid": 1887293224615015063
    },
    {
      "tid": "ztf",
      "mjd": 59640.33622690011,
      "candid": "1886336224615015007",
      "fid": 1,
      "pid": 1886336224615,
      "diffmaglim": 19.8972,
      "isdiffpos": 1,
      "nid": 1886,
      "distnr": 2.92123,
      "magpsf": 20.1553,
      "magpsf_corr": null,
      "magpsf_corr_ext": null,
      "magap": 20.5873,
      "magap_corr": null,
      "sigmapsf": 0.300931,
      "sigmapsf_corr": null,
      "sigmapsf_corr_ext": null,
      "sigmagap": 0.5934,
      "sigmagap_corr": null,
      "ra": 152.6361196,
      "dec": -23.9784895,
      "rb": 0.432857,
      "rbversion": "t17_f5_c3",
      "drb": null,
      "magapbig": 20.4336,
      "sigmagapbig": 0.6631,
      "rfid": null,
      "has_stamp": false,
      "corrected": false,
      "dubious": false,
      "candid_alert": null,
      "step_id_corr": "correction_1.0.6",
      "phase": 0.0,
      "parent_candid": 1887293224615015063
    },
    {
      "tid": "ztf",
      "mjd": 59641.293229199946,
      "candid": "1887293224615015063",
      "fid": 2,
      "pid": 1887293224615,
      "diffmaglim": 19.385038,
      "isdiffpos": 1,
      "nid": 1887,
      "distnr": 0.8791939,
      "magpsf": 18.981941,
      "magpsf_corr": 18.500036,
      "magpsf_corr_ext": null,
      "magap": 18.9043,
      "magap_corr": null,
      "sigmapsf": 0.14645532,
      "sigmapsf_corr": 0.08138603,
      "sigmapsf_corr_ext": 0.09396009,
      "sigmagap": 0.2295,
      "sigmagap_corr": null,
      "ra": 152.6360917,
      "dec": -23.9785526,
      "rb": 0.62285715,
      "rbversion": "t17_f5_c3",
      "drb": 0.9995291,
      "magapbig": 18.6126,
      "sigmagapbig": 0.2257,
      "rfid": 266120246,
      "has_stamp": true,
      "corrected": true,
      "dubious": false,
      "candid_alert": null,
      "step_id_corr": "correction_1.0.6",
      "phase": 0.0,
      "parent_candid": null
    },
    {
      "tid": "ztf",
      "mjd": 59671.31479169987,
      "candid": "1917314794615015008",
      "fid": 2,
      "pid": 1917314794615,
      "diffmaglim": 19.99274,
      "isdiffpos": 1,
      "nid": 1917,
      "distnr": 1.1619722,
      "magpsf": 19.488943,
      "magpsf_corr": 18.797096,
      "magpsf_corr_ext": null,
      "magap": 19.7165,
      "magap_corr": null,
      "sigmapsf": 0.15897588,
      "sigmapsf_corr": 0.05705579,
      "sigmapsf_corr_ext": 0.08406068,
      "sigmagap": 0.2911,
      "sigmagap_corr": null,
      "ra": 152.6360348,
      "dec": -23.9786243,
      "rb": 0.8314286,
      "rbversion": "t17_f5_c3",
      "drb": 0.99995315,
      "magapbig": 19.7912,
      "sigmagapbig": 0.402,
      "rfid": 266120246,
      "has_stamp": true,
      "corrected": true,
      "dubious": false,
      "candid_alert": null,
      "step_id_corr": "correction_1.0.6",
      "phase": 0.0,
      "parent_candid": null
    }
  ],
  "non_detections": [
    {
      "tid": "ztf",
      "mjd": 59625.33787039993,
      "fid": 1,
      "diffmaglim": 18.954
    },
    {
      "tid": "ztf",
      "mjd": 59625.399965300225,
      "fid": 2,
      "diffmaglim": 18.9614
    },
    {
      "tid": "ztf",
      "mjd": 59628.35769680003,
      "fid": 1,
      "diffmaglim": 19.0451
    },
    {
      "tid": "ztf",
      "mjd": 59630.38234949997,
      "fid": 1,
      "diffmaglim": 19.4609
    },
    {
      "tid": "ztf",
      "mjd": 59638.37703699991,
      "fid": 2,
      "diffmaglim": 16.0569
    },
    {
      "tid": "ztf",
      "mjd": 59641.33598379977,
      "fid": 1,
      "diffmaglim": 20.0143
    }
  ],
  "forced_detections": []
}