{
  "detections": [
    {
      "tid": "ztf",
      "mjd": 59829.15600690013,
      "candid": "2075156005415015004",
      "fid": 2,
      "pid": 2075156005415,
      "diffmaglim": 19.936453,
      "isdiffpos": 1,
      "nid": 2075,
      "distnr": 1.2178566,
      "magpsf": 19.261234,
      "magpsf_corr": 18.173918,
      "magpsf_corr_ext": null,
      "magap": 19.1287,
      "magap_corr": null,
      "sigmapsf": 0.114498466,
      "sigmapsf_corr": 100.0,
      "sigmapsf_corr_ext": 0.04206037,
      "sigmagap": 0.2132,
      "sigmagap_corr": null,
      "ra": 259.8356463,
      "dec": 36.0205388,
      "rb": 0.95857143,
      "rbversion": "t17_f5_c3",
      "drb": 0.99967843,
      "magapbig": 19.0157,
      "sigmagapbig": 0.2438,
      "rfid": 681120254,
      "has_stamp": true,
      "corrected": true,
      "dubious": false,
      "candid_alert": null,
      "step_id_corr": "dev",
      "phase": 0.0,
      "parent_candid": null
    },
    {
      "tid": "ztf",
      "mjd": 59840.20167820016,
      "candid": "2086201675415015003",
      "fid": 1,
      "pid": 2086201675415,
      "diffmaglim": 20.637678,
      "isdiffpos": 1,
      "nid": 2086,
      "distnr": 1.0702906,
      "magpsf": 18.874252,
      "magpsf_corr": 18.195368,
      "magpsf_corr_ext": null,
      "magap": 18.8581,
      "magap_corr": null,
      "sigmapsf": 0.08438583,
      "sigmapsf_corr": 0.024922004,
      "sigmapsf_corr_ext": 0.04515601,
      "sigmagap": 0.0853,
      "sigmagap_corr": null,
      "ra": 259.8356149,
      "dec": 36.0205358,
      "rb": 0.9671429,
      "rbversion": "t17_f5_c3",
      "drb": 0.99999875,
      "magapbig": 18.7751,
      "sigmagapbig": 0.0989,
      "rfid": 681120154,
      "has_stamp": true,
      "corrected": true,
      "dubious": false,
      "candid_alert": null,
      "step_id_corr": "dev",
      "phase": 0.0,
      "parent_candid": null
    },
    {
      "tid": "ztf",
      "mjd": 59842.19891199982,
      "candid": "2088198915415015006",
      "fid": 2,
      "pid": 2088198915415,
      "diffmaglim": 20.178638,
      "isdiffpos": 1,
      "nid": 2088,
      "distnr": 1.3725199,
      "magpsf": 18.61944,
      "magpsf_corr": 17.89234,
      "magpsf_corr_ext": null,
      "magap": 18.5883,
      "magap_corr": null,
      "sigmapsf": 0.08710514,
      "sigmapsf_corr": 100.0,
      "sigmapsf_corr_ext": 0.044586487,
      "sigmagap": 0.1025,
      "sigmagap_corr": null,
      "ra": 259.8355799,
      "dec": 36.0205098,
      "rb": 0.9614286,
      "rbversion": "t17_f5_c3",
      "drb": 0.9999994,
      "magapbig": 18.5636,
      "sigmagapbig": 0.1258,
      "rfid": 681120254,
      "has_stamp": true,
      "corrected": true,
      "dubious": false,
      "candid_alert": null,
      "step_id_corr": "dev",
      "phase": 0.0,
      "parent_candid": null
    },
    {
      "tid": "ztf",
      "mjd": 59844.15936340019,
      "candid": "2090159365415015004",
      "fid": 2,
      "pid": 2090159365415,
      "diffmaglim": 20.366245,
      "isdiffpos": 1,
      "nid": 2090,
      "distnr": 1.3002995,
      "magpsf": 18.622393,
      "magpsf_corr": 17.893848,
      "magpsf_corr_ext": null,
      "magap": 18.6626,
      "magap_corr": null,
      "sigmapsf": 0.06574742,
      "sigmapsf_corr": 100.0,
      "sigmapsf_corr_ext": 0.033609442,
      "sigmagap": 0.0961,
      "sigmagap_corr": null,
      "ra": 259.835603,
      "dec": 36.0205082,
      "rb": 0.9614286,
      "rbversion": "t17_f5_c3",
      "drb": 0.9999999,
      "magapbig": 18.7085,
      "sigmagapbig": 0.1253,
      "rfid": 681120254,
      "has_stamp": true,
      "corrected": true,
      "dubious": false,
      "candid_alert": null,
      "step_id_corr": "dev",
      "phase": 0.0,
      "parent_candid": null
    },
    {
      "tid": "ztf",
      "mjd": 59844.222916699946,
      "candid": "2090222915415015002",
      "fid": 1,
      "pid": 2090222915415,
      "diffmaglim": 20.178513,
      "isdiffpos": 1,
      "nid": 2090,
      "distnr": 0.9569408,
      "magpsf": 18.98028,
      "magpsf_corr": 18.250814,
      "magpsf_corr_ext": null,
      "magap": 18.9329,
      "magap_corr": null,
      "sigmapsf": 0.098658234,
      "sigmapsf_corr": 0.031124653,
      "sigmapsf_corr_ext": 0.0503903,
      "sigmagap": 0.122,
      "sigmagap_corr": null,
      "ra": 259.8355963,
      "dec": 36.0205068,
      "rb": 0.96,
      "rbversion": "t17_f5_c3",
      "drb": 0.9998933,
      "magapbig": 18.8558,
      "sigmagapbig": 0.1439,
      "rfid": 681120154,
      "has_stamp": true,
      "corrected": true,
      "dubious": false,
      "candid_alert": null,
      "step_id_corr": "dev",
      "phase": 0.0,
      "parent_candid": null
    },
    {
      "tid": "ztf",
      "mjd": 59846.1415161998,
      "candid": "2092141515415015004",
      "fid": 2,
      "pid": 2092141515415,
      "diffmaglim": 20.519882,
      "isdiffpos": 1,
      "nid": 2092,
      "distnr": 1.3728907,
      "magpsf": 18.70053,
      "magpsf_corr": 17.933088,
      "magpsf_corr_ext": null,
      "magap": 18.7729,
      "magap_corr": null,
      "sigmapsf": 0.0790637,
      "sigmapsf_corr": 100.0,
      "sigmapsf_corr_ext": 0.038994294,
      "sigmagap": 0.0989,
      "sigmagap_corr": null,
      "ra": 259.8355859,
      "dec": 36.0205301,
      "rb": 0.9628571,
      "rbversion": "t17_f5_c3",
      "drb": 0.9999995,
      "magapbig": 18.8209,
      "sigmagapbig": 0.1282,
      "rfid": 681120254,
      "has_stamp": true,
      "corrected": true,
      "dubious": false,
      "candid_alert": null,
      "step_id_corr": "dev",
      "phase": 0.0,
      "parent_candid": null
    },
    {
      "tid": "ztf",
      "mjd": 59846.18094909983,
      "candid": "2092180945415015006",
      "fid": 1,
      "pid": 2092180945415,
      "diffmaglim": 20.442503,
      "isdiffpos": 1,
      "nid": 2092,
      "distnr": 1.0232652,
      "magpsf": 19.076029,
      "magpsf_corr": 18.298662,
      "magpsf_corr_ext": null,
      "magap": 19.0073,
      "magap_corr": null,
      "sigmapsf": 0.10948157,
      "sigmapsf_corr": 0.03387694,
      "sigmapsf_corr_ext": 0.053505037,
      "sigmagap": 0.1133,
      "sigmagap_corr": null,
      "ra": 259.8356095,
      "dec": 36.0205231,
      "rb": 0.9685714,
      "rbversion": "t17_f5_c3",
      "drb": 0.9999974,
      "magapbig": 18.9706,
      "sigmagapbig": 0.1381,
      "rfid": 681120154,
      "has_stamp": true,
      "corrected": true,
      "dubious": false,
      "candid_alert": null,
      "step_id_corr": "dev",
      "phase": 0.0,
      "parent_candid": null
    },
    {
      "tid": "ztf",
      "mjd": 59848.14035880007,
      "candid": "2094140355415015005",
      "fid": 1,
      "pid": 2094140355415,
      "diffmaglim": 20.527313,
      "isdiffpos": 1,
      "nid": 2094,
      "distnr": 1.0335989,
      "magpsf": 19.10178,
      "magpsf_corr": 18.31117,
      "magpsf_corr_ext": null,
      "magap": 18.9772,
      "magap_corr": null,
      "sigmapsf": 0.1168599,
      "sigmapsf_corr": 0.037788033,
      "sigmapsf_corr_ext": 0.05641858,
      "sigmagap": 0.1048,
      "sigmagap_corr": null,
      "ra": 259.8356009,
      "dec": 36.0205272,
      "rb": 0.94714284,
      "rbversion": "t17_f5_c3",
      "drb": 0.99996793,
      "magapbig": 18.9117,
      "sigmagapbig": 0.124,
      "rfid": 681120154,
      "has_stamp": true,
      "corrected": true,
      "dubious": false,
      "candid_alert": null,
      "step_id_corr": "dev",
      "phase": 0.0,
      "parent_candid": null
    },
    {
      "tid": "ztf",
      "mjd": 59848.17946759984,
      "candid": "2094179465415015001",
      "fid": 2,
      "pid": 2094179465415,
      "diffmaglim": 20.316936,
      "isdiffpos": 1,
      "nid": 2094,
      "distnr": 1.3197179,
      "magpsf": 18.615925,
      "magpsf_corr": 17.890537,
      "magpsf_corr_ext": null,
      "magap": 18.7721,
      "magap_corr": null,
      "sigmapsf": 0.07564607,
      "sigmapsf_corr": 100.0,
      "sigmapsf_corr_ext": 0.03878213,
      "sigmagap": 0.117,