{
  "detections": [
    {
      "tid": "ztf",
      "mjd": 60194.45528940018,
      "candid": "2440455282915015003",
      "fid": 1,
      "pid": 2440455282915,
      "diffmaglim": 19.7251,
      "isdiffpos": 1,
      "nid": 2440,
      "distnr": 2.28257,
      "magpsf": 20.0046,
      "magpsf_corr": null,
      "magpsf_corr_ext": null,
      "magap": 19.9632,
      "magap_corr": null,
      "sigmapsf": 0.265831,
      "sigmapsf_corr": null,
      "sigmapsf_corr_ext": null,
      "sigmagap": 0.3806,
      "sigmagap_corr": null,
      "ra": 12.7122609,
      "dec": -24.7422322,
      "rb": 0.475714,
      "rbversion": "t17_f5_c3",
      "drb": null,
      "magapbig": 19.6743,
      "sigmagapbig": 0.3746,
      "rfid": null,
      "has_stamp": false,
      "corrected": false,
      "dubious": false,
      "candid_alert": null,
      "step_id_corr": "1.2.1",
      "phase": 0.0,
      "parent_candid": 2457377062915015000
    },
    {
      "tid": "ztf",
      "mjd": 60196.46236110013,
      "candid": "2442462362915015005",
      "fid": 1,
      "pid": 2442462362915,
      "diffmaglim": 19.6543,
      "isdiffpos": 1,
      "nid": 2442,
      "distnr": 2.29675,
      "magpsf": 18.709,
      "magpsf_corr": null,
      "magpsf_corr_ext": null,
      "magap": 18.656,
      "magap_corr": null,
      "sigmapsf": 0.097844,
      "sigmapsf_corr": null,
      "sigmapsf_corr_ext": null,
      "sigmagap": 0.1314,
      "sigmagap_corr": null,
      "ra": 12.7122689,
      "dec": -24.7422054,
      "rb": 0.907143,
      "rbversion": "t17_f5_c3",
      "drb": null,
      "magapbig": 18.728,
      "sigmagapbig": 0.1794,
      "rfid": null,
      "has_stamp": false,
      "corrected": false,
      "dubious": false,
      "candid_alert": null,
      "step_id_corr": "1.2.1",
      "phase": 0.0,
      "parent_candid": 2457377062915015000
    },
    {
      "tid": "ztf",
      "mjd": 60211.37706020009,
      "candid": "2457377062915015002",
      "fid": 1,
      "pid": 2457377062915,
      "diffmaglim": 20.346577,
      "isdiffpos": 1,
      "nid": 2457,
      "distnr": 2.4586234,
      "magpsf": 18.193789,
      "magpsf_corr": null,
      "magpsf_corr_ext": null,
      "magap": 18.1656,
      "magap_corr": null,
      "sigmapsf": 0.07812526,
      "sigmapsf_corr": null,
      "sigmapsf_corr_ext": null,
      "sigmagap": 0.0513,
      "sigmagap_corr": null,
      "ra": 12.7123164,
      "dec": -24.7422284,
      "rb": 0.93285716,
      "rbversion": "t17_f5_c3",
      "drb": 0.99999195,
      "magapbig": 18.094,
      "sigmagapbig": 0.0608,
      "rfid": 247120129,
      "has_stamp": true,
      "corrected": false,
      "dubious": false,
      "candid_alert": null,
      "step_id_corr": "1.2.1",
      "phase": 0.0,
      "parent_candid": null
    },
    {
      "tid": "ztf",
      "mjd": 60213.35085650021,
      "candid": "2459350852915015000",
      "fid": 2,
      "pid": 2459350852915,
      "diffmaglim": 19.382664,
      "isdiffpos": 1,
      "nid": 2459,
      "distnr": 2.5845096,
      "magpsf": 18.232048,
      "magpsf_corr": null,
      "magpsf_corr_ext": null,
      "magap": 18.189,
      "magap_corr": null,
      "sigmapsf": 0.08601463,
      "sigmapsf_corr": null,
      "sigmapsf_corr_ext": null,
      "sigmagap": 0.1043,
      "sigmagap_corr": null,
      "ra": 12.7123044,
      "dec": -24.7422206,
      "rb": 0.74285716,
      "rbversion": "t17_f5_c3",
      "drb": 0.9999976,
      "magapbig": 18.3788,
      "sigmagapbig": 0.159,
      "rfid": 247120229,
      "has_stamp": true,
      "corrected": false,
      "dubious": false,
      "candid_alert": null,
      "step_id_corr": "1.2.1",
      "phase": 0.0,
      "parent_candid": null
    },
    {
      "tid": "ztf",
      "mjd": 60213.37651620014,
      "candid": "2459376512915015002",
      "fid": 1,
      "pid": 2459376512915,
      "diffmaglim": 19.191826,
      "isdiffpos": 1,
      "nid": 2459,
      "distnr": 2.4894116,
      "magpsf": 18.223425,
      "magpsf_corr": null,
      "magpsf_corr_ext": null,
      "magap": 18.095,
      "magap_corr": null,
      "sigmapsf": 0.09894413,
      "sigmapsf_corr": null,
      "sigmapsf_corr_ext": null,
      "sigmagap": 0.1077,
      "sigmagap_corr": null,
      "ra": 12.7123264,
      "dec": -24.7422257,
      "rb": 0.61142856,
      "rbversion": "t17_f5_c3",
      "drb": 0.99999785,
      "magapbig": 18.0982,
      "sigmagapbig": 0.1384,
      "rfid": 247120129,
      "has_stamp": true,
      "corrected": false,
      "dubious": false,
      "candid_alert": null,
      "step_id_corr": "1.2.1",
      "phase": 0.0,
      "parent_candid": null
    },
    {
      "tid": "ztf",
      "mjd": 60217.334571800195,
      "candid": "2463334572915015003",
      "fid": 2,
      "pid": 2463334572915,
      "diffmaglim": 18.642519,
      "isdiffpos": 1,
      "nid": 2463,
      "distnr": 2.2166438,
      "magpsf": 18.50948,
      "magpsf_corr": null,
      "magpsf_corr_ext": null,
      "magap": 18.2959,
      "magap_corr": null,
      "sigmapsf": 0.21495576,
      "sigmapsf_corr": null,
      "sigmapsf_corr_ext": null,
      "sigmagap": 0.2158,
      "sigmagap_corr": null,
      "ra": 12.712124,
      "dec": -24.7423423,
      "rb": 0.2957143,
      "rbversion": "t17_f5_c3",
      "drb": 0.83537084,
      "magapbig": 18.3174,
      "sigmagapbig": 0.2827,
      "rfid": 247120229,
      "has_stamp": true,
      "corrected": false,
      "dubious": false,
      "candid_alert": null,
      "step_id_corr": "1.2.1",
      "phase": 0.0,
      "parent_candid": null
    },
    {
      "tid": "ztf",
      "mjd": 60221.3700116002,
      "candid": "2467370012915015004",
      "fid": 1,
      "pid": 2467370012915,
      "diffmaglim": 19.274664,
      "isdiffpos": 1,
      "nid": 2467,
      "distnr": 2.512332,
      "magpsf": 18.778774,
      "magpsf_corr": null,
      "magpsf_corr_ext": null,
      "magap": 18.6677,
      "magap_corr": null,
      "sigmapsf": 0.14204043,
      "sigmapsf_corr": null,
      "sigmapsf_corr_ext": null,
      "sigmagap": 0.1592,
      "sigmagap_corr": null,
      "ra": 12.7123241,
      "dec": -24.7422805,
      "rb": 0.61285716,
      "rbversion": "t17_f5_c3",
      "drb": 0.9997774,
      "magapbig": 18.6088,
      "sigmagapbig": 0.1932,
      "rfid": 247120129,
      "has_stamp": true,
      "corrected": false,
      "dubious": false,
      "candid_alert": null,
      "step_id_corr": "1.2.1",
      "phase": 0.0,
      "parent_candid": null
    },
    {
      "tid": "ztf",
      "mjd": 60223.29276619991,
      "candid": "2469292762915015003",
      "fid": 1,
      "pid": 2469292762915,
      "diffmaglim": 19.744072,
      "isdiffpos": 1,
      "nid": 2469,
      "distnr": 2.270543,
      "magpsf": 18.930103,
      "magpsf_corr": null,
      "magpsf_corr_ext": null,
      "magap": 18.9104,
      "magap_corr": null,
      "sigmapsf": 0.12902516,
      "sigmapsf_corr": null,
      "sigmapsf_corr_ext": null,
      "sigmagap": 0.1498,
      "sigmagap_corr": null,
      "ra": 12.7122614,
      "dec": -24.7421978,
      "rb": 0.8357143,
      "rbversion": "t17_f5_c3",
      "drb": 0.99999094,
      "magapbig": 18.932,
      "sigmagapbig": 0.1958,
      "rfid": 247120129,
      "has_stamp": true,
      "corrected": false,
      "dubious": false,
      "candid_alert": null,
      "step_id_corr": "1.2.1",
      "phase": 0.0,
      "parent_candid": null
    },
    {
      "tid": "ztf",
      "mjd": 60228.37767359987,
      "candid": "2474377672915015006",
      "fid": 1,
      "pid": 2474377672915,
      "diffmaglim": 19.990849,
      "isdiffpos": 1,
      "nid": 2474,
      "distnr": 2.4510663,
      "magpsf": 19.352636,
      "magpsf_corr": null,
      "magpsf_corr_ext": null,
      "magap": 19.4412,
      "magap_corr": null,
      "sigmapsf": 0.15319955,
      "sigmapsf_corr": null,
      "sigmapsf_corr_ext": null,
      "sigmagap": 0.1707,
      "sigmagap_corr": null,
      "ra": 12.7123118,
      "dec": -24.7422441,
      "rb": 0.77428573,