{
  "detections": [
    {
      "tid": "ztf",
      "mjd": 59985.507071800064,
      "candid": "2231507070215015002",
      "fid": 1,
      "pid": 2231507070215,
      "diffmaglim": 18.865911,
      "isdiffpos": 1,
      "nid": 2231,
      "distnr": 1.3257449,
      "magpsf": 18.44923,
      "magpsf_corr": 17.975412,
      "magpsf_corr_ext": null,
      "magap": 18.4248,
      "magap_corr": null,
      "sigmapsf": 0.1360542,
      "sigmapsf_corr": 0.08373179,
      "sigmapsf_corr_ext": 0.08793963,
      "sigmagap": 0.1566,
      "sigmagap_corr": null,
      "ra": 296.205961,
      "dec": 44.7255669,
      "rb": 0.49142858,
      "rbversion": "t17_f5_c3",
      "drb": 0.8639413,
      "magapbig": 18.4457,
      "sigmagapbig": 0.2051,
      "rfid": 766120102,
      "has_stamp": true,
      "corrected": true,
      "dubious": false,
      "candid_alert": null,
      "step_id_corr": "1.1.6",
      "phase": 0.0,
      "parent_candid": null
    },
    {
      "tid": "ztf",
      "mjd": 60021.47115739994,
      "candid": "2267471150215015001",
      "fid": 2,
      "pid": 2267471150215,
      "diffmaglim": 19.848251,
      "isdiffpos": 1,
      "nid": 2267,
      "distnr": 1.5217994,
      "magpsf": 18.731121,
      "magpsf_corr": null,
      "magpsf_corr_ext": null,
      "magap": 18.6737,
      "magap_corr": null,
      "sigmapsf": 0.086840995,
      "sigmapsf_corr": null,
      "sigmapsf_corr_ext": null,
      "sigmagap": 0.124,
      "sigmagap_corr": null,
      "ra": 296.2059478,
      "dec": 44.7255587,
      "rb": 0.9128571,
      "rbversion": "t17_f5_c3",
      "drb": 0.9784275,
      "magapbig": 18.8181,
      "sigmagapbig": 0.1856,
      "rfid": 766120202,
      "has_stamp": true,
      "corrected": false,
      "dubious": false,
      "candid_alert": null,
      "step_id_corr": "1.1.6",
      "phase": 0.0,
      "parent_candid": null
    },
    {
      "tid": "ztf",
      "mjd": 60042.48833330022,
      "candid": "2288488330215015001",
      "fid": 1,
      "pid": 2288488330215,
      "diffmaglim": 19.6396,
      "isdiffpos": 1,
      "nid": 2288,
      "distnr": 1.30312,
      "magpsf": 20.1341,
      "magpsf_corr": 18.748634,
      "magpsf_corr_ext": null,
      "magap": 19.8738,
      "magap_corr": null,
      "sigmapsf": 0.239495,
      "sigmapsf_corr": 0.038309682,
      "sigmapsf_corr_ext": 0.0668514,
      "sigmagap": 0.4568,
      "sigmagap_corr": null,
      "ra": 296.2059288,
      "dec": 44.7256204,
      "rb": 0.612857,
      "rbversion": "t17_f5_c3",
      "drb": null,
      "magapbig": 19.5194,
      "sigmagapbig": 0.4253,
      "rfid": null,
      "has_stamp": false,
      "corrected": true,
      "dubious": false,
      "candid_alert": null,
      "step_id_corr": "1.1.6",
      "phase": 0.0,
      "parent_candid": 2290431250215015000
    },
    {
      "tid": "ztf",
      "mjd": 60044.43124999991,
      "candid": "2290431250215015003",
      "fid": 2,
      "pid": 2290431250215,
      "diffmaglim": 19.864132,
      "isdiffpos": 1,
      "nid": 2290,
      "distnr": 1.4075819,
      "magpsf": 18.921461,
      "magpsf_corr": null,
      "magpsf_corr_ext": null,
      "magap": 18.8086,
      "magap_corr": null,
      "sigmapsf": 0.10087378,
      "sigmapsf_corr": null,
      "sigmapsf_corr_ext": null,
      "sigmagap": 0.1419,
      "sigmagap_corr": null,
      "ra": 296.205991,
      "dec": 44.725573,
      "rb": 0.87714285,
      "rbversion": "t17_f5_c3",
      "drb": 0.9396379,
      "magapbig": 18.78,
      "sigmagapbig": 0.1818,
      "rfid": 766120202,
      "has_stamp": true,
      "corrected": false,
      "dubious": false,
      "candid_alert": null,
      "step_id_corr": "1.1.6",
      "phase": 0.0,
      "parent_candid": null
    },
    {
      "tid": "ztf",
      "mjd": 60051.44995369995,
      "candid": "2297449950215015004",
      "fid": 2,
      "pid": 2297449950215,
      "diffmaglim": 20.738293,
      "isdiffpos": 1,
      "nid": 2297,
      "distnr": 1.4659178,
      "magpsf": 18.975533,
      "magpsf_corr": null,
      "magpsf_corr_ext": null,
      "magap": 19.1973,
      "magap_corr": null,
      "sigmapsf": 0.09517694,
      "sigmapsf_corr": null,
      "sigmapsf_corr_ext": null,
      "sigmagap": 0.1244,
      "sigmagap_corr": null,
      "ra": 296.2059676,
      "dec": 44.725574,
      "rb": 0.89,
      "rbversion": "t17_f5_c3",
      "drb": 0.9995677,
      "magapbig": 19.2531,
      "sigmagapbig": 0.182,
      "rfid": 766120202,
      "has_stamp": true,
      "corrected": false,
      "dubious": false,
      "candid_alert": null,
      "step_id_corr": "1.1.6",
      "phase": 0.0,
      "parent_candid": null
    },
    {
      "tid": "ztf",
      "mjd": 60051.48442129977,
      "candid": "2297484420215015002",
      "fid": 1,
      "pid": 2297484420215,
      "diffmaglim": 20.540693,
      "isdiffpos": 1,
      "nid": 2297,
      "distnr": 1.2734627,
      "magpsf": 20.072798,
      "magpsf_corr": 18.731173,
      "magpsf_corr_ext": null,
      "magap": 20.3299,
      "magap_corr": null,
      "sigmapsf": 0.14523932,
      "sigmapsf_corr": 100.0,
      "sigmapsf_corr_ext": 0.042211823,
      "sigmagap": 0.3157,
      "sigmagap_corr": null,
      "ra": 296.2059553,
      "dec": 44.7256015,
      "rb": 0.83285713,
      "rbversion": "t17_f5_c3",
      "drb": 0.8671602,
      "magapbig": 19.934,
      "sigmagapbig": 0.2894,
      "rfid": 766120102,
      "has_stamp": true,
      "corrected": true,
      "dubious": false,
      "candid_alert": null,
      "step_id_corr": "1.1.6",
      "phase": 0.0,
      "parent_candid": null
    },
    {
      "tid": "ztf",
      "mjd": 60054.455590299796,
      "candid": "2300455590215015002",
      "fid": 1,
      "pid": 2300455590215,
      "diffmaglim": 20.355375,
      "isdiffpos": 1,
      "nid": 2300,
      "distnr": 1.181339,
      "magpsf": 19.908611,
      "magpsf_corr": 18.680841,
      "magpsf_corr_ext": null,
      "magap": 20.2386,
      "magap_corr": null,
      "sigmapsf": 0.16475919,
      "sigmapsf_corr": 0.013375898,
      "sigmapsf_corr_ext": 0.053179204,
      "sigmagap": 0.3359,
      "sigmagap_corr": null,
      "ra": 296.2059813,
      "dec": 44.7256226,
      "rb": 0.88857144,
      "rbversion": "t17_f5_c3",
      "drb": 0.9982423,
      "magapbig": 19.7844,
      "sigmagapbig": 0.2906,
      "rfid": 766120102,
      "has_stamp": true,
      "corrected": true,
      "dubious": false,
      "candid_alert": null,
      "step_id_corr": "1.1.6",
      "phase": 0.0,
      "parent_candid": null
    },
    {
      "tid": "ztf",
      "mjd": 60057.472615700215,
      "candid": "2303472610215015002",
      "fid": 1,
      "pid": 2303472610215,
      "diffmaglim": 20.719912,
      "isdiffpos": 1,
      "nid": 2303,
      "distnr": 1.37215,
      "magpsf": 20.199898,
      "magpsf_corr": 18.766603,
      "magpsf_corr_ext": null,
      "magap": 20.7893,
      "magap_corr": null,
      "sigmapsf": 0.17286567,
      "sigmapsf_corr": 100.0,
      "sigmapsf_corr_ext": 0.046173338,
      "sigmagap": 0.4795,
      "sigmagap_corr": null,
      "ra": 296.2059209,
      "dec": 44.7255899,
      "rb": 0.5814286,
      "rbversion": "t17_f5_c3",
      "drb": 0.97258806,
      "magapbig": 20.0087,
      "sigmagapbig": 0.3147,
      "rfid": 766120102,
      "has_stamp": true,
      "corrected": true,
      "dubious": false,
      "candid_alert": null,
      "step_id_corr": "1.2.0",
      "phase": 0.0,
      "parent_candid": null
    },
    {
      "tid": "ztf",
      "mjd": 60061.424652799964,
      "candid": "2307424650215015002",
      "fid": 1,
      "pid": 2307424650215,
      "diffmaglim": 20.739,
      "isdiffpos": 1,
      "nid": 2307,
      "distnr": 1.17107,
      "magpsf": 20.2118,
      "magpsf_corr": 18.76977,
      "magpsf_corr_ext": null,
      "magap": 20.5566,
      "magap_corr": null,
      "sigmapsf": 0.224892,
      "sigmapsf_corr": 0.020740038,
      "sigmapsf_corr_ext": 0.05958848,
      "sigmagap": 0.381,
      "sigmagap_corr": null,