{
  "detections": [
    {
      "tid": "ztf",
      "mjd": 60252.10921300016,
      "candid": "2498109211515015007",
      "fid": 2,
      "pid": 2498109211515,
      "diffmaglim": 20.129036,
      "isdiffpos": 1,
      "nid": 2498,
      "distnr": 2.4272714,
      "magpsf": 19.979326,
      "magpsf_corr": null,
      "magpsf_corr_ext": null,
      "magap": 20.3173,
      "magap_corr": null,
      "sigmapsf": 0.18482463,
      "sigmapsf_corr": null,
      "sigmapsf_corr_ext": null,
      "sigmagap": 0.5118,
      "sigmagap_corr": null,
      "ra": 313.042453,
      "dec": -13.1428487,
      "rb": 0.7128571,
      "rbversion": "t17_f5_c3",
      "drb": 0.99993974,
      "magapbig": 20.1682,
      "sigmagapbig": 0.5714,
      "rfid": 389120215,
      "has_stamp": true,
      "corrected": false,
      "dubious": false,
      "candid_alert": null,
      "step_id_corr": "1.2.1",
      "phase": 0.0,
      "parent_candid": null
    },
    {
      "tid": "ztf",
      "mjd": 60254.14965280006,
      "candid": "2500149651515015007",
      "fid": 1,
      "pid": 2500149651515,
      "diffmaglim": 20.044628,
      "isdiffpos": 1,
      "nid": 2500,
      "distnr": 3.275606,
      "magpsf": 19.821184,
      "magpsf_corr": null,
      "magpsf_corr_ext": null,
      "magap": 19.6747,
      "magap_corr": null,
      "sigmapsf": 0.1584469,
      "sigmapsf_corr": null,
      "sigmapsf_corr_ext": null,
      "sigmagap": 0.2436,
      "sigmagap_corr": null,
      "ra": 313.0425036,
      "dec": -13.1428291,
      "rb": 0.8242857,
      "rbversion": "t17_f5_c3",
      "drb": 0.9999896,
      "magapbig": 19.8524,
      "sigmagapbig": 0.3666,
      "rfid": 389120115,
      "has_stamp": true,
      "corrected": false,
      "dubious": false,
      "candid_alert": null,
      "step_id_corr": "1.2.1",
      "phase": 0.0,
      "parent_candid": null
    },
    {
      "tid": "ztf",
      "mjd": 60257.148564800154,
      "candid": "2503148561515015008",
      "fid": 2,
      "pid": 2503148561515,
      "diffmaglim": 19.584515,
      "isdiffpos": 1,
      "nid": 2503,
      "distnr": 2.5986576,
      "magpsf": 19.192106,
      "magpsf_corr": null,
      "magpsf_corr_ext": null,
      "magap": 19.5199,
      "magap_corr": null,
      "sigmapsf": 0.14209715,
      "sigmapsf_corr": null,
      "sigmapsf_corr_ext": null,
      "sigmagap": 0.2903,
      "sigmagap_corr": null,
      "ra": 313.0425061,
      "dec": -13.142858,
      "rb": 0.71,
      "rbversion": "t17_f5_c3",
      "drb": 0.9999956,
      "magapbig": 19.3331,
      "sigmagapbig": 0.313,
      "rfid": 389120215,
      "has_stamp": true,
      "corrected": false,
      "dubious": false,
      "candid_alert": null,
      "step_id_corr": "1.2.1",
      "phase": 0.0,
      "parent_candid": null
    },
    {
      "tid": "ztf",
      "mjd": 60259.183599499986,
      "candid": "2505183591515015006",
      "fid": 1,
      "pid": 2505183591515,
      "diffmaglim": 19.646961,
      "isdiffpos": 1,
      "nid": 2505,
      "distnr": 3.0480685,
      "magpsf": 19.142569,
      "magpsf_corr": null,
      "magpsf_corr_ext": null,
      "magap": 18.8958,
      "magap_corr": null,
      "sigmapsf": 0.18230535,
      "sigmapsf_corr": null,
      "sigmapsf_corr_ext": null,
      "sigmagap": 0.1661,
      "sigmagap_corr": null,
      "ra": 313.0424327,
      "dec": -13.1428817,
      "rb": 0.4757143,
      "rbversion": "t17_f5_c3",
      "drb": 0.99994457,
      "magapbig": 18.9395,
      "sigmagapbig": 0.2212,
      "rfid": 389120115,
      "has_stamp": true,
      "corrected": false,
      "dubious": false,
      "candid_alert": null,
      "step_id_corr": "1.2.1",
      "phase": 0.0,
      "parent_candid": null
    },
    {
      "tid": "ztf",
      "mjd": 60259.185358799994,
      "candid": "2505185351515015006",
      "fid": 2,
      "pid": 2505185351515,
      "diffmaglim": 19.472946,
      "isdiffpos": 1,
      "nid": 2505,
      "distnr": 2.5774534,
      "magpsf": 19.196892,
      "magpsf_corr": null,
      "magpsf_corr_ext": null,
      "magap": 19.2364,
      "magap_corr": null,
      "sigmapsf": 0.19253644,
      "sigmapsf_corr": null,
      "sigmapsf_corr_ext": null,
      "sigmagap": 0.2633,
      "sigmagap_corr": null,
      "ra": 313.0424939,
      "dec": -13.1428391,
      "rb": 0.6585714,
      "rbversion": "t17_f5_c3",
      "drb": 0.99996775,
      "magapbig": 19.6081,
      "sigmagapbig": 0.4748,
      "rfid": 389120215,
      "has_stamp": true,
      "corrected": false,
      "dubious": false,
      "candid_alert": null,
      "step_id_corr": "1.2.1",
      "phase": 0.0,
      "parent_candid": null
    },
    {
      "tid": "ztf",
      "mjd": 60261.17096060002,
      "candid": "2507170961515015009",
      "fid": 1,
      "pid": 2507170961515,
      "diffmaglim": 19.697927,
      "isdiffpos": 1,
      "nid": 2507,
      "distnr": 3.1772423,
      "magpsf": 19.12391,
      "magpsf_corr": null,
      "magpsf_corr_ext": null,
      "magap": 19.2758,
      "magap_corr": null,
      "sigmapsf": 0.12768999,
      "sigmapsf_corr": null,
      "sigmapsf_corr_ext": null,
      "sigmagap": 0.213,
      "sigmagap_corr": null,
      "ra": 313.0424733,
      "dec": -13.1428549,
      "rb": 0.8414286,
      "rbversion": "t17_f5_c3",
      "drb": 0.9999524,
      "magapbig": 19.2797,
      "sigmagapbig": 0.2734,
      "rfid": 389120115,
      "has_stamp": true,
      "corrected": false,
      "dubious": false,
      "candid_alert": null,
      "step_id_corr": "1.2.1",
      "phase": 0.0,
      "parent_candid": null
    },
    {
      "tid": "ztf",
      "mjd": 60263.11256940011,
      "candid": "2509112561515015005",
      "fid": 2,
      "pid": 2509112561515,
      "diffmaglim": 20.073856,
      "isdiffpos": 1,
      "nid": 2509,
      "distnr": 2.6545496,
      "magpsf": 18.747267,
      "magpsf_corr": null,
      "magpsf_corr_ext": null,
      "magap": 19.2493,
      "magap_corr": null,
      "sigmapsf": 0.08457702,
      "sigmapsf_corr": null,
      "sigmapsf_corr_ext": null,
      "sigmagap": 0.2047,
      "sigmagap_corr": null,
      "ra": 313.0425146,
      "dec": -13.1428264,
      "rb": 0.84,
      "rbversion": "t17_f5_c3",
      "drb": 0.99999994,
      "magapbig": 19.1468,
      "sigmagapbig": 0.2386,
      "rfid": 389120215,
      "has_stamp": true,
      "corrected": false,
      "dubious": false,
      "candid_alert": null,
      "step_id_corr": "1.2.1",
      "phase": 0.0,
      "parent_candid": null
    }
  ],
  "non_detections": [
    {
      "tid": "ztf",
      "mjd": 60222.203819400165,
      "fid": 1,
      "diffmaglim": 20.0453
    },
    {
      "tid": "ztf",
      "mjd": 60222.26212960016,
      "fid": 2,
      "diffmaglim": 19.3854
    },
    {
      "tid": "ztf",
      "mjd": 60224.21090279985,
      "fid": 2,
      "diffmaglim": 20.116
    },
    {
      "tid": "ztf",
      "mjd": 60226.18349540001,
      "fid": 1,
      "diffmaglim": 20.203
    },
    {
      "tid": "ztf",
      "mjd": 60226.23037040001,
      "fid": 2,
      "diffmaglim": 20.1808
    },
    {
      "tid": "ztf",
      "mjd": 60228.209942100104,
      "fid": 1,
      "diffmaglim": 19.8942
    },
    {
      "tid": "ztf",
      "mjd": 60231.14844910009,
      "fid": 2,
      "diffmaglim": 20.2606
    },
    {
      "tid": "ztf",
      "mjd": 60231.17013890017,
      "fid": 1,
      "diffmaglim": 20.3289
    },
    {
      "tid": "ztf",
      "mjd": 60233.14814809989,
      "fid": 2,
      "diffmaglim": 20.1751
    },
    {
      "tid": "ztf",
      "mjd": 60233.1957291998,
      "fid": 1,
      "diffmaglim": 20.0809
    },
    {
      "tid": "ztf",
      "mjd": 60235.12780090002,
      "fid": 2,
      "diffmaglim": 20.2983
    },
    {
      "tid": "ztf",
      "mjd": 60235.148587999865,
      "fid": 1,
      "diffmaglim": 20.1207
    },
    {
      "tid": "ztf",
      "mjd": 60237.16832179995,
      "fid": 2,
      "diffmaglim": 20.0348
    },
    {
      "tid": "ztf",
      "mjd": 60237.25008099992,
      "fid": 1,