{
  "detections": [
    {
      "tid": "ztf",
      "mjd": 60136.43751160009,
      "candid": "2382437515815015012",
      "fid": 2,
      "pid": 2382437515815,
      "diffmaglim": 20.210905,
      "isdiffpos": 1,
      "nid": 2382,
      "distnr": 3.4613113,
      "magpsf": 18.76855,
      "magpsf_corr": null,
      "magpsf_corr_ext": null,
      "magap": 18.6969,
      "magap_corr": null,
      "sigmapsf": 0.116785415,
      "sigmapsf_corr": null,
      "sigmapsf_corr_ext": null,
      "sigmagap": 0.1012,
      "sigmagap_corr": null,
      "ra": 337.2834257,
      "dec": -22.1945836,
      "rb": 0.85714287,
      "rbversion": "t17_f5_c3",
      "drb": 0.99999994,
      "magapbig": 18.6392,
      "sigmagapbig": 0.1201,
      "rfid": 291120258,
      "has_stamp": true,
      "corrected": false,
      "dubious": false,
      "candid_alert": null,
      "step_id_corr": "1.2.0",
      "phase": 0.0,
      "parent_candid": null
    },
    {
      "tid": "ztf",
      "mjd": 60141.41805560002,
      "candid": "2387418055815015007",
      "fid": 2,
      "pid": 2387418055815,
      "diffmaglim": 20.052807,
      "isdiffpos": 1,
      "nid": 2387,
      "distnr": 3.3774407,
      "magpsf": 18.765442,
      "magpsf_corr": null,
      "magpsf_corr_ext": null,
      "magap": 18.7229,
      "magap_corr": null,
      "sigmapsf": 0.104402974,
      "sigmapsf_corr": null,
      "sigmapsf_corr_ext": null,
      "sigmagap": 0.1123,
      "sigmagap_corr": null,
      "ra": 337.2834369,
      "dec": -22.1946034,
      "rb": 0.9014286,
      "rbversion": "t17_f5_c3",
      "drb": 0.9999707,
      "magapbig": 18.7777,
      "sigmagapbig": 0.1478,
      "rfid": 291120258,
      "has_stamp": true,
      "corrected": false,
      "dubious": false,
      "candid_alert": null,
      "step_id_corr": "1.2.0",
      "phase": 0.0,
      "parent_candid": null
    },
    {
      "tid": "ztf",
      "mjd": 60145.418032399844,
      "candid": "2391418035815015006",
      "fid": 2,
      "pid": 2391418035815,
      "diffmaglim": 19.61506,
      "isdiffpos": 1,
      "nid": 2391,
      "distnr": 3.3703609,
      "magpsf": 18.852568,
      "magpsf_corr": null,
      "magpsf_corr_ext": null,
      "magap": 18.884,
      "magap_corr": null,
      "sigmapsf": 0.1047986,
      "sigmapsf_corr": null,
      "sigmapsf_corr_ext": null,
      "sigmagap": 0.2075,
      "sigmagap_corr": null,
      "ra": 337.2834194,
      "dec": -22.1946166,
      "rb": 0.87142855,
      "rbversion": "t17_f5_c3",
      "drb": 0.99931645,
      "magapbig": 19.2138,
      "sigmagapbig": 0.3564,
      "rfid": 291120258,
      "has_stamp": true,
      "corrected": false,
      "dubious": false,
      "candid_alert": null,
      "step_id_corr": "1.2.0",
      "phase": 0.0,
      "parent_candid": null
    },
    {
      "tid": "ztf",
      "mjd": 60147.4404397998,
      "candid": "2393440435815015016",
      "fid": 2,
      "pid": 2393440435815,
      "diffmaglim": 20.186865,
      "isdiffpos": 1,
      "nid": 2393,
      "distnr": 3.6729264,
      "magpsf": 18.993177,
      "magpsf_corr": null,
      "magpsf_corr_ext": null,
      "magap": 19.0347,
      "magap_corr": null,
      "sigmapsf": 0.11339799,
      "sigmapsf_corr": null,
      "sigmapsf_corr_ext": null,
      "sigmagap": 0.1416,
      "sigmagap_corr": null,
      "ra": 337.2834006,
      "dec": -22.1945265,
      "rb": 0.9042857,
      "rbversion": "t17_f5_c3",
      "drb": 0.9996282,
      "magapbig": 18.871,
      "sigmagapbig": 0.1528,
      "rfid": 291120258,
      "has_stamp": true,
      "corrected": false,
      "dubious": false,
      "candid_alert": null,
      "step_id_corr": "1.2.0",
      "phase": 0.0,
      "parent_candid": null
    },
    {
      "tid": "ztf",
      "mjd": 60149.43028939981,
      "candid": "2395430285815015014",
      "fid": 2,
      "pid": 2395430285815,
      "diffmaglim": 20.247982,
      "isdiffpos": 1,
      "nid": 2395,
      "distnr": 3.5217676,
      "magpsf": 18.98406,
      "magpsf_corr": null,
      "magpsf_corr_ext": null,
      "magap": 19.0078,
      "magap_corr": null,
      "sigmapsf": 0.10003331,
      "sigmapsf_corr": null,
      "sigmapsf_corr_ext": null,
      "sigmagap": 0.1337,
      "sigmagap_corr": null,
      "ra": 337.283422,
      "dec": -22.1945641,
      "rb": 0.89285713,
      "rbversion": "t17_f5_c3",
      "drb": 0.99998677,
      "magapbig": 18.9443,
      "sigmagapbig": 0.1578,
      "rfid": 291120258,
      "has_stamp": true,
      "corrected": false,
      "dubious": false,
      "candid_alert": null,
      "step_id_corr": "1.2.0",
      "phase": 0.0,
      "parent_candid": null
    },
    {
      "tid": "ztf",
      "mjd": 60160.419305600226,
      "candid": "2406419305815015007",
      "fid": 2,
      "pid": 2406419305815,
      "diffmaglim": 19.1661,
      "isdiffpos": 1,
      "nid": 2406,
      "distnr": 3.42538,
      "magpsf": 19.0896,
      "magpsf_corr": null,
      "magpsf_corr_ext": null,
      "magap": 18.6545,
      "magap_corr": null,
      "sigmapsf": 0.180277,
      "sigmapsf_corr": null,
      "sigmapsf_corr_ext": null,
      "sigmagap": 0.2169,
      "sigmagap_corr": null,
      "ra": 337.2833585,
      "dec": -22.1946386,
      "rb": 0.627143,
      "rbversion": "t17_f5_c3",
      "drb": null,
      "magapbig": 18.7237,
      "sigmagapbig": 0.2957,
      "rfid": null,
      "has_stamp": false,
      "corrected": false,
      "dubious": false,
      "candid_alert": null,
      "step_id_corr": "1.2.0",
      "phase": 0.0,
      "parent_candid": 2419334355815015000
    },
    {
      "tid": "ztf",
      "mjd": 60169.418298599776,
      "candid": "2415418295815015189",
      "fid": 2,
      "pid": 2415418295815,
      "diffmaglim": 19.1945,
      "isdiffpos": 1,
      "nid": 2415,
      "distnr": 2.92918,
      "magpsf": 18.6767,
      "magpsf_corr": null,
      "magpsf_corr_ext": null,
      "magap": 18.0991,
      "magap_corr": null,
      "sigmapsf": 0.139885,
      "sigmapsf_corr": null,
      "sigmapsf_corr_ext": null,
      "sigmagap": 0.1369,
      "sigmagap_corr": null,
      "ra": 337.2834954,
      "dec": -22.1947189,
      "rb": 0.264286,
      "rbversion": "t17_f5_c3",
      "drb": null,
      "magapbig": 17.95,
      "sigmagapbig": 0.152,
      "rfid": null,
      "has_stamp": false,
      "corrected": false,
      "dubious": false,
      "candid_alert": null,
      "step_id_corr": "1.2.0",
      "phase": 0.0,
      "parent_candid": 2419334355815015000
    },
    {
      "tid": "ztf",
      "mjd": 60169.418298599776,
      "candid": "2415418295815025189",
      "fid": 2,
      "pid": 2415418295815,
      "diffmaglim": 19.1945,
      "isdiffpos": 1,
      "nid": 2415,
      "distnr": 2.92918,
      "magpsf": 18.6767,
      "magpsf_corr": null,
      "magpsf_corr_ext": null,
      "magap": 18.0991,
      "magap_corr": null,
      "sigmapsf": 0.139885,
      "sigmapsf_corr": null,
      "sigmapsf_corr_ext": null,
      "sigmagap": 0.1369,
      "sigmagap_corr": null,
      "ra": 337.2834954,
      "dec": -22.1947189,
      "rb": 0.264286,
      "rbversion": "t17_f5_c3",
      "drb": null,
      "magapbig": 17.95,
      "sigmagapbig": 0.152,
      "rfid": null,
      "has_stamp": false,
      "corrected": false,
      "dubious": false,
      "candid_alert": null,
      "step_id_corr": "1.2.0",
      "phase": 0.0,
      "parent_candid": 2427310055815015000
    },
    {
      "tid": "ztf",
      "mjd": 60173.334351900034,
      "candid": "2419334355815015023",
      "fid": 2,
      "pid": 2419334355815,
      "diffmaglim": 20.187561,
      "isdiffpos": 1,
      "nid": 2419,
      "distnr": 3.57953,
      "magpsf": 19.336903,
      "magpsf_corr": null,
      "magpsf_corr_ext": null,
      "magap": 19.5762,
      "magap_corr": null,
      "sigmapsf": 0.15385225,
      "sigmapsf_corr": null,
      "sigmapsf_corr_ext": null,
      "sigmagap": 0.2267,
      "sigmagap_corr": null,
      "ra": 337.2833968,
      "dec": -22.1945601,
      "rb": 0.7885714,