{
  "detections": [
    {
      "tid": "ztf",
      "mjd": 59622.328275499865,
      "candid": "1868328274615015002",
      "fid": 2,
      "pid": 1868328274615,
      "diffmaglim": 19.148891,
      "isdiffpos": 1,
      "nid": 1868,
      "distnr": 1.4329876,
      "magpsf": 18.51325,
      "magpsf_corr": null,
      "magpsf_corr_ext": null,
      "magap": 18.5553,
      "magap_corr": null,
      "sigmapsf": 0.19205946,
      "sigmapsf_corr": null,
      "sigmapsf_corr_ext": null,
      "sigmagap": 0.1513,
      "sigmagap_corr": null,
      "ra": 68.3080657,
      "dec": 76.5664363,
      "rb": 0.29714286,
      "rbversion": "t17_f5_c3",
      "drb": 0.9494811,
      "magapbig": 18.5664,
      "sigmagapbig": 0.1922,
      "rfid": 857120246,
      "has_stamp": true,
      "corrected": false,
      "dubious": false,
      "candid_alert": null,
      "step_id_corr": "correction_1.0.6",
      "phase": 0.0,
      "parent_candid": null
    },
    {
      "tid": "ztf",
      "mjd": 59629.35295139998,
      "candid": "1875352954615015003",
      "fid": 2,
      "pid": 1875352954615,
      "diffmaglim": 19.551579,
      "isdiffpos": 1,
      "nid": 1875,
      "distnr": 1.6159811,
      "magpsf": 18.77526,
      "magpsf_corr": null,
      "magpsf_corr_ext": null,
      "magap": 18.7227,
      "magap_corr": null,
      "sigmapsf": 0.11006674,
      "sigmapsf_corr": null,
      "sigmapsf_corr_ext": null,
      "sigmagap": 0.178,
      "sigmagap_corr": null,
      "ra": 68.3089837,
      "dec": 76.5664109,
      "rb": 0.91714287,
      "rbversion": "t17_f5_c3",
      "drb": 0.99997807,
      "magapbig": 18.6946,
      "sigmagapbig": 0.2183,
      "rfid": 857120246,
      "has_stamp": true,
      "corrected": false,
      "dubious": false,
      "candid_alert": null,
      "step_id_corr": "correction_1.0.6",
      "phase": 0.0,
      "parent_candid": null
    },
    {
      "tid": "ztf",
      "mjd": 59640.17862269981,
      "candid": "1886178624615015008",
      "fid": 1,
      "pid": 1886178624615,
      "diffmaglim": 20.3127,
      "isdiffpos": 1,
      "nid": 1886,
      "distnr": 1.9805,
      "magpsf": 20.4531,
      "magpsf_corr": null,
      "magpsf_corr_ext": null,
      "magap": 20.6891,
      "magap_corr": null,
      "sigmapsf": 0.243636,
      "sigmapsf_corr": null,
      "sigmapsf_corr_ext": null,
      "sigmagap": 0.6133,
      "sigmagap_corr": null,
      "ra": 68.3089926,
      "dec": 76.5664544,
      "rb": 0.837143,
      "rbversion": "t17_f5_c3",
      "drb": null,
      "magapbig": 20.6751,
      "sigmagapbig": 0.7583,
      "rfid": null,
      "has_stamp": false,
      "corrected": false,
      "dubious": false,
      "candid_alert": null,
      "step_id_corr": "correction_1.0.6",
      "phase": 0.0,
      "parent_candid": 1886260964615015007
    },
    {
      "tid": "ztf",
      "mjd": 59640.26096059987,
      "candid": "1886260964615015007",
      "fid": 2,
      "pid": 1886260964615,
      "diffmaglim": 20.319706,
      "isdiffpos": 1,
      "nid": 1886,
      "distnr": 1.8253381,
      "magpsf": 19.056301,
      "magpsf_corr": null,
      "magpsf_corr_ext": null,
      "magap": 19.3025,
      "magap_corr": null,
      "sigmapsf": 0.12644404,
      "sigmapsf_corr": null,
      "sigmapsf_corr_ext": null,
      "sigmagap": 0.2077,
      "sigmagap_corr": null,
      "ra": 68.3091945,
      "dec": 76.5664455,
      "rb": 0.86714286,
      "rbversion": "t17_f5_c3",
      "drb": 0.9856456,
      "magapbig": 19.5116,
      "sigmagapbig": 0.3086,
      "rfid": 857120246,
      "has_stamp": true,
      "corrected": false,
      "dubious": false,
      "candid_alert": null,
      "step_id_corr": "correction_1.0.6",
      "phase": 0.0,
      "parent_candid": null
    },
    {
      "tid": "ztf",
      "mjd": 59674.22009260021,
      "candid": "1920220094615015004",
      "fid": 2,
      "pid": 1920220094615,
      "diffmaglim": 20.09193,
      "isdiffpos": 1,
      "nid": 1920,
      "distnr": 1.7954257,
      "magpsf": 19.56539,
      "magpsf_corr": null,
      "magpsf_corr_ext": null,
      "magap": 19.9952,
      "magap_corr": null,
      "sigmapsf": 0.18722226,
      "sigmapsf_corr": null,
      "sigmapsf_corr_ext": null,
      "sigmagap": 0.4385,
      "sigmagap_corr": null,
      "ra": 68.3093965,
      "dec": 76.5663953,
      "rb": 0.7457143,
      "rbversion": "t17_f5_c3",
      "drb": 0.9999671,
      "magapbig": 19.9942,
      "sigmagapbig": 0.542,
      "rfid": 857120246,
      "has_stamp": true,
      "corrected": false,
      "dubious": false,
      "candid_alert": null,
      "step_id_corr": "correction_1.0.6",
      "phase": 0.0,
      "parent_candid": null
    },
    {
      "tid": "ztf",
      "mjd": 59685.22243059985,
      "candid": "1931222434615015002",
      "fid": 2,
      "pid": 1931222434615,
      "diffmaglim": 19.306173,
      "isdiffpos": 1,
      "nid": 1931,
      "distnr": 1.5247723,
      "magpsf": 19.332563,
      "magpsf_corr": null,
      "magpsf_corr_ext": null,
      "magap": 19.4768,
      "magap_corr": null,
      "sigmapsf": 0.17511767,
      "sigmapsf_corr": null,
      "sigmapsf_corr_ext": null,
      "sigmagap": 0.4491,
      "sigmagap_corr": null,
      "ra": 68.3088997,
      "dec": 76.5663936,
      "rb": 0.8457143,
      "rbversion": "t17_f5_c3",
      "drb": 0.9984487,
      "magapbig": 19.4702,
      "sigmagapbig": 0.5662,
      "rfid": 857120246,
      "has_stamp": true,
      "corrected": false,
      "dubious": false,
      "candid_alert": null,
      "step_id_corr": "correction_1.0.6",
      "phase": 0.0,
      "parent_candid": null
    },
    {
      "tid": "ztf",
      "mjd": 59688.16313660005,
      "candid": "1934163134615015006",
      "fid": 2,
      "pid": 1934163134615,
      "diffmaglim": 19.765688,
      "isdiffpos": 1,
      "nid": 1934,
      "distnr": 1.7425703,
      "magpsf": 19.302334,
      "magpsf_corr": null,
      "magpsf_corr_ext": null,
      "magap": 19.0793,
      "magap_corr": null,
      "sigmapsf": 0.16778447,
      "sigmapsf_corr": null,
      "sigmapsf_corr_ext": null,
      "sigmagap": 0.2135,
      "sigmagap_corr": null,
      "ra": 68.3090863,
      "dec": 76.5664367,
      "rb": 0.79571426,
      "rbversion": "t17_f5_c3",
      "drb": 0.987893,
      "magapbig": 18.805,
      "sigmagapbig": 0.207,
      "rfid": 857120246,
      "has_stamp": true,
      "corrected": false,
      "dubious": false,
      "candid_alert": null,
      "step_id_corr": "correction_1.0.6",
      "phase": 0.0,
      "parent_candid": null
    }
  ],
  "non_detections": [
    {
      "tid": "ztf",
      "mjd": 59622.239687500056,
      "fid": 1,
      "diffmaglim": 19.502
    },
    {
      "tid": "ztf",
      "mjd": 59624.220347200055,
      "fid": 1,
      "diffmaglim": 19.5968
    },
    {
      "tid": "ztf",
      "mjd": 59624.344467599876,
      "fid": 2,
      "diffmaglim": 19.6443
    },
    {
      "tid": "ztf",
      "mjd": 59627.22660879977,
      "fid": 1,
      "diffmaglim": 19.2649
    },
    {
      "tid": "ztf",
      "mjd": 59627.35045140004,
      "fid": 2,
      "diffmaglim": 18.7495
    },
    {
      "tid": "ztf",
      "mjd": 59629.226331000216,
      "fid": 1,
      "diffmaglim": 19.5994
    },
    {
      "tid": "ztf",
      "mjd": 59636.15802079998,
      "fid": 2,
      "diffmaglim": 20.3062
    },
    {
      "tid": "ztf",
      "mjd": 59636.20100690005,
      "fid": 1,
      "diffmaglim": 20.3833
    },
    {
      "tid": "ztf",
      "mjd": 59638.345544000156,
      "fid": 1,
      "diffmaglim": 19.0398
    },
    {
      "tid": "ztf",
      "mjd": 59671.20682869991,
      "fid": 1,
      "diffmaglim": 20.0755
    },
    {
      "tid": "ztf",
      "mjd": 59674.16127309995,
      "fid": 1,
      "diffmaglim": 20.2771
    },
    {
      "tid": "ztf",
      "mjd": 59676.161018500105,
      "fid": 2,
      "diffmaglim": 19.7021
    },
    {
      "tid": "ztf",
      "mjd": 59676.19822920021,
      "fid": 1,