{
  "detections": [
    {
      "tid": "ztf",
      "mjd": 60149.45483799977,
      "candid": "2395454833915015006",
      "fid": 1,
      "pid": 2395454833915,
      "diffmaglim": 20.387693,
      "isdiffpos": 1,
      "nid": 2395,
      "distnr": 3.49787,
      "magpsf": 19.185701,
      "magpsf_corr": null,
      "magpsf_corr_ext": null,
      "magap": 18.9665,
      "magap_corr": null,
      "sigmapsf": 0.12298116,
      "sigmapsf_corr": null,
      "sigmapsf_corr_ext": null,
      "sigmagap": 0.115,
      "sigmagap_corr": null,
      "ra": 23.9910149,
      "dec": -16.2541251,
      "rb": 0.93714285,
      "rbversion": "t17_f5_c3",
      "drb": 0.9999908,
      "magapbig": 18.8956,
      "sigmagapbig": 0.1358,
      "rfid": 297120139,
      "has_stamp": true,
      "corrected": false,
      "dubious": false,
      "candid_alert": null,
      "step_id_corr": "1.2.0",
      "phase": 0.0,
      "parent_candid": null
    },
    {
      "tid": "ztf",
      "mjd": 60153.41809030017,
      "candid": "2399418093915015002",
      "fid": 1,
      "pid": 2399418093915,
      "diffmaglim": 19.775827,
      "isdiffpos": 1,
      "nid": 2399,
      "distnr": 3.2944906,
      "magpsf": 18.94091,
      "magpsf_corr": null,
      "magpsf_corr_ext": null,
      "magap": 18.8478,
      "magap_corr": null,
      "sigmapsf": 0.15616462,
      "sigmapsf_corr": null,
      "sigmapsf_corr_ext": null,
      "sigmagap": 0.1377,
      "sigmagap_corr": null,
      "ra": 23.9910794,
      "dec": -16.2540764,
      "rb": 0.73571426,
      "rbversion": "t17_f5_c3",
      "drb": 0.99997413,
      "magapbig": 18.717,
      "sigmagapbig": 0.155,
      "rfid": 297120139,
      "has_stamp": true,
      "corrected": false,
      "dubious": false,
      "candid_alert": null,
      "step_id_corr": "1.2.0",
      "phase": 0.0,
      "parent_candid": null
    },
    {
      "tid": "ztf",
      "mjd": 60156.41412039986,
      "candid": "2402414123915015000",
      "fid": 2,
      "pid": 2402414123915,
      "diffmaglim": 19.202944,
      "isdiffpos": 1,
      "nid": 2402,
      "distnr": 1.1067321,
      "magpsf": 18.326706,
      "magpsf_corr": 17.949055,
      "magpsf_corr_ext": null,
      "magap": 18.3439,
      "magap_corr": null,
      "sigmapsf": 0.10933892,
      "sigmapsf_corr": 0.0691452,
      "sigmapsf_corr_ext": 0.07721731,
      "sigmagap": 0.1783,
      "sigmagap_corr": null,
      "ra": 23.9910116,
      "dec": -16.2541076,
      "rb": 0.93714285,
      "rbversion": "t17_f5_c3",
      "drb": 0.9999844,
      "magapbig": 18.2279,
      "sigmagapbig": 0.2052,
      "rfid": 297120239,
      "has_stamp": true,
      "corrected": true,
      "dubious": false,
      "candid_alert": null,
      "step_id_corr": "1.2.0",
      "phase": 0.0,
      "parent_candid": null
    },
    {
      "tid": "ztf",
      "mjd": 60160.39773150021,
      "candid": "2406397733915015001",
      "fid": 1,
      "pid": 2406397733915,
      "diffmaglim": 18.7081,
      "isdiffpos": 1,
      "nid": 2406,
      "distnr": 3.43601,
      "magpsf": 18.6495,
      "magpsf_corr": null,
      "magpsf_corr_ext": null,
      "magap": 18.776,
      "magap_corr": null,
      "sigmapsf": 0.229777,
      "sigmapsf_corr": null,
      "sigmapsf_corr_ext": null,
      "sigmagap": 0.3003,
      "sigmagap_corr": null,
      "ra": 23.9910807,
      "dec": -16.2541304,
      "rb": 0.667143,
      "rbversion": "t17_f5_c3",
      "drb": null,
      "magapbig": 18.6955,
      "sigmagapbig": 0.3577,
      "rfid": null,
      "has_stamp": false,
      "corrected": false,
      "dubious": false,
      "candid_alert": null,
      "step_id_corr": "1.2.0",
      "phase": 0.0,
      "parent_candid": 2409459253915015000
    },
    {
      "tid": "ztf",
      "mjd": 60163.45925930003,
      "candid": "2409459253915015003",
      "fid": 1,
      "pid": 2409459253915,
      "diffmaglim": 19.471825,
      "isdiffpos": 1,
      "nid": 2409,
      "distnr": 3.467161,
      "magpsf": 18.700466,
      "magpsf_corr": null,
      "magpsf_corr_ext": null,
      "magap": 18.7762,
      "magap_corr": null,
      "sigmapsf": 0.11699325,
      "sigmapsf_corr": null,
      "sigmapsf_corr_ext": null,
      "sigmagap": 0.1614,
      "sigmagap_corr": null,
      "ra": 23.9910862,
      "dec": -16.2541463,
      "rb": 0.89857143,
      "rbversion": "t17_f5_c3",
      "drb": 0.99999666,
      "magapbig": 18.7844,
      "sigmagapbig": 0.2077,
      "rfid": 297120139,
      "has_stamp": true,
      "corrected": false,
      "dubious": false,
      "candid_alert": null,
      "step_id_corr": "1.2.0",
      "phase": 0.0,
      "parent_candid": null
    },
    {
      "tid": "ztf",
      "mjd": 60170.446620400064,
      "candid": "2416446623915015002",
      "fid": 1,
      "pid": 2416446623915,
      "diffmaglim": 20.369385,
      "isdiffpos": 1,
      "nid": 2416,
      "distnr": 3.4885583,
      "magpsf": 19.134066,
      "magpsf_corr": null,
      "magpsf_corr_ext": null,
      "magap": 19.4919,
      "magap_corr": null,
      "sigmapsf": 0.09783288,
      "sigmapsf_corr": null,
      "sigmapsf_corr_ext": null,
      "sigmagap": 0.1796,
      "sigmagap_corr": null,
      "ra": 23.99102,
      "dec": -16.2541069,
      "rb": 0.9242857,
      "rbversion": "t17_f5_c3",
      "drb": 1.0,
      "magapbig": 19.3884,
      "sigmagapbig": 0.206,
      "rfid": 297120139,
      "has_stamp": true,
      "corrected": false,
      "dubious": false,
      "candid_alert": null,
      "step_id_corr": "1.2.0",
      "phase": 0.0,
      "parent_candid": null
    }
  ],
  "non_detections": [
    {
      "tid": "ztf",
      "mjd": 60149.42741899984,
      "fid": 2,
      "diffmaglim": 20.196
    },
    {
      "tid": "ztf",
      "mjd": 60153.45999999996,
      "fid": 2,
      "diffmaglim": 20.3769
    },
    {
      "tid": "ztf",
      "mjd": 60163.40123840002,
      "fid": 2,
      "diffmaglim": 19.6119
    },
    {
      "tid": "ztf",
      "mjd": 60168.44064809987,
      "fid": 2,
      "diffmaglim": 20.4403
    },
    {
      "tid": "ztf",
      "mjd": 60170.41952549992,
      "fid": 2,
      "diffmaglim": 20.4325
    }
  ],
  "forced_detections": []
}