{
  "detections": [
    {
      "tid": "ztf",
      "mjd": 60634.48964119982,
      "candid": "2880489641215015005",
      "fid": 1,
      "pid": 2880489641215,
      "diffmaglim": 19.447628,
      "isdiffpos": 1,
      "nid": 2880,
      "distnr": 1.3305116,
      "magpsf": 18.64244,
      "magpsf_corr": 18.468409,
      "magpsf_corr_ext": null,
      "magap": 18.5958,
      "magap_corr": null,
      "sigmapsf": 0.10862314,
      "sigmapsf_corr": 0.09177408,
      "sigmapsf_corr_ext": 0.09253574,
      "sigmagap": 0.157,
      "sigmagap_corr": null,
      "ra": 201.1817543,
      "dec": 44.895451,
      "rb": 0.93142855,
      "rbversion": "t17_f5_c3",
      "drb": 0.99998593,
      "magapbig": 18.387,
      "sigmagapbig": 0.1661,
      "rfid": 757120112,
      "has_stamp": true,
      "corrected": true,
      "dubious": false,
      "candid_alert": null,
      "step_id_corr": "25.0.0",
      "phase": 0.0,
      "parent_candid": null
    },
    {
      "tid": "ztf",
      "mjd": 60635.51199069992,
      "candid": "2881511991215015003",
      "fid": 1,
      "pid": 2881511991215,
      "diffmaglim": 19.549877,
      "isdiffpos": 1,
      "nid": 2881,
      "distnr": 1.3201998,
      "magpsf": 18.58,
      "magpsf_corr": 18.414991,
      "magpsf_corr_ext": null,
      "magap": 18.4441,
      "magap_corr": null,
      "sigmapsf": 0.11878668,
      "sigmapsf_corr": 0.10141328,
      "sigmapsf_corr_ext": 0.102038614,
      "sigmagap": 0.1164,
      "sigmagap_corr": null,
      "ra": 201.1817502,
      "dec": 44.8954496,
      "rb": 0.8042857,
      "rbversion": "t17_f5_c3",
      "drb": 0.9995619,
      "magapbig": 18.4484,
      "sigmagapbig": 0.1494,
      "rfid": 757120112,
      "has_stamp": true,
      "corrected": true,
      "dubious": true,
      "candid_alert": null,
      "step_id_corr": "25.0.0",
      "phase": 0.0,
      "parent_candid": null
    },
    {
      "tid": "ztf",
      "mjd": 60637.49008100014,
      "candid": "2883490081215015007",
      "fid": 1,
      "pid": 2883490081215,
      "diffmaglim": 19.93371,
      "isdiffpos": 1,
      "nid": 2883,
      "distnr": 1.2271403,
      "magpsf": 18.694408,
      "magpsf_corr": 18.512522,
      "magpsf_corr_ext": null,
      "magap": 18.831,
      "magap_corr": null,
      "sigmapsf": 0.101056226,
      "sigmapsf_corr": 0.084573455,
      "sigmapsf_corr_ext": 0.0854689,
      "sigmagap": 0.1316,
      "sigmagap_corr": null,
      "ra": 201.1817072,
      "dec": 44.8954381,
      "rb": 0.95285714,
      "rbversion": "t17_f5_c3",
      "drb": 0.9999887,
      "magapbig": 18.7315,
      "sigmagapbig": 0.1536,
      "rfid": 757120112,
      "has_stamp": true,
      "corrected": true,
      "dubious": true,
      "candid_alert": null,
      "step_id_corr": "25.0.0",
      "phase": 0.0,
      "parent_candid": null
    }
  ],
  "non_detections": [
    {
      "tid": "ztf",
      "mjd": 60635.5379050998,
      "fid": 2,
      "diffmaglim": 19.383
    }
  ],
  "forced_detections": [
    {
      "candid": "ZTF24abtdixv2880489641215",
      "tid": "ztf",
      "pid": 2880489641215,
      "oid": "ZTF24abtdixv",
      "mjd": 60634.48964119982,
      "fid": 1,
      "ra": 201.1817072,
      "e_ra": null,
      "dec": 44.8954381,
      "e_dec": null,
      "mag": 18.70456886291504,
      "e_mag": 0.0775207132101059,
      "mag_corr": null,
      "e_mag_corr": null,
      "e_mag_corr_ext": null,
      "isdiffpos": 1,
      "corrected": false,
      "dubious": false,
      "parent_candid": 2883490081215015007,
      "has_stamp": false,
      "scibckgnd": 189.36500549316406,
      "exptime": 30.0,
      "magnr": 20.895000457763672,
      "scisigpix": 11.93340015411377,
      "adpctdif1": 0.11974500119686127,
      "sigmagnr": 0.12200000137090683,
      "magzpsci": 26.1343994140625,
      "adpctdif2": 0.11835300177335739,
      "chinr": 3.115999937057495,
      "diffmaglim": 19.447599411010742,
      "programid": 1,
      "sharpnr": 0.3319999873638153,
      "field": 757,
      "magzpsciunc": 5.9266199968988076e-05,
      "procstatus": "0",
      "rcid": 12,
      "magzpscirms": 0.0484284982085228,
      "distnr": 4.303445816040039,
      "rfid": 757120112,
      "clrcoeff": -0.017662400379776955,
      "ranr": 201.18003845214844,
      "sciinpseeing": 2.424999952316284,
      "clrcounc": 0.00010653900244506076,
      "decnr": 44.895259857177734
    },
    {
      "candid": "ZTF24abtdixv2881511991215",
      "tid": "ztf",
      "pid": 2881511991215,
      "oid": "ZTF24abtdixv",
      "mjd": 60635.51199069992,
      "fid": 1,
      "ra": 201.1817072,
      "e_ra": null,
      "dec": 44.8954381,
      "e_dec": null,
      "mag": 18.631948471069336,
      "e_mag": 0.062450528144836426,
      "mag_corr": null,
      "e_mag_corr": null,
      "e_mag_corr_ext": null,
      "isdiffpos": 1,
      "corrected": false,
      "dubious": false,
      "parent_candid": 2883490081215015007,
      "has_stamp": false,
      "scibckgnd": 191.61199951171875,
      "exptime": 30.0,
      "magnr": 20.895000457763672,
      "scisigpix": 10.174799919128418,
      "adpctdif1": 0.12976199388504028,
      "sigmagnr": 0.12200000137090683,
      "magzpsci": 26.14299964904785,
      "adpctdif2": 0.11064700037240982,
      "chinr": 3.115999937057495,
      "diffmaglim": 19.54990005493164,
      "programid": 1,
      "sharpnr": 0.3319999873638153,
      "field": 757,
      "magzpsciunc": 5.444910129881464e-05,
      "procstatus": "0",
      "rcid": 12,
      "magzpscirms": 0.04534199833869934,
      "distnr": 4.303445816040039,
      "rfid": 757120112,
      "clrcoeff": -0.0017805499956011772,
      "ranr": 201.18003845214844,
      "sciinpseeing": 2.6798999309539795,
      "clrcounc": 9.706069977255538e-05,
      "decnr": 44.895259857177734
    }
  ]
}