{
  "detections": [
    {
      "tid": "ztf",
      "mjd": 60163.399791699834,
      "candid": "2409399793915015006",
      "fid": 2,
      "pid": 2409399793915,
      "diffmaglim": 20.33931,
      "isdiffpos": 1,
      "nid": 2409,
      "distnr": 0.2337116,
      "magpsf": 18.339806,
      "magpsf_corr": 18.07679,
      "magpsf_corr_ext": null,
      "magap": 18.454,
      "magap_corr": null,
      "sigmapsf": 0.055732206,
      "sigmapsf_corr": 0.04270558,
      "sigmapsf_corr_ext": 0.043742117,
      "sigmagap": 0.0777,
      "sigmagap_corr": null,
      "ra": 356.2289667,
      "dec": 12.3559568,
      "rb": 0.9457143,
      "rbversion": "t17_f5_c3",
      "drb": 1.0,
      "magapbig": 18.4461,
      "sigmagapbig": 0.0983,
      "rfid": 549120239,
      "has_stamp": true,
      "corrected": true,
      "dubious": false,
      "candid_alert": null,
      "step_id_corr": "1.2.0",
      "phase": 0.0,
      "parent_candid": null
    },
    {
      "tid": "ztf",
      "mjd": 60163.44122690009,
      "candid": "2409441223915015002",
      "fid": 1,
      "pid": 2409441223915,
      "diffmaglim": 19.993856,
      "isdiffpos": 1,
      "nid": 2409,
      "distnr": 0.32992816,
      "magpsf": 18.169218,
      "magpsf_corr": 18.005724,
      "magpsf_corr_ext": null,
      "magap": 17.9831,
      "magap_corr": null,
      "sigmapsf": 0.062531024,
      "sigmapsf_corr": 0.05333347,
      "sigmapsf_corr_ext": 0.053789545,
      "sigmagap": 0.0565,
      "sigmagap_corr": null,
      "ra": 356.2289293,
      "dec": 12.3559484,
      "rb": 0.8914286,
      "rbversion": "t17_f5_c3",
      "drb": 0.9999998,
      "magapbig": 17.9746,
      "sigmagapbig": 0.0714,
      "rfid": 549120139,
      "has_stamp": true,
      "corrected": true,
      "dubious": false,
      "candid_alert": null,
      "step_id_corr": "1.2.0",
      "phase": 0.0,
      "parent_candid": null
    },
    {
      "tid": "ztf",
      "mjd": 60168.39997689985,
      "candid": "2414399973915015003",
      "fid": 1,
      "pid": 2414399973915,
      "diffmaglim": 20.948559,
      "isdiffpos": 1,
      "nid": 2414,
      "distnr": 0.31458282,
      "magpsf": 18.495056,
      "magpsf_corr": 18.279697,
      "magpsf_corr_ext": null,
      "magap": 18.4626,
      "magap_corr": null,
      "sigmapsf": 0.059126463,
      "sigmapsf_corr": 0.047646634,
      "sigmapsf_corr_ext": 0.048488446,
      "sigmagap": 0.0447,
      "sigmagap_corr": null,
      "ra": 356.2289325,
      "dec": 12.3559567,
      "rb": 0.94857144,
      "rbversion": "t17_f5_c3",
      "drb": 0.9999993,
      "magapbig": 18.4389,
      "sigmagapbig": 0.0546,
      "rfid": 549120139,
      "has_stamp": true,
      "corrected": true,
      "dubious": false,
      "candid_alert": null,
      "step_id_corr": "1.2.0",
      "phase": 0.0,
      "parent_candid": null
    },
    {
      "tid": "ztf",
      "mjd": 60168.454375000205,
      "candid": "2414454373915015007",
      "fid": 2,
      "pid": 2414454373915,
      "diffmaglim": 20.874552,
      "isdiffpos": 1,
      "nid": 2414,
      "distnr": 0.3839018,
      "magpsf": 18.331732,
      "magpsf_corr": 18.070448,
      "magpsf_corr_ext": null,
      "magap": 18.2942,
      "magap_corr": null,
      "sigmapsf": 0.059320174,
      "sigmapsf_corr": 0.045673024,
      "sigmapsf_corr_ext": 0.046632502,
      "sigmagap": 0.0439,
      "sigmagap_corr": null,
      "ra": 356.2289249,
      "dec": 12.3559686,
      "rb": 0.9185714,
      "rbversion": "t17_f5_c3",
      "drb": 0.9999897,
      "magapbig": 18.3151,
      "sigmagapbig": 0.056,
      "rfid": 549120239,
      "has_stamp": true,
      "corrected": true,
      "dubious": false,
      "candid_alert": null,
      "step_id_corr": "1.2.0",
      "phase": 0.0,
      "parent_candid": null
    },
    {
      "tid": "ztf",
      "mjd": 60170.36429399997,
      "candid": "2416364293915015005",
      "fid": 1,
      "pid": 2416364293915,
      "diffmaglim": 20.775002,
      "isdiffpos": 1,
      "nid": 2416,
      "distnr": 0.34297556,
      "magpsf": 18.760296,
      "magpsf_corr": 18.492184,
      "magpsf_corr_ext": null,
      "magap": 18.8233,
      "magap_corr": null,
      "sigmapsf": 0.08122841,
      "sigmapsf_corr": 0.062504284,
      "sigmapsf_corr_ext": 0.063454576,
      "sigmagap": 0.0691,
      "sigmagap_corr": null,
      "ra": 356.2289236,
      "dec": 12.3559605,
      "rb": 0.9514286,
      "rbversion": "t17_f5_c3",
      "drb": 1.0,
      "magapbig": 18.8294,
      "sigmagapbig": 0.0876,
      "rfid": 549120139,
      "has_stamp": true,
      "corrected": true,
      "dubious": false,
      "candid_alert": null,
      "step_id_corr": "1.2.0",
      "phase": 0.0,
      "parent_candid": null
    },
    {
      "tid": "ztf",
      "mjd": 60170.399166699965,
      "candid": "2416399163915015004",
      "fid": 2,
      "pid": 2416399163915,
      "diffmaglim": 20.51524,
      "isdiffpos": 1,
      "nid": 2416,
      "distnr": 0.39149532,
      "magpsf": 18.49026,
      "magpsf_corr": 18.193068,
      "magpsf_corr_ext": null,
      "magap": 18.497,
      "magap_corr": null,
      "sigmapsf": 0.064743735,
      "sigmapsf_corr": 0.048099957,
      "sigmapsf_corr_ext": 0.049240384,
      "sigmagap": 0.0648,
      "sigmagap_corr": null,
      "ra": 356.228921,
      "dec": 12.3559579,
      "rb": 0.94714284,
      "rbversion": "t17_f5_c3",
      "drb": 0.99999917,
      "magapbig": 18.5051,
      "sigmagapbig": 0.0827,
      "rfid": 549120239,
      "has_stamp": true,
      "corrected": true,
      "dubious": false,
      "candid_alert": null,
      "step_id_corr": "1.2.0",
      "phase": 0.0,
      "parent_candid": null
    },
    {
      "tid": "ztf",
      "mjd": 60173.38273150008,
      "candid": "2419382733915015004",
      "fid": 1,
      "pid": 2419382733915,
      "diffmaglim": 20.46782,
      "isdiffpos": 1,
      "nid": 2419,
      "distnr": 0.37267852,
      "magpsf": 19.012327,
      "magpsf_corr": 18.683851,
      "magpsf_corr_ext": null,
      "magap": 18.9181,
      "magap_corr": null,
      "sigmapsf": 0.11223779,
      "sigmapsf_corr": 0.0819034,
      "sigmapsf_corr_ext": 0.08293701,
      "sigmagap": 0.0882,
      "sigmagap_corr": null,
      "ra": 356.2289205,
      "dec": 12.3559386,
      "rb": 0.95285714,
      "rbversion": "t17_f5_c3",
      "drb": 0.9999926,
      "magapbig": 18.8768,
      "sigmagapbig": 0.108,
      "rfid": 549120139,
      "has_stamp": true,
      "corrected": true,
      "dubious": false,
      "candid_alert": null,
      "step_id_corr": "1.2.0",
      "phase": 0.0,
      "parent_candid": null
    },
    {
      "tid": "ztf",
      "mjd": 60182.33966440009,
      "candid": "2428339663915015009",
      "fid": 2,
      "pid": 2428339663915,
      "diffmaglim": 20.461786,
      "isdiffpos": 1,
      "nid": 2428,
      "distnr": 0.5071377,
      "magpsf": 19.489883,
      "magpsf_corr": 18.85739,
      "magpsf_corr_ext": null,
      "magap": 19.4347,
      "magap_corr": null,
      "sigmapsf": 0.12916124,
      "sigmapsf_corr": 0.06946782,
      "sigmapsf_corr_ext": 0.07213316,
      "sigmagap": 0.1544,
      "sigmagap_corr": null,
      "ra": 356.2288903,
      "dec": 12.3559774,
      "rb": 0.9357143,
      "rbversion": "t17_f5_c3",
      "drb": 0.99997413,
      "magapbig": 19.8423,
      "sigmagapbig": 0.2868,
      "rfid": 549120239,
      "has_stamp": true,
      "corrected": true,
      "dubious": false,
      "candid_alert": null,
      "step_id_corr": "1.2.0",
      "phase": 0.0,
      "parent_candid": null
    },
    {
      "tid": "ztf",
      "mjd": 60182.40563660022,
      "candid": "2428405633915015001",
      "fid": 1,
      "pid": 2428405633915,
      "diffmaglim": 20.6171,
      "isdiffpos": 1,
      "nid": 2428,
      "distnr": 0.846355,
      "magpsf": 20.6017,
      "magpsf_corr": 19.595125,
      "magpsf_corr_ext": null,
      "magap": 20.7049,
      "magap_corr": null,
      "sigmapsf": 0.362474,
      "sigmapsf_corr": 0.14021373,
      "sigmapsf_corr_ext": 0.14343229,