{
  "detections": [
    {
      "tid": "ztf",
      "mjd": 59762.43576390017,
      "candid": "2008435766015015017",
      "fid": 3,
      "pid": 2008435766015,
      "diffmaglim": 19.54046,
      "isdiffpos": 1,
      "nid": 2008,
      "distnr": 0.8909027,
      "magpsf": 18.732979,
      "magpsf_corr": 17.990864,
      "magpsf_corr_ext": null,
      "magap": 19.0956,
      "magap_corr": null,
      "sigmapsf": 0.12344308,
      "sigmapsf_corr": 0.039708056,
      "sigmapsf_corr_ext": 0.062319018,
      "sigmagap": 0.2568,
      "sigmagap_corr": null,
      "ra": 359.4791425,
      "dec": -14.0419747,
      "rb": 0.8857143,
      "rbversion": "t17_f5_c3",
      "drb": 0.9999038,
      "magapbig": 18.7918,
      "sigmagapbig": 0.2496,
      "rfid": 294120360,
      "has_stamp": true,
      "corrected": true,
      "dubious": false,
      "candid_alert": null,
      "step_id_corr": "dev",
      "phase": 0.0,
      "parent_candid": null
    },
    {
      "tid": "ztf",
      "mjd": 59763.43430559989,
      "candid": "2009434306015015011",
      "fid": 2,
      "pid": 2009434306015,
      "diffmaglim": 20.126099,
      "isdiffpos": 1,
      "nid": 2009,
      "distnr": 0.24931295,
      "magpsf": 18.712315,
      "magpsf_corr": 17.966064,
      "magpsf_corr_ext": null,
      "magap": 18.7715,
      "magap_corr": null,
      "sigmapsf": 0.088655956,
      "sigmapsf_corr": 0.023681587,
      "sigmapsf_corr_ext": 0.04458694,
      "sigmagap": 0.1032,
      "sigmagap_corr": null,
      "ra": 359.4791782,
      "dec": -14.0420573,
      "rb": 0.9514286,
      "rbversion": "t17_f5_c3",
      "drb": 0.99999976,
      "magapbig": 18.8313,
      "sigmagapbig": 0.1391,
      "rfid": 294120260,
      "has_stamp": true,
      "corrected": true,
      "dubious": false,
      "candid_alert": null,
      "step_id_corr": "dev",
      "phase": 0.0,
      "parent_candid": null
    },
    {
      "tid": "ztf",
      "mjd": 59765.45583330002,
      "candid": "2011455836015015019",
      "fid": 2,
      "pid": 2011455836015,
      "diffmaglim": 20.320328,
      "isdiffpos": 1,
      "nid": 2011,
      "distnr": 0.14906901,
      "magpsf": 18.799307,
      "magpsf_corr": 18.008944,
      "magpsf_corr_ext": null,
      "magap": 18.9651,
      "magap_corr": null,
      "sigmapsf": 0.09060238,
      "sigmapsf_corr": 0.019228298,
      "sigmapsf_corr_ext": 0.043751616,
      "sigmagap": 0.1178,
      "sigmagap_corr": null,
      "ra": 359.4791976,
      "dec": -14.0420273,
      "rb": 0.95714283,
      "rbversion": "t17_f5_c3",
      "drb": 0.99999774,
      "magapbig": 19.2023,
      "sigmagapbig": 0.1872,
      "rfid": 294120260,
      "has_stamp": true,
      "corrected": true,
      "dubious": false,
      "candid_alert": null,
      "step_id_corr": "dev",
      "phase": 0.0,
      "parent_candid": null
    },
    {
      "tid": "ztf",
      "mjd": 59769.420567099936,
      "candid": "2015420566015015012",
      "fid": 1,
      "pid": 2015420566015,
      "diffmaglim": 20.27737,
      "isdiffpos": 1,
      "nid": 2015,
      "distnr": 0.8701277,
      "magpsf": 19.836391,
      "magpsf_corr": 18.60877,
      "magpsf_corr_ext": null,
      "magap": 20.0711,
      "magap_corr": null,
      "sigmapsf": 0.1931699,
      "sigmapsf_corr": 0.028372468,
      "sigmapsf_corr_ext": 0.06235784,
      "sigmagap": 0.2945,
      "sigmagap_corr": null,
      "ra": 359.4792182,
      "dec": -14.0420955,
      "rb": 0.94857144,
      "rbversion": "t17_f5_c3",
      "drb": 0.99998945,
      "magapbig": 20.2957,
      "sigmagapbig": 0.4642,
      "rfid": 294120160,
      "has_stamp": true,
      "corrected": true,
      "dubious": false,
      "candid_alert": null,
      "step_id_corr": "dev",
      "phase": 0.0,
      "parent_candid": null
    },
    {
      "tid": "ztf",
      "mjd": 59769.458483799826,
      "candid": "2015458486015015015",
      "fid": 1,
      "pid": 2015458486015,
      "diffmaglim": 20.230696,
      "isdiffpos": 1,
      "nid": 2015,
      "distnr": 1.0883113,
      "magpsf": 19.73306,
      "magpsf_corr": 18.574327,
      "magpsf_corr_ext": null,
      "magap": 19.8547,
      "magap_corr": null,
      "sigmapsf": 0.19222592,
      "sigmapsf_corr": 0.038439866,
      "sigmapsf_corr_ext": 0.066117816,
      "sigmagap": 0.2251,
      "sigmagap_corr": null,
      "ra": 359.4792394,
      "dec": -14.0421769,
      "rb": 0.91571426,
      "rbversion": "t17_f5_c3",
      "drb": 0.9999933,
      "magapbig": 19.5231,
      "sigmagapbig": 0.2127,
      "rfid": 294120160,
      "has_stamp": true,
      "corrected": true,
      "dubious": false,
      "candid_alert": null,
      "step_id_corr": "dev",
      "phase": 0.0,
      "parent_candid": null
    },
    {
      "tid": "ztf",
      "mjd": 59771.41079859994,
      "candid": "2017410796015015018",
      "fid": 1,
      "pid": 2017410796015,
      "diffmaglim": 19.6843,
      "isdiffpos": 1,
      "nid": 2017,
      "distnr": 1.02346,
      "magpsf": 19.9682,
      "magpsf_corr": 18.649597,
      "magpsf_corr_ext": null,
      "magap": 20.4258,
      "magap_corr": null,
      "sigmapsf": 0.269983,
      "sigmapsf_corr": 0.05567249,
      "sigmapsf_corr_ext": 0.08014841,
      "sigmagap": 0.6486,
      "sigmagap_corr": null,
      "ra": 359.4791611,
      "dec": -14.0421059,
      "rb": 0.801429,
      "rbversion": "t17_f5_c3",
      "drb": null,
      "magapbig": 20.216,
      "sigmagapbig": 0.6871,
      "rfid": null,
      "has_stamp": false,
      "corrected": true,
      "dubious": false,
      "candid_alert": null,
      "step_id_corr": "dev",
      "phase": 0.0,
      "parent_candid": 2021404696015015000
    },
    {
      "tid": "ztf",
      "mjd": 59775.40469910018,
      "candid": "2021404696015015005",
      "fid": 2,
      "pid": 2021404696015,
      "diffmaglim": 19.030252,
      "isdiffpos": 1,
      "nid": 2021,
      "distnr": 0.09406061,
      "magpsf": 18.727058,
      "magpsf_corr": 17.973454,
      "magpsf_corr_ext": null,
      "magap": 19.1428,
      "magap_corr": null,
      "sigmapsf": 0.1437092,
      "sigmapsf_corr": 0.060881548,
      "sigmapsf_corr_ext": 0.0717865,
      "sigmagap": 0.4117,
      "sigmagap_corr": null,
      "ra": 359.4792403,
      "dec": -14.0419952,
      "rb": 0.9357143,
      "rbversion": "t17_f5_c3",
      "drb": 0.9999969,
      "magapbig": 19.0681,
      "sigmagapbig": 0.4938,
      "rfid": 294120260,
      "has_stamp": true,
      "corrected": true,
      "dubious": false,
      "candid_alert": null,
      "step_id_corr": "dev",
      "phase": 0.0,
      "parent_candid": null
    },
    {
      "tid": "ztf",
      "mjd": 59779.41745370021,
      "candid": "2025417456015015009",
      "fid": 2,
      "pid": 2025417456015,
      "diffmaglim": 19.64271,
      "isdiffpos": 1,
      "nid": 2025,
      "distnr": 0.10500729,
      "magpsf": 18.935457,
      "magpsf_corr": 18.072563,
      "magpsf_corr_ext": null,
      "magap": 18.9276,
      "magap_corr": null,
      "sigmapsf": 0.11194735,
      "sigmapsf_corr": 0.028642286,
      "sigmapsf_corr_ext": 0.050565686,
      "sigmagap": 0.2142,
      "sigmagap_corr": null,
      "ra": 359.4792234,
      "dec": -14.0419972,
      "rb": 0.92714286,
      "rbversion": "t17_f5_c3",
      "drb": 0.9999943,
      "magapbig": 18.9577,
      "sigmagapbig": 0.2826,
      "rfid": 294120260,
      "has_stamp": true,
      "corrected": true,
      "dubious": false,
      "candid_alert": null,
      "step_id_corr": "dev",
      "phase": 0.0,
      "parent_candid": null
    },
    {
      "tid": "ztf",
      "mjd": 59779.45942129986,
      "candid": "2025459426015015009",
      "fid": 2,
      "pid": 2025459426015,
      "diffmaglim": 19.449425,
      "isdiffpos": 1,
      "nid": 2025,
      "distnr": 0.18287578,
      "magpsf": 18.87816,
      "magpsf_corr": 18.046307,
      "magpsf_corr_ext": null,
      "magap": 19.0142,
      "magap_corr": null,
      "sigmapsf": 0.10869619,
      "sigmapsf_corr": 0.029964337,