{
  "detections": [
    {
      "tid": "ztf",
      "mjd": 59933.447534699924,
      "candid": "2179447533115015006",
      "fid": 1,
      "pid": 2179447533115,
      "diffmaglim": 19.803612,
      "isdiffpos": 1,
      "nid": 2179,
      "distnr": 0.22921407,
      "magpsf": 19.03305,
      "magpsf_corr": 18.554325,
      "magpsf_corr_ext": null,
      "magap": 18.9043,
      "magap_corr": null,
      "sigmapsf": 0.1148567,
      "sigmapsf_corr": 0.05974526,
      "sigmapsf_corr_ext": 0.07390365,
      "sigmagap": 0.1641,
      "sigmagap_corr": null,
      "ra": 153.9164055,
      "dec": 45.9403188,
      "rb": 0.9614286,
      "rbversion": "t17_f5_c3",
      "drb": 0.9999952,
      "magapbig": 18.8235,
      "sigmagapbig": 0.1939,
      "rfid": 752120131,
      "has_stamp": true,
      "corrected": true,
      "dubious": false,
      "candid_alert": null,
      "step_id_corr": "1.1.6",
      "phase": 0.0,
      "parent_candid": null
    },
    {
      "tid": "ztf",
      "mjd": 59935.384953700006,
      "candid": "2181384953115015009",
      "fid": 1,
      "pid": 2181384953115,
      "diffmaglim": 20.57234,
      "isdiffpos": 1,
      "nid": 2181,
      "distnr": 0.21500139,
      "magpsf": 18.996656,
      "magpsf_corr": 18.530767,
      "magpsf_corr_ext": null,
      "magap": 19.0709,
      "magap_corr": null,
      "sigmapsf": 0.07891935,
      "sigmapsf_corr": 0.028782241,
      "sigmapsf_corr_ext": 0.051384002,
      "sigmagap": 0.0979,
      "sigmagap_corr": null,
      "ra": 153.9164407,
      "dec": 45.9403473,
      "rb": 0.96,
      "rbversion": "t17_f5_c3",
      "drb": 0.9999988,
      "magapbig": 19.1946,
      "sigmagapbig": 0.1374,
      "rfid": 752120131,
      "has_stamp": true,
      "corrected": true,
      "dubious": false,
      "candid_alert": null,
      "step_id_corr": "1.1.6",
      "phase": 0.0,
      "parent_candid": null
    },
    {
      "tid": "ztf",
      "mjd": 59937.43107639998,
      "candid": "2183431073115015009",
      "fid": 2,
      "pid": 2183431073115,
      "diffmaglim": 20.061102,
      "isdiffpos": 1,
      "nid": 2183,
      "distnr": 1.3433607,
      "magpsf": 18.906595,
      "magpsf_corr": 18.56206,
      "magpsf_corr_ext": null,
      "magap": 18.8819,
      "magap_corr": null,
      "sigmapsf": 0.12294564,
      "sigmapsf_corr": 0.08258663,
      "sigmapsf_corr_ext": 0.0895156,
      "sigmagap": 0.0966,
      "sigmagap_corr": null,
      "ra": 153.9163791,
      "dec": 45.9403511,
      "rb": 0.71428573,
      "rbversion": "t17_f5_c3",
      "drb": 0.99896413,
      "magapbig": 18.8293,
      "sigmagapbig": 0.1157,
      "rfid": 752120231,
      "has_stamp": true,
      "corrected": true,
      "dubious": false,
      "candid_alert": null,
      "step_id_corr": "1.1.6",
      "phase": 0.0,
      "parent_candid": null
    },
    {
      "tid": "ztf",
      "mjd": 59937.44907409977,
      "candid": "2183449073115015009",
      "fid": 1,
      "pid": 2183449073115,
      "diffmaglim": 20.730526,
      "isdiffpos": 1,
      "nid": 2183,
      "distnr": 0.24223635,
      "magpsf": 18.907982,
      "magpsf_corr": 18.472216,
      "magpsf_corr_ext": null,
      "magap": 18.8766,
      "magap_corr": null,
      "sigmapsf": 0.0820749,
      "sigmapsf_corr": 0.03730916,
      "sigmapsf_corr_ext": 0.054941956,
      "sigmagap": 0.0769,
      "sigmagap_corr": null,
      "ra": 153.916454,
      "dec": 45.9403464,
      "rb": 0.9628571,
      "rbversion": "t17_f5_c3",
      "drb": 0.9999999,
      "magapbig": 18.8605,
      "sigmagapbig": 0.0944,
      "rfid": 752120131,
      "has_stamp": true,
      "corrected": true,
      "dubious": false,
      "candid_alert": null,
      "step_id_corr": "1.1.6",
      "phase": 0.0,
      "parent_candid": null
    },
    {
      "tid": "ztf",
      "mjd": 59956.49046299979,
      "candid": "2202490463115015008",
      "fid": 2,
      "pid": 2202490463115,
      "diffmaglim": 20.01787,
      "isdiffpos": 1,
      "nid": 2202,
      "distnr": 1.4071381,
      "magpsf": 18.91172,
      "magpsf_corr": null,
      "magpsf_corr_ext": null,
      "magap": 18.9672,
      "magap_corr": null,
      "sigmapsf": 0.08745504,
      "sigmapsf_corr": null,
      "sigmapsf_corr_ext": null,
      "sigmagap": 0.1498,
      "sigmagap_corr": null,
      "ra": 153.9164105,
      "dec": 45.9403427,
      "rb": 0.95857143,
      "rbversion": "t17_f5_c3",
      "drb": 0.9999999,
      "magapbig": 19.0329,
      "sigmagapbig": 0.2021,
      "rfid": 752120231,
      "has_stamp": true,
      "corrected": false,
      "dubious": true,
      "candid_alert": null,
      "step_id_corr": "1.1.6",
      "phase": 0.0,
      "parent_candid": null
    },
    {
      "tid": "ztf",
      "mjd": 59965.351331000216,
      "candid": "2211351333115015005",
      "fid": 2,
      "pid": 2211351333115,
      "diffmaglim": 19.7093,
      "isdiffpos": 1,
      "nid": 2211,
      "distnr": 1.55268,
      "magpsf": 19.0585,
      "magpsf_corr": null,
      "magpsf_corr_ext": null,
      "magap": 19.1716,
      "magap_corr": null,
      "sigmapsf": 0.12365,
      "sigmapsf_corr": null,
      "sigmapsf_corr_ext": null,
      "sigmagap": 0.1326,
      "sigmagap_corr": null,
      "ra": 153.916497,
      "dec": 45.9402533,
      "rb": 0.358571,
      "rbversion": "t17_f5_c3",
      "drb": null,
      "magapbig": 19.0996,
      "sigmagapbig": 0.1566,
      "rfid": null,
      "has_stamp": false,
      "corrected": false,
      "dubious": true,
      "candid_alert": null,
      "step_id_corr": "1.1.6",
      "phase": 0.0,
      "parent_candid": 2211373843115015000
    },
    {
      "tid": "ztf",
      "mjd": 59965.3738425998,
      "candid": "2211373843115015004",
      "fid": 1,
      "pid": 2211373843115,
      "diffmaglim": 20.114141,
      "isdiffpos": 1,
      "nid": 2211,
      "distnr": 0.5967497,
      "magpsf": 19.587387,
      "magpsf_corr": 18.877254,
      "magpsf_corr_ext": null,
      "magap": 19.6095,
      "magap_corr": null,
      "sigmapsf": 0.21442708,
      "sigmapsf_corr": 0.09486445,
      "sigmapsf_corr_ext": 0.111487664,
      "sigmagap": 0.1656,
      "sigmagap_corr": null,
      "ra": 153.9164105,
      "dec": 45.9402116,
      "rb": 0.5542857,
      "rbversion": "t17_f5_c3",
      "drb": 0.9980913,
      "magapbig": 19.6675,
      "sigmagapbig": 0.2207,
      "rfid": 752120131,
      "has_stamp": true,
      "corrected": true,
      "dubious": false,
      "candid_alert": null,
      "step_id_corr": "1.1.6",
      "phase": 0.0,
      "parent_candid": null
    },
    {
      "tid": "ztf",
      "mjd": 59968.36712960014,
      "candid": "2214367123115015008",
      "fid": 2,
      "pid": 2214367123115,
      "diffmaglim": 20.49846,
      "isdiffpos": 1,
      "nid": 2214,
      "distnr": 1.4298888,
      "magpsf": 18.949177,
      "magpsf_corr": null,
      "magpsf_corr_ext": null,
      "magap": 19.1409,
      "magap_corr": null,
      "sigmapsf": 0.08212579,
      "sigmapsf_corr": null,
      "sigmapsf_corr_ext": null,
      "sigmagap": 0.1238,
      "sigmagap_corr": null,
      "ra": 153.9164164,
      "dec": 45.940349,
      "rb": 0.9628571,
      "rbversion": "t17_f5_c3",
      "drb": 0.9999998,
      "magapbig": 19.2128,
      "sigmagapbig": 0.1662,
      "rfid": 752120231,
      "has_stamp": true,
      "corrected": false,
      "dubious": false,
      "candid_alert": null,
      "step_id_corr": "1.1.6",
      "phase": 0.0,
      "parent_candid": null
    },
    {
      "tid": "ztf",
      "mjd": 59970.370763900224,
      "candid": "2216370763115015003",
      "fid": 2,
      "pid": 2216370763115,
      "diffmaglim": 19.64436,
      "isdiffpos": 1,
      "nid": 2216,
      "distnr": 1.4602584,
      "magpsf": 19.12054,
      "magpsf_corr": null,
      "magpsf_corr_ext": null,
      "magap": 19.1501,
      "magap_corr": null,
      "sigmapsf": 0.16641521,
      "sigmapsf_corr": null,
      "sigmapsf_corr_ext": null,
      "sigmagap": 0.1172,
      "sigmagap_corr": null,