{
  "detections": [
    {
      "tid": "ztf",
      "mjd": 60649.556828700006,
      "candid": "2895556824815015000",
      "fid": 2,
      "pid": 2895556824815,
      "diffmaglim": 19.2541,
      "isdiffpos": 1,
      "nid": 2895,
      "distnr": 2.75197,
      "magpsf": 17.698,
      "magpsf_corr": null,
      "magpsf_corr_ext": null,
      "magap": 17.8244,
      "magap_corr": null,
      "sigmapsf": 0.074609,
      "sigmapsf_corr": null,
      "sigmapsf_corr_ext": null,
      "sigmagap": 0.0884,
      "sigmagap_corr": null,
      "ra": 237.5898519,
      "dec": 18.9389654,
      "rb": 0.921429,
      "rbversion": "t17_f5_c3",
      "drb": null,
      "magapbig": 17.8559,
      "sigmagapbig": 0.1164,
      "rfid": null,
      "has_stamp": false,
      "corrected": false,
      "dubious": false,
      "candid_alert": null,
      "step_id_corr": "25.0.0",
      "phase": 0.0,
      "parent_candid": 2905560716115015000
    },
    {
      "tid": "ztf",
      "mjd": 60649.55886569992,
      "candid": "2895558864815015001",
      "fid": 2,
      "pid": 2895558864815,
      "diffmaglim": 19.2873,
      "isdiffpos": 1,
      "nid": 2895,
      "distnr": 2.56917,
      "magpsf": 17.6568,
      "magpsf_corr": null,
      "magpsf_corr_ext": null,
      "magap": 17.7037,
      "magap_corr": null,
      "sigmapsf": 0.062392,
      "sigmapsf_corr": null,
      "sigmapsf_corr_ext": null,
      "sigmagap": 0.0821,
      "sigmagap_corr": null,
      "ra": 237.5897787,
      "dec": 18.9389674,
      "rb": 0.927143,
      "rbversion": "t17_f5_c3",
      "drb": null,
      "magapbig": 17.5189,
      "sigmagapbig": 0.0887,
      "rfid": null,
      "has_stamp": false,
      "corrected": false,
      "dubious": false,
      "candid_alert": null,
      "step_id_corr": "25.0.0",
      "phase": 0.0,
      "parent_candid": 2905560716115015000
    },
    {
      "tid": "ztf",
      "mjd": 60649.56274309987,
      "candid": "2895562744815015002",
      "fid": 2,
      "pid": 2895562744815,
      "diffmaglim": 18.866285,
      "isdiffpos": 1,
      "nid": 2895,
      "distnr": 2.796958,
      "magpsf": 17.708729,
      "magpsf_corr": null,
      "magpsf_corr_ext": null,
      "magap": 17.8226,
      "magap_corr": null,
      "sigmapsf": 0.0890057,
      "sigmapsf_corr": null,
      "sigmapsf_corr_ext": null,
      "sigmagap": 0.1133,
      "sigmagap_corr": null,
      "ra": 237.5898693,
      "dec": 18.9389651,
      "rb": 0.8428571,
      "rbversion": "t17_f5_c3",
      "drb": 0.9999784,
      "magapbig": 17.8917,
      "sigmagapbig": 0.1548,
      "rfid": 1578120248,
      "has_stamp": true,
      "corrected": false,
      "dubious": false,
      "candid_alert": null,
      "step_id_corr": "25.0.0",
      "phase": 0.0,
      "parent_candid": null
    },
    {
      "tid": "ztf",
      "mjd": 60653.55215279991,
      "candid": "2899552154815015002",
      "fid": 2,
      "pid": 2899552154815,
      "diffmaglim": 19.4512,
      "isdiffpos": 1,
      "nid": 2899,
      "distnr": 2.69805,
      "magpsf": 17.7431,
      "magpsf_corr": null,
      "magpsf_corr_ext": null,
      "magap": 17.6549,
      "magap_corr": null,
      "sigmapsf": 0.072946,
      "sigmapsf_corr": null,
      "sigmapsf_corr_ext": null,
      "sigmagap": 0.0682,
      "sigmagap_corr": null,
      "ra": 237.5898614,
      "dec": 18.9389283,
      "rb": 0.835714,
      "rbversion": "t17_f5_c3",
      "drb": null,
      "magapbig": 17.5716,
      "sigmagapbig": 0.0808,
      "rfid": null,
      "has_stamp": false,
      "corrected": false,
      "dubious": false,
      "candid_alert": null,
      "step_id_corr": "25.0.0",
      "phase": 0.0,
      "parent_candid": 2905560716115015000
    },
    {
      "tid": "ztf",
      "mjd": 60653.55552079994,
      "candid": "2899555524815015004",
      "fid": 2,
      "pid": 2899555524815,
      "diffmaglim": 19.45,
      "isdiffpos": 1,
      "nid": 2899,
      "distnr": 2.64836,
      "magpsf": 17.7482,
      "magpsf_corr": null,
      "magpsf_corr_ext": null,
      "magap": 17.7083,
      "magap_corr": null,
      "sigmapsf": 0.062688,
      "sigmapsf_corr": null,
      "sigmapsf_corr_ext": null,
      "sigmagap": 0.0724,
      "sigmagap_corr": null,
      "ra": 237.5898394,
      "dec": 18.938933,
      "rb": 0.934286,
      "rbversion": "t17_f5_c3",
      "drb": null,
      "magapbig": 17.7167,
      "sigmagapbig": 0.0933,
      "rfid": null,
      "has_stamp": false,
      "corrected": false,
      "dubious": false,
      "candid_alert": null,
      "step_id_corr": "25.0.0",
      "phase": 0.0,
      "parent_candid": 2905560716115015000
    },
    {
      "tid": "ztf",
      "mjd": 60653.558888900094,
      "candid": "2899558884815015000",
      "fid": 2,
      "pid": 2899558884815,
      "diffmaglim": 19.3171,
      "isdiffpos": 1,
      "nid": 2899,
      "distnr": 2.59185,
      "magpsf": 17.7021,
      "magpsf_corr": null,
      "magpsf_corr_ext": null,
      "magap": 17.6798,
      "magap_corr": null,
      "sigmapsf": 0.068323,
      "sigmapsf_corr": null,
      "sigmapsf_corr_ext": null,
      "sigmagap": 0.0738,
      "sigmagap_corr": null,
      "ra": 237.5898153,
      "dec": 18.9389365,
      "rb": 0.862857,
      "rbversion": "t17_f5_c3",
      "drb": null,
      "magapbig": 17.6585,
      "sigmagapbig": 0.0925,
      "rfid": null,
      "has_stamp": false,
      "corrected": false,
      "dubious": false,
      "candid_alert": null,
      "step_id_corr": "25.0.0",
      "phase": 0.0,
      "parent_candid": 2905560716115015000
    },
    {
      "tid": "ztf",
      "mjd": 60659.55398150021,
      "candid": "2905553986115015000",
      "fid": 2,
      "pid": 2905553986115,
      "diffmaglim": 18.7986,
      "isdiffpos": 1,
      "nid": 2905,
      "distnr": 3.65975,
      "magpsf": 17.8684,
      "magpsf_corr": null,
      "magpsf_corr_ext": null,
      "magap": 17.8659,
      "magap_corr": null,
      "sigmapsf": 0.07741,
      "sigmapsf_corr": null,
      "sigmapsf_corr_ext": null,
      "sigmagap": 0.148,
      "sigmagap_corr": null,
      "ra": 237.5898159,
      "dec": 18.938937,
      "rb": 0.825714,
      "rbversion": "t17_f5_c3",
      "drb": null,
      "magapbig": 18.059,
      "sigmagapbig": 0.2269,
      "rfid": null,
      "has_stamp": false,
      "corrected": false,
      "dubious": false,
      "candid_alert": null,
      "step_id_corr": "25.0.0",
      "phase": 0.0,
      "parent_candid": 2905560716115015000
    },
    {
      "tid": "ztf",
      "mjd": 60659.55734949978,
      "candid": "2905557346115015001",
      "fid": 2,
      "pid": 2905557346115,
      "diffmaglim": 18.8621,
      "isdiffpos": 1,
      "nid": 2905,
      "distnr": 3.70473,
      "magpsf": 17.7778,
      "magpsf_corr": null,
      "magpsf_corr_ext": null,
      "magap": 18.1035,
      "magap_corr": null,
      "sigmapsf": 0.069198,
      "sigmapsf_corr": null,
      "sigmapsf_corr_ext": null,
      "sigmagap": 0.1887,
      "sigmagap_corr": null,
      "ra": 237.5898459,
      "dec": 18.9389581,
      "rb": 0.904286,
      "rbversion": "t17_f5_c3",
      "drb": null,
      "magapbig": 18.0331,
      "sigmagapbig": 0.2274,
      "rfid": null,
      "has_stamp": false,
      "corrected": false,
      "dubious": false,
      "candid_alert": null,
      "step_id_corr": "25.0.0",
      "phase": 0.0,
      "parent_candid": 2905560716115015000
    },
    {
      "tid": "ztf",
      "mjd": 60659.56071759993,
      "candid": "2905560716115015000",
      "fid": 2,
      "pid": 2905560716115,
      "diffmaglim": 19.008997,
      "isdiffpos": 1,
      "nid": 2905,
      "distnr": 3.6336842,
      "magpsf": 17.783798,
      "magpsf_corr": null,
      "magpsf_corr_ext": null,
      "magap": 17.7556,
      "magap_corr": null,
      "sigmapsf": 0.07576146,
      "sigmapsf_corr": null,
      "sigmapsf_corr_ext": null,
      "sigmagap": 0.1279,
      "sigmagap_corr": null,
      "ra": 237.5898267,
      "dec": 18.9389325,
      "rb": 0.9057143,
      "rbversion": "t17_f5_c3",