{
  "detections": [
    {
      "tid": "ztf",
      "mjd": 59966.413657399826,
      "candid": "2212413650815015003",
      "fid": 1,
      "pid": 2212413650815,
      "diffmaglim": 20.121656,
      "isdiffpos": 1,
      "nid": 2212,
      "distnr": 4.4686146,
      "magpsf": 18.004305,
      "magpsf_corr": null,
      "magpsf_corr_ext": null,
      "magap": 18.014,
      "magap_corr": null,
      "sigmapsf": 0.066610605,
      "sigmapsf_corr": null,
      "sigmapsf_corr_ext": null,
      "sigmagap": 0.0383,
      "sigmagap_corr": null,
      "ra": 178.9547101,
      "dec": 9.6874089,
      "rb": 0.83285713,
      "rbversion": "t17_f5_c3",
      "drb": 0.999946,
      "magapbig": 17.9785,
      "sigmagapbig": 0.0467,
      "rfid": 524120108,
      "has_stamp": true,
      "corrected": false,
      "dubious": false,
      "candid_alert": null,
      "step_id_corr": "1.1.6",
      "phase": 0.0,
      "parent_candid": null
    },
    {
      "tid": "ztf",
      "mjd": 59968.42221060023,
      "candid": "2214422210815015001",
      "fid": 1,
      "pid": 2214422210815,
      "diffmaglim": 20.17541,
      "isdiffpos": 1,
      "nid": 2214,
      "distnr": 4.4912367,
      "magpsf": 18.117016,
      "magpsf_corr": null,
      "magpsf_corr_ext": null,
      "magap": 18.1364,
      "magap_corr": null,
      "sigmapsf": 0.079882585,
      "sigmapsf_corr": null,
      "sigmapsf_corr_ext": null,
      "sigmagap": 0.0399,
      "sigmagap_corr": null,
      "ra": 178.9547067,
      "dec": 9.6874216,
      "rb": 0.80714285,
      "rbversion": "t17_f5_c3",
      "drb": 0.9999945,
      "magapbig": 18.1044,
      "sigmagapbig": 0.0488,
      "rfid": 524120108,
      "has_stamp": true,
      "corrected": false,
      "dubious": false,
      "candid_alert": null,
      "step_id_corr": "1.1.6",
      "phase": 0.0,
      "parent_candid": null
    },
    {
      "tid": "ztf",
      "mjd": 59968.45665509999,
      "candid": "2214456650815015004",
      "fid": 2,
      "pid": 2214456650815,
      "diffmaglim": 20.15077,
      "isdiffpos": 1,
      "nid": 2214,
      "distnr": 1.8166653,
      "magpsf": 17.972853,
      "magpsf_corr": null,
      "magpsf_corr_ext": null,
      "magap": 18.026,
      "magap_corr": null,
      "sigmapsf": 0.052596267,
      "sigmapsf_corr": null,
      "sigmapsf_corr_ext": null,
      "sigmagap": 0.0453,
      "sigmagap_corr": null,
      "ra": 178.9547301,
      "dec": 9.6874184,
      "rb": 0.92,
      "rbversion": "t17_f5_c3",
      "drb": 0.99998724,
      "magapbig": 18.0435,
      "sigmagapbig": 0.0582,
      "rfid": 524120208,
      "has_stamp": true,
      "corrected": false,
      "dubious": false,
      "candid_alert": null,
      "step_id_corr": "1.1.6",
      "phase": 0.0,
      "parent_candid": null
    },
    {
      "tid": "ztf",
      "mjd": 59970.39065970015,
      "candid": "2216390650815015001",
      "fid": 1,
      "pid": 2216390650815,
      "diffmaglim": 19.6397,
      "isdiffpos": 1,
      "nid": 2216,
      "distnr": 4.36144,
      "magpsf": 18.3303,
      "magpsf_corr": null,
      "magpsf_corr_ext": null,
      "magap": 18.4711,
      "magap_corr": null,
      "sigmapsf": 0.117866,
      "sigmapsf_corr": null,
      "sigmapsf_corr_ext": null,
      "sigmagap": 0.0557,
      "sigmagap_corr": null,
      "ra": 178.9547283,
      "dec": 9.6873513,
      "rb": 0.334286,
      "rbversion": "t17_f5_c3",
      "drb": null,
      "magapbig": 18.3841,
      "sigmagapbig": 0.0652,
      "rfid": null,
      "has_stamp": false,
      "corrected": false,
      "dubious": false,
      "candid_alert": null,
      "step_id_corr": "1.1.6",
      "phase": 0.0,
      "parent_candid": 2218441620815015000
    },
    {
      "tid": "ztf",
      "mjd": 59972.441620400175,
      "candid": "2218441620815015003",
      "fid": 1,
      "pid": 2218441620815,
      "diffmaglim": 20.243492,
      "isdiffpos": 1,
      "nid": 2218,
      "distnr": 4.452905,
      "magpsf": 18.359623,
      "magpsf_corr": null,
      "magpsf_corr_ext": null,
      "magap": 18.3049,
      "magap_corr": null,
      "sigmapsf": 0.09400399,
      "sigmapsf_corr": null,
      "sigmapsf_corr_ext": null,
      "sigmagap": 0.0474,
      "sigmagap_corr": null,
      "ra": 178.9547117,
      "dec": 9.6874189,
      "rb": 0.8542857,
      "rbversion": "t17_f5_c3",
      "drb": 0.99981284,
      "magapbig": 18.2678,
      "sigmagapbig": 0.0579,
      "rfid": 524120108,
      "has_stamp": true,
      "corrected": false,
      "dubious": false,
      "candid_alert": null,
      "step_id_corr": "1.1.6",
      "phase": 0.0,
      "parent_candid": null
    },
    {
      "tid": "ztf",
      "mjd": 59985.397916700225,
      "candid": "2231397910815015002",
      "fid": 2,
      "pid": 2231397910815,
      "diffmaglim": 19.41287,
      "isdiffpos": 1,
      "nid": 2231,
      "distnr": 1.890712,
      "magpsf": 18.452105,
      "magpsf_corr": null,
      "magpsf_corr_ext": null,
      "magap": 18.4793,
      "magap_corr": null,
      "sigmapsf": 0.09600921,
      "sigmapsf_corr": null,
      "sigmapsf_corr_ext": null,
      "sigmagap": 0.1263,
      "sigmagap_corr": null,
      "ra": 178.9547323,
      "dec": 9.6873736,
      "rb": 0.8528572,
      "rbversion": "t17_f5_c3",
      "drb": 0.99990076,
      "magapbig": 18.5963,
      "sigmagapbig": 0.1802,
      "rfid": 524120208,
      "has_stamp": true,
      "corrected": false,
      "dubious": false,
      "candid_alert": null,
      "step_id_corr": "1.1.6",
      "phase": 0.0,
      "parent_candid": null
    },
    {
      "tid": "ztf",
      "mjd": 59985.43988429988,
      "candid": "2231439880815015000",
      "fid": 1,
      "pid": 2231439880815,
      "diffmaglim": 19.390005,
      "isdiffpos": 1,
      "nid": 2231,
      "distnr": 4.497649,
      "magpsf": 18.868004,
      "magpsf_corr": null,
      "magpsf_corr_ext": null,
      "magap": 18.9333,
      "magap_corr": null,
      "sigmapsf": 0.12125442,
      "sigmapsf_corr": null,
      "sigmapsf_corr_ext": null,
      "sigmagap": 0.1741,
      "sigmagap_corr": null,
      "ra": 178.9546957,
      "dec": 9.6873832,
      "rb": 0.6585714,
      "rbversion": "t17_f5_c3",
      "drb": 0.99940246,
      "magapbig": 18.8418,
      "sigmagapbig": 0.2054,
      "rfid": 524120108,
      "has_stamp": true,
      "corrected": false,
      "dubious": false,
      "candid_alert": null,
      "step_id_corr": "1.1.6",
      "phase": 0.0,
      "parent_candid": null
    },
    {
      "tid": "ztf",
      "mjd": 59993.3610069002,
      "candid": "2239361000815015005",
      "fid": 2,
      "pid": 2239361000815,
      "diffmaglim": 19.189941,
      "isdiffpos": 1,
      "nid": 2239,
      "distnr": 1.889824,
      "magpsf": 18.529657,
      "magpsf_corr": null,
      "magpsf_corr_ext": null,
      "magap": 18.7157,
      "magap_corr": null,
      "sigmapsf": 0.15038767,
      "sigmapsf_corr": null,
      "sigmapsf_corr_ext": null,
      "sigmagap": 0.2058,
      "sigmagap_corr": null,
      "ra": 178.9546963,
      "dec": 9.6874393,
      "rb": 0.80714285,
      "rbversion": "t17_f5_c3",
      "drb": 0.99996626,
      "magapbig": 18.8094,
      "sigmagapbig": 0.2876,
      "rfid": 524120208,
      "has_stamp": true,
      "corrected": false,
      "dubious": false,
      "candid_alert": null,
      "step_id_corr": "1.1.6",
      "phase": 0.0,
      "parent_candid": null
    }
  ],
  "non_detections": [
    {
      "tid": "ztf",
      "mjd": 59937.50350689981,
      "fid": 2,
      "diffmaglim": 20.2732
    },
    {
      "tid": "ztf",
      "mjd": 59937.52482639998,
      "fid": 1,
      "diffmaglim": 20.311
    },
    {
      "tid": "ztf",
      "mjd": 59979.30692130001,
      "fid": 1,
      "diffmaglim": 18.9531
    },
    {
      "tid": "ztf",
      "mjd": 59979.432164399885,
      "fid": 2,
      "diffmaglim": 19.6662
    }
  ],
  "forced_detections": []
}