{
  "detections": [
    {
      "tid": "ztf",
      "mjd": 60077.43945599999,
      "candid": "2323439451915015005",
      "fid": 2,
      "pid": 2323439451915,
      "diffmaglim": 19.459377,
      "isdiffpos": 1,
      "nid": 2323,
      "distnr": 2.7243333,
      "magpsf": 19.049286,
      "magpsf_corr": null,
      "magpsf_corr_ext": null,
      "magap": 18.9477,
      "magap_corr": null,
      "sigmapsf": 0.1460334,
      "sigmapsf_corr": null,
      "sigmapsf_corr_ext": null,
      "sigmagap": 0.2198,
      "sigmagap_corr": null,
      "ra": 322.7534354,
      "dec": -3.9817424,
      "rb": 0.84,
      "rbversion": "t17_f5_c3",
      "drb": 0.99952817,
      "magapbig": 19.0236,
      "sigmagapbig": 0.3002,
      "rfid": 441120219,
      "has_stamp": true,
      "corrected": false,
      "dubious": false,
      "candid_alert": null,
      "step_id_corr": "1.2.0",
      "phase": 0.0,
      "parent_candid": null
    },
    {
      "tid": "ztf",
      "mjd": 60079.430659700185,
      "candid": "2325430651915015010",
      "fid": 2,
      "pid": 2325430651915,
      "diffmaglim": 19.99718,
      "isdiffpos": 1,
      "nid": 2325,
      "distnr": 3.2565484,
      "magpsf": 18.97732,
      "magpsf_corr": null,
      "magpsf_corr_ext": null,
      "magap": 18.9507,
      "magap_corr": null,
      "sigmapsf": 0.11820312,
      "sigmapsf_corr": null,
      "sigmapsf_corr_ext": null,
      "sigmagap": 0.1563,
      "sigmagap_corr": null,
      "ra": 322.753417,
      "dec": -3.9815933,
      "rb": 0.9342857,
      "rbversion": "t17_f5_c3",
      "drb": 1.0,
      "magapbig": 19.1432,
      "sigmagapbig": 0.2368,
      "rfid": 441120219,
      "has_stamp": true,
      "corrected": false,
      "dubious": false,
      "candid_alert": null,
      "step_id_corr": "1.2.0",
      "phase": 0.0,
      "parent_candid": null
    },
    {
      "tid": "ztf",
      "mjd": 60079.4677893999,
      "candid": "2325467781915015007",
      "fid": 1,
      "pid": 2325467781915,
      "diffmaglim": 20.252722,
      "isdiffpos": 1,
      "nid": 2325,
      "distnr": 2.2262857,
      "magpsf": 19.823116,
      "magpsf_corr": null,
      "magpsf_corr_ext": null,
      "magap": 19.8448,
      "magap_corr": null,
      "sigmapsf": 0.19069594,
      "sigmapsf_corr": null,
      "sigmapsf_corr_ext": null,
      "sigmagap": 0.2786,
      "sigmagap_corr": null,
      "ra": 322.7534115,
      "dec": -3.9816559,
      "rb": 0.83,
      "rbversion": "t17_f5_c3",
      "drb": 0.9999832,
      "magapbig": 19.677,
      "sigmagapbig": 0.3026,
      "rfid": 441120119,
      "has_stamp": true,
      "corrected": false,
      "dubious": false,
      "candid_alert": null,
      "step_id_corr": "1.2.0",
      "phase": 0.0,
      "parent_candid": null
    },
    {
      "tid": "ztf",
      "mjd": 60082.458090300206,
      "candid": "2328458091915015008",
      "fid": 2,
      "pid": 2328458091915,
      "diffmaglim": 20.045992,
      "isdiffpos": 1,
      "nid": 2328,
      "distnr": 3.3259919,
      "magpsf": 19.065313,
      "magpsf_corr": null,
      "magpsf_corr_ext": null,
      "magap": 18.9304,
      "magap_corr": null,
      "sigmapsf": 0.10970919,
      "sigmapsf_corr": null,
      "sigmapsf_corr_ext": null,
      "sigmagap": 0.1506,
      "sigmagap_corr": null,
      "ra": 322.7534079,
      "dec": -3.9815817,
      "rb": 0.94,
      "rbversion": "t17_f5_c3",
      "drb": 0.9999992,
      "magapbig": 19.1769,
      "sigmagapbig": 0.2398,
      "rfid": 441120219,
      "has_stamp": true,
      "corrected": false,
      "dubious": false,
      "candid_alert": null,
      "step_id_corr": "1.2.0",
      "phase": 0.0,
      "parent_candid": null
    },
    {
      "tid": "ztf",
      "mjd": 60090.4596644002,
      "candid": "2336459661915015006",
      "fid": 2,
      "pid": 2336459661915,
      "diffmaglim": 20.178282,
      "isdiffpos": 1,
      "nid": 2336,
      "distnr": 3.2265491,
      "magpsf": 19.157755,
      "magpsf_corr": null,
      "magpsf_corr_ext": null,
      "magap": 19.2291,
      "magap_corr": null,
      "sigmapsf": 0.12472167,
      "sigmapsf_corr": null,
      "sigmapsf_corr_ext": null,
      "sigmagap": 0.1549,
      "sigmagap_corr": null,
      "ra": 322.7534594,
      "dec": -3.98159,
      "rb": 0.76857144,
      "rbversion": "t17_f5_c3",
      "drb": 0.9999941,
      "magapbig": 19.1931,
      "sigmagapbig": 0.1899,
      "rfid": 441120219,
      "has_stamp": true,
      "corrected": false,
      "dubious": false,
      "candid_alert": null,
      "step_id_corr": "1.2.0",
      "phase": 0.0,
      "parent_candid": null
    },
    {
      "tid": "ztf",
      "mjd": 60101.41520830011,
      "candid": "2347415201915015011",
      "fid": 2,
      "pid": 2347415201915,
      "diffmaglim": 19.22237,
      "isdiffpos": 1,
      "nid": 2347,
      "distnr": 3.341913,
      "magpsf": 19.207535,
      "magpsf_corr": null,
      "magpsf_corr_ext": null,
      "magap": 19.1189,
      "magap_corr": null,
      "sigmapsf": 0.19172315,
      "sigmapsf_corr": null,
      "sigmapsf_corr_ext": null,
      "sigmagap": 0.3462,
      "sigmagap_corr": null,
      "ra": 322.7534544,
      "dec": -3.9815625,
      "rb": 0.8642857,
      "rbversion": "t17_f5_c3",
      "drb": 0.99999636,
      "magapbig": 19.0381,
      "sigmagapbig": 0.4118,
      "rfid": 441120219,
      "has_stamp": true,
      "corrected": false,
      "dubious": false,
      "candid_alert": null,
      "step_id_corr": "1.2.0",
      "phase": 0.0,
      "parent_candid": null
    },
    {
      "tid": "ztf",
      "mjd": 60108.457291699946,
      "candid": "2354457291915015009",
      "fid": 2,
      "pid": 2354457291915,
      "diffmaglim": 20.382397,
      "isdiffpos": 1,
      "nid": 2354,
      "distnr": 3.131122,
      "magpsf": 19.200005,
      "magpsf_corr": null,
      "magpsf_corr_ext": null,
      "magap": 19.0834,
      "magap_corr": null,
      "sigmapsf": 0.09550558,
      "sigmapsf_corr": null,
      "sigmapsf_corr_ext": null,
      "sigmagap": 0.1386,
      "sigmagap_corr": null,
      "ra": 322.7534504,
      "dec": -3.9816235,
      "rb": 0.9128571,
      "rbversion": "t17_f5_c3",
      "drb": 0.99999994,
      "magapbig": 19.1671,
      "sigmagapbig": 0.1884,
      "rfid": 441120219,
      "has_stamp": true,
      "corrected": false,
      "dubious": false,
      "candid_alert": null,
      "step_id_corr": "1.2.0",
      "phase": 0.0,
      "parent_candid": null
    },
    {
      "tid": "ztf",
      "mjd": 60111.3686573999,
      "candid": "2357368651915015005",
      "fid": 2,
      "pid": 2357368651915,
      "diffmaglim": 20.031,
      "isdiffpos": 1,
      "nid": 2357,
      "distnr": 2.75705,
      "magpsf": 19.1473,
      "magpsf_corr": null,
      "magpsf_corr_ext": null,
      "magap": 18.7313,
      "magap_corr": null,
      "sigmapsf": 0.141124,
      "sigmapsf_corr": null,
      "sigmapsf_corr_ext": null,
      "sigmagap": 0.1169,
      "sigmagap_corr": null,
      "ra": 322.7533478,
      "dec": -3.981756,
      "rb": 0.477143,
      "rbversion": "t17_f5_c3",
      "drb": null,
      "magapbig": 18.8455,
      "sigmagapbig": 0.1641,
      "rfid": null,
      "has_stamp": false,
      "corrected": false,
      "dubious": false,
      "candid_alert": null,
      "step_id_corr": "1.2.0",
      "phase": 0.0,
      "parent_candid": 2360384311915015000
    },
    {
      "tid": "ztf",
      "mjd": 60114.38431710005,
      "candid": "2360384311915015007",
      "fid": 2,
      "pid": 2360384311915,
      "diffmaglim": 20.15606,
      "isdiffpos": 1,
      "nid": 2360,
      "distnr": 3.123713,
      "magpsf": 19.42867,
      "magpsf_corr": null,
      "magpsf_corr_ext": null,
      "magap": 19.2534,
      "magap_corr": null,
      "sigmapsf": 0.12800321,
      "sigmapsf_corr": null,
      "sigmapsf_corr_ext": null,
      "sigmagap": 0.1598,
      "sigmagap_corr": null,
      "ra": 322.7534281,
      "dec": -3.9816291,
      "rb": 0.76428574,
      "rbversion": "t17_f5_c3",