{
  "detections": [
    {
      "tid": "ztf",
      "mjd": 59906.48122690013,
      "candid": "2152481223915015007",
      "fid": 2,
      "pid": 2152481223915,
      "diffmaglim": 19.880663,
      "isdiffpos": 1,
      "nid": 2152,
      "distnr": 1.3231972,
      "magpsf": 17.66445,
      "magpsf_corr": 16.72199,
      "magpsf_corr_ext": null,
      "magap": 17.5101,
      "magap_corr": null,
      "sigmapsf": 0.044854954,
      "sigmapsf_corr": 100.0,
      "sigmapsf_corr_ext": 0.018828984,
      "sigmagap": 0.0535,
      "sigmagap_corr": null,
      "ra": 165.7508478,
      "dec": -16.2888023,
      "rb": 0.75285715,
      "rbversion": "t17_f5_c3",
      "drb": 1.0,
      "magapbig": 17.4658,
      "sigmagapbig": 0.0652,
      "rfid": 317120239,
      "has_stamp": true,
      "corrected": true,
      "dubious": false,
      "candid_alert": null,
      "step_id_corr": "1.1.6",
      "phase": 0.0,
      "parent_candid": null
    },
    {
      "tid": "ztf",
      "mjd": 59909.502696800046,
      "candid": "2155502693915015005",
      "fid": 1,
      "pid": 2155502693915,
      "diffmaglim": 19.902819,
      "isdiffpos": 1,
      "nid": 2155,
      "distnr": 1.7828453,
      "magpsf": 18.052073,
      "magpsf_corr": null,
      "magpsf_corr_ext": null,
      "magap": 18.2147,
      "magap_corr": null,
      "sigmapsf": 0.069614075,
      "sigmapsf_corr": null,
      "sigmapsf_corr_ext": null,
      "sigmagap": 0.0821,
      "sigmagap_corr": null,
      "ra": 165.7508281,
      "dec": -16.2887692,
      "rb": 0.8428571,
      "rbversion": "t17_f5_c3",
      "drb": 0.99999917,
      "magapbig": 18.4642,
      "sigmagapbig": 0.1302,
      "rfid": 317120139,
      "has_stamp": true,
      "corrected": false,
      "dubious": false,
      "candid_alert": null,
      "step_id_corr": "1.1.6",
      "phase": 0.0,
      "parent_candid": null
    },
    {
      "tid": "ztf",
      "mjd": 59923.46245370014,
      "candid": "2169462453915015002",
      "fid": 1,
      "pid": 2169462453915,
      "diffmaglim": 19.193012,
      "isdiffpos": 1,
      "nid": 2169,
      "distnr": 1.764123,
      "magpsf": 18.439863,
      "magpsf_corr": null,
      "magpsf_corr_ext": null,
      "magap": 18.5261,
      "magap_corr": null,
      "sigmapsf": 0.11645619,
      "sigmapsf_corr": null,
      "sigmapsf_corr_ext": null,
      "sigmagap": 0.1954,
      "sigmagap_corr": null,
      "ra": 165.7508675,
      "dec": -16.2887667,
      "rb": 0.9,
      "rbversion": "t17_f5_c3",
      "drb": 1.0,
      "magapbig": 18.7857,
      "sigmagapbig": 0.3175,
      "rfid": 317120139,
      "has_stamp": true,
      "corrected": false,
      "dubious": false,
      "candid_alert": null,
      "step_id_corr": "1.1.6",
      "phase": 0.0,
      "parent_candid": null
    },
    {
      "tid": "ztf",
      "mjd": 59930.503344899975,
      "candid": "2176503343915015004",
      "fid": 2,
      "pid": 2176503343915,
      "diffmaglim": 19.704966,
      "isdiffpos": 1,
      "nid": 2176,
      "distnr": 1.3886501,
      "magpsf": 17.770807,
      "magpsf_corr": 16.765375,
      "magpsf_corr_ext": null,
      "magap": 17.691,
      "magap_corr": null,
      "sigmapsf": 0.050887674,
      "sigmapsf_corr": 100.0,
      "sigmapsf_corr_ext": 0.02015765,
      "sigmagap": 0.0653,
      "sigmagap_corr": null,
      "ra": 165.750823,
      "dec": -16.2887949,
      "rb": 0.8371429,
      "rbversion": "t17_f5_c3",
      "drb": 1.0,
      "magapbig": 17.7044,
      "sigmagapbig": 0.0844,
      "rfid": 317120239,
      "has_stamp": true,
      "corrected": true,
      "dubious": false,
      "candid_alert": null,
      "step_id_corr": "1.1.6",
      "phase": 0.0,
      "parent_candid": null
    },
    {
      "tid": "ztf",
      "mjd": 59930.52281250013,
      "candid": "2176522813915015002",
      "fid": 1,
      "pid": 2176522813915,
      "diffmaglim": 19.560345,
      "isdiffpos": 1,
      "nid": 2176,
      "distnr": 1.5401294,
      "magpsf": 18.578484,
      "magpsf_corr": null,
      "magpsf_corr_ext": null,
      "magap": 18.9313,
      "magap_corr": null,
      "sigmapsf": 0.13805363,
      "sigmapsf_corr": null,
      "sigmapsf_corr_ext": null,
      "sigmagap": 0.1839,
      "sigmagap_corr": null,
      "ra": 165.7508458,
      "dec": -16.2888355,
      "rb": 0.70428574,
      "rbversion": "t17_f5_c3",
      "drb": 0.99999046,
      "magapbig": 19.1954,
      "sigmagapbig": 0.2983,
      "rfid": 317120139,
      "has_stamp": true,
      "corrected": false,
      "dubious": false,
      "candid_alert": null,
      "step_id_corr": "1.1.6",
      "phase": 0.0,
      "parent_candid": null
    },
    {
      "tid": "ztf",
      "mjd": 59934.4605556,
      "candid": "2180460553915015003",
      "fid": 2,
      "pid": 2180460553915,
      "diffmaglim": 19.574125,
      "isdiffpos": 1,
      "nid": 2180,
      "distnr": 1.4085243,
      "magpsf": 17.636232,
      "magpsf_corr": null,
      "magpsf_corr_ext": null,
      "magap": 17.5031,
      "magap_corr": null,
      "sigmapsf": 0.06204569,
      "sigmapsf_corr": null,
      "sigmapsf_corr_ext": null,
      "sigmagap": 0.0489,
      "sigmagap_corr": null,
      "ra": 165.7507963,
      "dec": -16.2888046,
      "rb": 0.41714287,
      "rbversion": "t17_f5_c3",
      "drb": 0.99951845,
      "magapbig": 17.3982,
      "sigmagapbig": 0.0563,
      "rfid": 317120239,
      "has_stamp": true,
      "corrected": false,
      "dubious": true,
      "candid_alert": null,
      "step_id_corr": "1.1.6",
      "phase": 0.0,
      "parent_candid": null
    },
    {
      "tid": "ztf",
      "mjd": 59936.481886600144,
      "candid": "2182481883915015013",
      "fid": 2,
      "pid": 2182481883915,
      "diffmaglim": 20.036951,
      "isdiffpos": 1,
      "nid": 2182,
      "distnr": 1.2847668,
      "magpsf": 17.707458,
      "magpsf_corr": 16.739838,
      "magpsf_corr_ext": null,
      "magap": 17.5219,
      "magap_corr": null,
      "sigmapsf": 0.04542792,
      "sigmapsf_corr": 100.0,
      "sigmapsf_corr_ext": 0.018632649,
      "sigmagap": 0.0476,
      "sigmagap_corr": null,
      "ra": 165.7508459,
      "dec": -16.288816,
      "rb": 0.75285715,
      "rbversion": "t17_f5_c3",
      "drb": 0.9999987,
      "magapbig": 17.4947,
      "sigmagapbig": 0.059,
      "rfid": 317120239,
      "has_stamp": true,
      "corrected": true,
      "dubious": false,
      "candid_alert": null,
      "step_id_corr": "1.1.6",
      "phase": 0.0,
      "parent_candid": null
    },
    {
      "tid": "ztf",
      "mjd": 59951.43657410005,
      "candid": "2197436573915015000",
      "fid": 2,
      "pid": 2197436573915,
      "diffmaglim": 19.088428,
      "isdiffpos": 1,
      "nid": 2197,
      "distnr": 0.76503515,
      "magpsf": 17.676586,
      "magpsf_corr": 16.72707,
      "magpsf_corr_ext": null,
      "magap": 17.3675,
      "magap_corr": null,
      "sigmapsf": 0.066888206,
      "sigmapsf_corr": 100.0,
      "sigmapsf_corr_ext": 0.027896049,
      "sigmagap": 0.0656,
      "sigmagap_corr": null,
      "ra": 165.7509599,
      "dec": -16.2889267,
      "rb": 0.43857142,
      "rbversion": "t17_f5_c3",
      "drb": 0.996125,
      "magapbig": 17.3377,
      "sigmagapbig": 0.0817,
      "rfid": 317120239,
      "has_stamp": true,
      "corrected": true,
      "dubious": false,
      "candid_alert": null,
      "step_id_corr": "1.1.6",
      "phase": 0.0,
      "parent_candid": null
    },
    {
      "tid": "ztf",
      "mjd": 59969.42162040016,
      "candid": "2215421623915015001",
      "fid": 2,
      "pid": 2215421623915,
      "diffmaglim": 20.085161,
      "isdiffpos": 1,
      "nid": 2215,
      "distnr": 1.2559642,
      "magpsf": 17.814737,
      "magpsf_corr": 16.782564,
      "magpsf_corr_ext": null,
      "magap": 17.6348,
      "magap_corr": null,
      "sigmapsf": 0.051696435,
      "sigmapsf_corr": 100.0,
      "sigmapsf_corr_ext": 0.019979825,
      "sigmagap": 0.0529,
      "sigmagap_corr": null,
      "ra": 165.7508551,