{
  "detections": [
    {
      "tid": "ztf",
      "mjd": 59874.459583300166,
      "candid": "2120459583015015006",
      "fid": 1,
      "pid": 2120459583015,
      "diffmaglim": 20.4847,
      "isdiffpos": 1,
      "nid": 2120,
      "distnr": 5.69996,
      "magpsf": 20.5853,
      "magpsf_corr": null,
      "magpsf_corr_ext": null,
      "magap": 20.4736,
      "magap_corr": null,
      "sigmapsf": 0.3046,
      "sigmapsf_corr": null,
      "sigmapsf_corr_ext": null,
      "sigmagap": 0.3621,
      "sigmagap_corr": null,
      "ra": 86.5276739,
      "dec": -25.4129369,
      "rb": 0.581429,
      "rbversion": "t17_f5_c3",
      "drb": null,
      "magapbig": 20.216,
      "sigmagapbig": 0.3606,
      "rfid": null,
      "has_stamp": false,
      "corrected": false,
      "dubious": false,
      "candid_alert": null,
      "step_id_corr": "1.1.6",
      "phase": 0.0,
      "parent_candid": 2124462233015015000
    },
    {
      "tid": "ztf",
      "mjd": 59878.462233799975,
      "candid": "2124462233015015003",
      "fid": 2,
      "pid": 2124462233015,
      "diffmaglim": 19.985277,
      "isdiffpos": 1,
      "nid": 2124,
      "distnr": 2.2573411,
      "magpsf": 19.689953,
      "magpsf_corr": null,
      "magpsf_corr_ext": null,
      "magap": 19.7051,
      "magap_corr": null,
      "sigmapsf": 0.183869,
      "sigmapsf_corr": null,
      "sigmapsf_corr_ext": null,
      "sigmagap": 0.2841,
      "sigmagap_corr": null,
      "ra": 86.5276054,
      "dec": -25.4129827,
      "rb": 0.85571426,
      "rbversion": "t17_f5_c3",
      "drb": 0.9901916,
      "magapbig": 19.6534,
      "sigmagapbig": 0.3445,
      "rfid": 257120230,
      "has_stamp": true,
      "corrected": false,
      "dubious": false,
      "candid_alert": null,
      "step_id_corr": "1.1.6",
      "phase": 0.0,
      "parent_candid": null
    },
    {
      "tid": "ztf",
      "mjd": 59881.438726900145,
      "candid": "2127438723015015006",
      "fid": 1,
      "pid": 2127438723015,
      "diffmaglim": 20.2814,
      "isdiffpos": 1,
      "nid": 2127,
      "distnr": 5.97424,
      "magpsf": 20.5346,
      "magpsf_corr": null,
      "magpsf_corr_ext": null,
      "magap": 20.5468,
      "magap_corr": null,
      "sigmapsf": 0.36126,
      "sigmapsf_corr": null,
      "sigmapsf_corr_ext": null,
      "sigmagap": 0.4773,
      "sigmagap_corr": null,
      "ra": 86.5275856,
      "dec": -25.4130442,
      "rb": 0.494286,
      "rbversion": "t17_f5_c3",
      "drb": null,
      "magapbig": 20.2629,
      "sigmagapbig": 0.4665,
      "rfid": null,
      "has_stamp": false,
      "corrected": false,
      "dubious": false,
      "candid_alert": null,
      "step_id_corr": "1.1.6",
      "phase": 0.0,
      "parent_candid": 2127481333015015000
    },
    {
      "tid": "ztf",
      "mjd": 59881.481331000105,
      "candid": "2127481333015015003",
      "fid": 2,
      "pid": 2127481333015,
      "diffmaglim": 20.204449,
      "isdiffpos": 1,
      "nid": 2127,
      "distnr": 2.528685,
      "magpsf": 19.555197,
      "magpsf_corr": null,
      "magpsf_corr_ext": null,
      "magap": 19.3672,
      "magap_corr": null,
      "sigmapsf": 0.13689867,
      "sigmapsf_corr": null,
      "sigmapsf_corr_ext": null,
      "sigmagap": 0.1987,
      "sigmagap_corr": null,
      "ra": 86.5276443,
      "dec": -25.4130478,
      "rb": 0.8857143,
      "rbversion": "t17_f5_c3",
      "drb": 0.99998426,
      "magapbig": 19.469,
      "sigmagapbig": 0.2766,
      "rfid": 257120230,
      "has_stamp": true,
      "corrected": false,
      "dubious": false,
      "candid_alert": null,
      "step_id_corr": "1.1.6",
      "phase": 0.0,
      "parent_candid": null
    },
    {
      "tid": "ztf",
      "mjd": 59883.43901620014,
      "candid": "2129439013015015003",
      "fid": 2,
      "pid": 2129439013015,
      "diffmaglim": 19.970886,
      "isdiffpos": 1,
      "nid": 2129,
      "distnr": 2.1208038,
      "magpsf": 19.573988,
      "magpsf_corr": null,
      "magpsf_corr_ext": null,
      "magap": 19.3962,
      "magap_corr": null,
      "sigmapsf": 0.1639954,
      "sigmapsf_corr": null,
      "sigmapsf_corr_ext": null,
      "sigmagap": 0.2067,
      "sigmagap_corr": null,
      "ra": 86.527653,
      "dec": -25.412916,
      "rb": 0.6785714,
      "rbversion": "t17_f5_c3",
      "drb": 0.9999087,
      "magapbig": 19.295,
      "sigmagapbig": 0.2387,
      "rfid": 257120230,
      "has_stamp": true,
      "corrected": false,
      "dubious": false,
      "candid_alert": null,
      "step_id_corr": "1.1.6",
      "phase": 0.0,
      "parent_candid": null
    },
    {
      "tid": "ztf",
      "mjd": 59898.39790510014,
      "candid": "2144397903015015003",
      "fid": 2,
      "pid": 2144397903015,
      "diffmaglim": 20.071596,
      "isdiffpos": 1,
      "nid": 2144,
      "distnr": 2.3423958,
      "magpsf": 19.730589,
      "magpsf_corr": null,
      "magpsf_corr_ext": null,
      "magap": 19.5068,
      "magap_corr": null,
      "sigmapsf": 0.15269619,
      "sigmapsf_corr": null,
      "sigmapsf_corr_ext": null,
      "sigmagap": 0.2773,
      "sigmagap_corr": null,
      "ra": 86.5276646,
      "dec": -25.4129824,
      "rb": 0.7885714,
      "rbversion": "t17_f5_c3",
      "drb": 0.9999491,
      "magapbig": 19.652,
      "sigmagapbig": 0.4035,
      "rfid": 257120230,
      "has_stamp": true,
      "corrected": false,
      "dubious": false,
      "candid_alert": null,
      "step_id_corr": "1.1.6",
      "phase": 0.0,
      "parent_candid": null
    },
    {
      "tid": "ztf",
      "mjd": 59901.39844910009,
      "candid": "2147398443015015046",
      "fid": 2,
      "pid": 2147398443015,
      "diffmaglim": 19.528587,
      "isdiffpos": 1,
      "nid": 2147,
      "distnr": 2.5615962,
      "magpsf": 19.241137,
      "magpsf_corr": null,
      "magpsf_corr_ext": null,
      "magap": 19.2269,
      "magap_corr": null,
      "sigmapsf": 0.11250471,
      "sigmapsf_corr": null,
      "sigmapsf_corr_ext": null,
      "sigmagap": 0.3306,
      "sigmagap_corr": null,
      "ra": 86.5276255,
      "dec": -25.413066,
      "rb": 0.5814286,
      "rbversion": "t17_f5_c3",
      "drb": 0.99998283,
      "magapbig": 19.1668,
      "sigmagapbig": 0.3989,
      "rfid": 257120230,
      "has_stamp": true,
      "corrected": false,
      "dubious": false,
      "candid_alert": null,
      "step_id_corr": "1.1.6",
      "phase": 0.0,
      "parent_candid": null
    },
    {
      "tid": "ztf",
      "mjd": 59903.41946760006,
      "candid": "2149419463015015002",
      "fid": 2,
      "pid": 2149419463015,
      "diffmaglim": 19.917215,
      "isdiffpos": 1,
      "nid": 2149,
      "distnr": 2.6660287,
      "magpsf": 19.576456,
      "magpsf_corr": null,
      "magpsf_corr_ext": null,
      "magap": 19.4927,
      "magap_corr": null,
      "sigmapsf": 0.12914452,
      "sigmapsf_corr": null,
      "sigmapsf_corr_ext": null,
      "sigmagap": 0.2535,
      "sigmagap_corr": null,
      "ra": 86.52774,
      "dec": -25.4130477,
      "rb": 0.87142855,
      "rbversion": "t17_f5_c3",
      "drb": 0.99996614,
      "magapbig": 19.4741,
      "sigmagapbig": 0.3173,
      "rfid": 257120230,
      "has_stamp": true,
      "corrected": false,
      "dubious": false,
      "candid_alert": null,
      "step_id_corr": "1.1.6",
      "phase": 0.0,
      "parent_candid": null
    },
    {
      "tid": "ztf",
      "mjd": 59904.445439800154,
      "candid": "2150445433015015005",
      "fid": 2,
      "pid": 2150445433015,
      "diffmaglim": 19.7473,
      "isdiffpos": 1,
      "nid": 2150,
      "distnr": 2.45847,
      "magpsf": 19.8786,
      "magpsf_corr": null,
      "magpsf_corr_ext": null,
      "magap": 19.7519,
      "magap_corr": null,
      "sigmapsf": 0.241141,
      "sigmapsf_corr": null,
      "sigmapsf_corr_ext": null,
      "sigmagap": 0.3724,
      "sigmagap_corr": null,
      "ra": 86.5276061,
      "dec": -25.4130423,
      "rb": 0.758571,
      "rbversion": "t17_f5_c3",