{
  "detections": [
    {
      "tid": "ztf",
      "mjd": 59825.440219900105,
      "candid": "2071440215915015008",
      "fid": 2,
      "pid": 2071440215915,
      "diffmaglim": 19.9872,
      "isdiffpos": 1,
      "nid": 2071,
      "distnr": 2.2974262,
      "magpsf": 19.560143,
      "magpsf_corr": null,
      "magpsf_corr_ext": null,
      "magap": 19.7529,
      "magap_corr": null,
      "sigmapsf": 0.14420643,
      "sigmapsf_corr": null,
      "sigmapsf_corr_ext": null,
      "sigmagap": 0.306,
      "sigmagap_corr": null,
      "ra": 37.3143149,
      "dec": -22.137932,
      "rb": 0.9,
      "rbversion": "t17_f5_c3",
      "drb": 0.99999756,
      "magapbig": 19.5881,
      "sigmagapbig": 0.3335,
      "rfid": 250120259,
      "has_stamp": true,
      "corrected": false,
      "dubious": false,
      "candid_alert": null,
      "step_id_corr": "dev",
      "phase": 0.0,
      "parent_candid": null
    },
    {
      "tid": "ztf",
      "mjd": 59827.46115740016,
      "candid": "2073461155915015012",
      "fid": 2,
      "pid": 2073461155915,
      "diffmaglim": 19.964142,
      "isdiffpos": 1,
      "nid": 2073,
      "distnr": 2.238529,
      "magpsf": 19.45525,
      "magpsf_corr": null,
      "magpsf_corr_ext": null,
      "magap": 19.4027,
      "magap_corr": null,
      "sigmapsf": 0.12808411,
      "sigmapsf_corr": null,
      "sigmapsf_corr_ext": null,
      "sigmagap": 0.22,
      "sigmagap_corr": null,
      "ra": 37.3142978,
      "dec": -22.1378994,
      "rb": 0.95285714,
      "rbversion": "t17_f5_c3",
      "drb": 0.9999944,
      "magapbig": 19.3312,
      "sigmagapbig": 0.2609,
      "rfid": 250120259,
      "has_stamp": true,
      "corrected": false,
      "dubious": false,
      "candid_alert": null,
      "step_id_corr": "dev",
      "phase": 0.0,
      "parent_candid": null
    },
    {
      "tid": "ztf",
      "mjd": 59843.423252299894,
      "candid": "2089423255915015008",
      "fid": 2,
      "pid": 2089423255915,
      "diffmaglim": 20.275015,
      "isdiffpos": 1,
      "nid": 2089,
      "distnr": 2.3978329,
      "magpsf": 19.536617,
      "magpsf_corr": null,
      "magpsf_corr_ext": null,
      "magap": 19.7795,
      "magap_corr": null,
      "sigmapsf": 0.14623883,
      "sigmapsf_corr": null,
      "sigmapsf_corr_ext": null,
      "sigmagap": 0.2641,
      "sigmagap_corr": null,
      "ra": 37.3143462,
      "dec": -22.1378928,
      "rb": 0.89857143,
      "rbversion": "t17_f5_c3",
      "drb": 0.99985826,
      "magapbig": 19.6393,
      "sigmagapbig": 0.2931,
      "rfid": 250120259,
      "has_stamp": true,
      "corrected": false,
      "dubious": false,
      "candid_alert": null,
      "step_id_corr": "dev",
      "phase": 0.0,
      "parent_candid": null
    },
    {
      "tid": "ztf",
      "mjd": 59850.48184029991,
      "candid": "2096481845915015009",
      "fid": 2,
      "pid": 2096481845915,
      "diffmaglim": 20.108683,
      "isdiffpos": 1,
      "nid": 2096,
      "distnr": 2.3811874,
      "magpsf": 19.731134,
      "magpsf_corr": null,
      "magpsf_corr_ext": null,
      "magap": 20.2851,
      "magap_corr": null,
      "sigmapsf": 0.14815849,
      "sigmapsf_corr": null,
      "sigmapsf_corr_ext": null,
      "sigmagap": 0.4831,
      "sigmagap_corr": null,
      "ra": 37.3143413,
      "dec": -22.1378947,
      "rb": 0.8757143,
      "rbversion": "t17_f5_c3",
      "drb": 0.99976575,
      "magapbig": 19.7764,
      "sigmagapbig": 0.384,
      "rfid": 250120259,
      "has_stamp": true,
      "corrected": false,
      "dubious": false,
      "candid_alert": null,
      "step_id_corr": "dev",
      "phase": 0.0,
      "parent_candid": null
    },
    {
      "tid": "ztf",
      "mjd": 59852.377419000026,
      "candid": "2098377415915015022",
      "fid": 1,
      "pid": 2098377415915,
      "diffmaglim": 20.4707,
      "isdiffpos": 1,
      "nid": 2098,
      "distnr": 1.43249,
      "magpsf": 20.5782,
      "magpsf_corr": null,
      "magpsf_corr_ext": null,
      "magap": 21.2433,
      "magap_corr": null,
      "sigmapsf": 0.266391,
      "sigmapsf_corr": null,
      "sigmapsf_corr_ext": null,
      "sigmagap": 0.7418,
      "sigmagap_corr": null,
      "ra": 37.3142686,
      "dec": -22.1378705,
      "rb": 0.635714,
      "rbversion": "t17_f5_c3",
      "drb": null,
      "magapbig": 21.5093,
      "sigmagapbig": 1.1957,
      "rfid": null,
      "has_stamp": false,
      "corrected": false,
      "dubious": false,
      "candid_alert": null,
      "step_id_corr": "dev",
      "phase": 0.0,
      "parent_candid": 2098482915915015000
    },
    {
      "tid": "ztf",
      "mjd": 59852.48291670019,
      "candid": "2098482915915015010",
      "fid": 2,
      "pid": 2098482915915,
      "diffmaglim": 20.16859,
      "isdiffpos": 1,
      "nid": 2098,
      "distnr": 2.2090452,
      "magpsf": 19.765484,
      "magpsf_corr": null,
      "magpsf_corr_ext": null,
      "magap": 19.6491,
      "magap_corr": null,
      "sigmapsf": 0.17493841,
      "sigmapsf_corr": null,
      "sigmapsf_corr_ext": null,
      "sigmagap": 0.246,
      "sigmagap_corr": null,
      "ra": 37.3142888,
      "dec": -22.1379149,
      "rb": 0.78,
      "rbversion": "t17_f5_c3",
      "drb": 0.9636864,
      "magapbig": 19.5116,
      "sigmagapbig": 0.2741,
      "rfid": 250120259,
      "has_stamp": true,
      "corrected": false,
      "dubious": false,
      "candid_alert": null,
      "step_id_corr": "dev",
      "phase": 0.0,
      "parent_candid": null
    }
  ],
  "non_detections": [
    {
      "tid": "ztf",
      "mjd": 59823.43915509991,
      "fid": 1,
      "diffmaglim": 20.2036
    },
    {
      "tid": "ztf",
      "mjd": 59823.460543999914,
      "fid": 2,
      "diffmaglim": 18.9838
    },
    {
      "tid": "ztf",
      "mjd": 59827.438819400035,
      "fid": 1,
      "diffmaglim": 20.2015
    },
    {
      "tid": "ztf",
      "mjd": 59839.4641435002,
      "fid": 1,
      "diffmaglim": 20.061
    },
    {
      "tid": "ztf",
      "mjd": 59841.3976619998,
      "fid": 1,
      "diffmaglim": 20.2008
    },
    {
      "tid": "ztf",
      "mjd": 59841.44074069988,
      "fid": 1,
      "diffmaglim": 20.3823
    },
    {
      "tid": "ztf",
      "mjd": 59843.46096060006,
      "fid": 1,
      "diffmaglim": 20.2862
    },
    {
      "tid": "ztf",
      "mjd": 59846.42972220015,
      "fid": 2,
      "diffmaglim": 20.256
    },
    {
      "tid": "ztf",
      "mjd": 59848.3982406999,
      "fid": 1,
      "diffmaglim": 20.2057
    },
    {
      "tid": "ztf",
      "mjd": 59850.39678240009,
      "fid": 1,
      "diffmaglim": 20.4191
    }
  ],
  "forced_detections": []
}