{
  "detections": [
    {
      "tid": "ztf",
      "mjd": 59923.13100690022,
      "candid": "2169131005515015009",
      "fid": 2,
      "pid": 2169131005515,
      "diffmaglim": 19.700869,
      "isdiffpos": 1,
      "nid": 2169,
      "distnr": 2.636169,
      "magpsf": 17.626263,
      "magpsf_corr": null,
      "magpsf_corr_ext": null,
      "magap": 17.7889,
      "magap_corr": null,
      "sigmapsf": 0.051748283,
      "sigmapsf_corr": null,
      "sigmapsf_corr_ext": null,
      "sigmagap": 0.0677,
      "sigmagap_corr": null,
      "ra": 312.3452174,
      "dec": 21.1747112,
      "rb": 0.9357143,
      "rbversion": "t17_f5_c3",
      "drb": 0.9999425,
      "magapbig": 17.7774,
      "sigmagapbig": 0.0854,
      "rfid": 593120255,
      "has_stamp": true,
      "corrected": false,
      "dubious": false,
      "candid_alert": null,
      "step_id_corr": "1.1.6",
      "phase": 0.0,
      "parent_candid": null
    },
    {
      "tid": "ztf",
      "mjd": 59928.161990699824,
      "candid": "2174161995515015011",
      "fid": 2,
      "pid": 2174161995515,
      "diffmaglim": 19.030056,
      "isdiffpos": 1,
      "nid": 2174,
      "distnr": 2.5612679,
      "magpsf": 17.783146,
      "magpsf_corr": null,
      "magpsf_corr_ext": null,
      "magap": 17.7096,
      "magap_corr": null,
      "sigmapsf": 0.07589861,
      "sigmapsf_corr": null,
      "sigmapsf_corr_ext": null,
      "sigmagap": 0.0752,
      "sigmagap_corr": null,
      "ra": 312.3451819,
      "dec": 21.1746715,
      "rb": 0.7457143,
      "rbversion": "t17_f5_c3",
      "drb": 0.99978065,
      "magapbig": 17.5695,
      "sigmagapbig": 0.0846,
      "rfid": 593120255,
      "has_stamp": true,
      "corrected": false,
      "dubious": false,
      "candid_alert": null,
      "step_id_corr": "1.1.6",
      "phase": 0.0,
      "parent_candid": null
    },
    {
      "tid": "ztf",
      "mjd": 59933.135023099836,
      "candid": "2179135025515015018",
      "fid": 2,
      "pid": 2179135025515,
      "diffmaglim": 18.816755,
      "isdiffpos": 1,
      "nid": 2179,
      "distnr": 2.481755,
      "magpsf": 17.964022,
      "magpsf_corr": null,
      "magpsf_corr_ext": null,
      "magap": 18.0765,
      "magap_corr": null,
      "sigmapsf": 0.12403631,
      "sigmapsf_corr": null,
      "sigmapsf_corr_ext": null,
      "sigmagap": 0.136,
      "sigmagap_corr": null,
      "ra": 312.3451492,
      "dec": 21.1746251,
      "rb": 0.7271429,
      "rbversion": "t17_f5_c3",
      "drb": 0.9950838,
      "magapbig": 17.9463,
      "sigmagapbig": 0.1548,
      "rfid": 593120255,
      "has_stamp": true,
      "corrected": false,
      "dubious": false,
      "candid_alert": null,
      "step_id_corr": "1.1.6",
      "phase": 0.0,
      "parent_candid": null
    },
    {
      "tid": "ztf",
      "mjd": 59935.13210650021,
      "candid": "2181132105515015008",
      "fid": 2,
      "pid": 2181132105515,
      "diffmaglim": 19.855124,
      "isdiffpos": 1,
      "nid": 2181,
      "distnr": 2.6353056,
      "magpsf": 18.110182,
      "magpsf_corr": null,
      "magpsf_corr_ext": null,
      "magap": 18.0945,
      "magap_corr": null,
      "sigmapsf": 0.07169932,
      "sigmapsf_corr": null,
      "sigmapsf_corr_ext": null,
      "sigmagap": 0.0785,
      "sigmagap_corr": null,
      "ra": 312.3452049,
      "dec": 21.1747054,
      "rb": 0.93714285,
      "rbversion": "t17_f5_c3",
      "drb": 0.9999999,
      "magapbig": 18.0818,
      "sigmagapbig": 0.0989,
      "rfid": 593120255,
      "has_stamp": true,
      "corrected": false,
      "dubious": false,
      "candid_alert": null,
      "step_id_corr": "1.1.6",
      "phase": 0.0,
      "parent_candid": null
    }
  ],
  "non_detections": [
    {
      "tid": "ztf",
      "mjd": 59895.10906249983,
      "fid": 2,
      "diffmaglim": 20.3875
    },
    {
      "tid": "ztf",
      "mjd": 59895.16510420013,
      "fid": 1,
      "diffmaglim": 19.9911
    },
    {
      "tid": "ztf",
      "mjd": 59897.13549769996,
      "fid": 1,
      "diffmaglim": 20.4099
    },
    {
      "tid": "ztf",
      "mjd": 59897.1724537001,
      "fid": 2,
      "diffmaglim": 20.0521
    },
    {
      "tid": "ztf",
      "mjd": 59899.130613400135,
      "fid": 1,
      "diffmaglim": 20.0603
    },
    {
      "tid": "ztf",
      "mjd": 59901.130995399784,
      "fid": 2,
      "diffmaglim": 18.4592
    },
    {
      "tid": "ztf",
      "mjd": 59903.15623839991,
      "fid": 2,
      "diffmaglim": 20.1679
    },
    {
      "tid": "ztf",
      "mjd": 59903.18151619984,
      "fid": 1,
      "diffmaglim": 18.6074
    },
    {
      "tid": "ztf",
      "mjd": 59905.114421300124,
      "fid": 1,
      "diffmaglim": 19.3956
    },
    {
      "tid": "ztf",
      "mjd": 59905.130937499925,
      "fid": 2,
      "diffmaglim": 20.4352
    },
    {
      "tid": "ztf",
      "mjd": 59907.122928199824,
      "fid": 1,
      "diffmaglim": 20.0254
    },
    {
      "tid": "ztf",
      "mjd": 59907.16258100001,
      "fid": 2,
      "diffmaglim": 19.7106
    },
    {
      "tid": "ztf",
      "mjd": 59909.122500000056,
      "fid": 2,
      "diffmaglim": 20.0297
    },
    {
      "tid": "ztf",
      "mjd": 59909.20043980004,
      "fid": 1,
      "diffmaglim": 19.9794
    },
    {
      "tid": "ztf",
      "mjd": 59911.10172449984,
      "fid": 2,
      "diffmaglim": 18.2571
    },
    {
      "tid": "ztf",
      "mjd": 59914.138194399886,
      "fid": 2,
      "diffmaglim": 19.9268
    },
    {
      "tid": "ztf",
      "mjd": 59914.181631899904,
      "fid": 1,
      "diffmaglim": 19.4986
    }
  ],
  "forced_detections": []
}