{
  "detections": [
    {
      "tid": "ztf",
      "mjd": 59951.43752310006,
      "candid": "2197437522215015005",
      "fid": 2,
      "pid": 2197437522215,
      "diffmaglim": 19.200943,
      "isdiffpos": 1,
      "nid": 2197,
      "distnr": 5.533399,
      "magpsf": 18.973024,
      "magpsf_corr": null,
      "magpsf_corr_ext": null,
      "magap": 18.72,
      "magap_corr": null,
      "sigmapsf": 0.19155434,
      "sigmapsf_corr": null,
      "sigmapsf_corr_ext": null,
      "sigmagap": 0.2042,
      "sigmagap_corr": null,
      "ra": 157.9161826,
      "dec": -18.518685,
      "rb": 0.5442857,
      "rbversion": "t17_f5_c3",
      "drb": 0.99715096,
      "magapbig": 18.6367,
      "sigmagapbig": 0.2429,
      "rfid": 316120222,
      "has_stamp": true,
      "corrected": false,
      "dubious": false,
      "candid_alert": null,
      "step_id_corr": "1.1.6",
      "phase": 0.0,
      "parent_candid": null
    },
    {
      "tid": "ztf",
      "mjd": 59951.46267359983,
      "candid": "2197462672215015023",
      "fid": 1,
      "pid": 2197462672215,
      "diffmaglim": 18.5945,
      "isdiffpos": 1,
      "nid": 2197,
      "distnr": 3.11859,
      "magpsf": 19.0959,
      "magpsf_corr": null,
      "magpsf_corr_ext": null,
      "magap": 19.0739,
      "magap_corr": null,
      "sigmapsf": 0.276857,
      "sigmapsf_corr": null,
      "sigmapsf_corr_ext": null,
      "sigmagap": 0.4318,
      "sigmagap_corr": null,
      "ra": 157.9159289,
      "dec": -18.51863,
      "rb": 0.355714,
      "rbversion": "t17_f5_c3",
      "drb": null,
      "magapbig": 18.5862,
      "sigmagapbig": 0.3543,
      "rfid": null,
      "has_stamp": false,
      "corrected": false,
      "dubious": false,
      "candid_alert": null,
      "step_id_corr": "1.1.6",
      "phase": 0.0,
      "parent_candid": 2203398932215015200
    },
    {
      "tid": "ztf",
      "mjd": 59957.39893520018,
      "candid": "2203398932215015074",
      "fid": 1,
      "pid": 2203398932215,
      "diffmaglim": 18.123112,
      "isdiffpos": 1,
      "nid": 2203,
      "distnr": 2.5205743,
      "magpsf": 18.170332,
      "magpsf_corr": null,
      "magpsf_corr_ext": null,
      "magap": 18.6707,
      "magap_corr": null,
      "sigmapsf": 0.20691854,
      "sigmapsf_corr": null,
      "sigmapsf_corr_ext": null,
      "sigmagap": 0.5858,
      "sigmagap_corr": null,
      "ra": 157.916124,
      "dec": -18.518663,
      "rb": 0.5,
      "rbversion": "t17_f5_c3",
      "drb": 0.99924695,
      "magapbig": 18.2263,
      "sigmagapbig": 0.5003,
      "rfid": 316120122,
      "has_stamp": true,
      "corrected": false,
      "dubious": false,
      "candid_alert": null,
      "step_id_corr": "1.1.6",
      "phase": 0.0,
      "parent_candid": null
    },
    {
      "tid": "ztf",
      "mjd": 59965.37877310021,
      "candid": "2211378772215015010",
      "fid": 2,
      "pid": 2211378772215,
      "diffmaglim": 19.3539,
      "isdiffpos": 1,
      "nid": 2211,
      "distnr": 5.58175,
      "magpsf": 18.1196,
      "magpsf_corr": null,
      "magpsf_corr_ext": null,
      "magap": 18.0769,
      "magap_corr": null,
      "sigmapsf": 0.105348,
      "sigmapsf_corr": null,
      "sigmapsf_corr_ext": null,
      "sigmagap": 0.0635,
      "sigmagap_corr": null,
      "ra": 157.916164,
      "dec": -18.5186915,
      "rb": 0.412857,
      "rbversion": "t17_f5_c3",
      "drb": null,
      "magapbig": 18.0379,
      "sigmagapbig": 0.078,
      "rfid": null,
      "has_stamp": false,
      "corrected": false,
      "dubious": false,
      "candid_alert": null,
      "step_id_corr": "1.1.6",
      "phase": 0.0,
      "parent_candid": 2211399792215015000
    },
    {
      "tid": "ztf",
      "mjd": 59965.399791699834,
      "candid": "2211399792215015020",
      "fid": 1,
      "pid": 2211399792215,
      "diffmaglim": 19.612463,
      "isdiffpos": 1,
      "nid": 2211,
      "distnr": 2.2285118,
      "magpsf": 18.06639,
      "magpsf_corr": null,
      "magpsf_corr_ext": null,
      "magap": 18.0371,
      "magap_corr": null,
      "sigmapsf": 0.088004194,
      "sigmapsf_corr": null,
      "sigmapsf_corr_ext": null,
      "sigmagap": 0.0522,
      "sigmagap_corr": null,
      "ra": 157.9161814,
      "dec": -18.5187275,
      "rb": 0.41857144,
      "rbversion": "t17_f5_c3",
      "drb": 0.9949202,
      "magapbig": 17.9797,
      "sigmagapbig": 0.0628,
      "rfid": 316120122,
      "has_stamp": true,
      "corrected": false,
      "dubious": false,
      "candid_alert": null,
      "step_id_corr": "1.1.6",
      "phase": 0.0,
      "parent_candid": null
    },
    {
      "tid": "ztf",
      "mjd": 59968.376574099995,
      "candid": "2214376572215015012",
      "fid": 2,
      "pid": 2214376572215,
      "diffmaglim": 19.920757,
      "isdiffpos": 1,
      "nid": 2214,
      "distnr": 5.5553184,
      "magpsf": 18.156813,
      "magpsf_corr": null,
      "magpsf_corr_ext": null,
      "magap": 18.1448,
      "magap_corr": null,
      "sigmapsf": 0.06332879,
      "sigmapsf_corr": null,
      "sigmapsf_corr_ext": null,
      "sigmagap": 0.0652,
      "sigmagap_corr": null,
      "ra": 157.9161674,
      "dec": -18.5186972,
      "rb": 0.8857143,
      "rbversion": "t17_f5_c3",
      "drb": 0.99999696,
      "magapbig": 18.0987,
      "sigmagapbig": 0.0796,
      "rfid": 316120222,
      "has_stamp": true,
      "corrected": false,
      "dubious": false,
      "candid_alert": null,
      "step_id_corr": "1.1.6",
      "phase": 0.0,
      "parent_candid": null
    },
    {
      "tid": "ztf",
      "mjd": 59968.39961809991,
      "candid": "2214399612215015028",
      "fid": 1,
      "pid": 2214399612215,
      "diffmaglim": 19.85686,
      "isdiffpos": 1,
      "nid": 2214,
      "distnr": 2.1195798,
      "magpsf": 18.206726,
      "magpsf_corr": null,
      "magpsf_corr_ext": null,
      "magap": 18.1763,
      "magap_corr": null,
      "sigmapsf": 0.08783613,
      "sigmapsf_corr": null,
      "sigmapsf_corr_ext": null,
      "sigmagap": 0.0569,
      "sigmagap_corr": null,
      "ra": 157.9162249,
      "dec": -18.5187254,
      "rb": 0.70714283,
      "rbversion": "t17_f5_c3",
      "drb": 0.99972546,
      "magapbig": 18.2547,
      "sigmagapbig": 0.0774,
      "rfid": 316120122,
      "has_stamp": true,
      "corrected": false,
      "dubious": false,
      "candid_alert": null,
      "step_id_corr": "1.1.6",
      "phase": 0.0,
      "parent_candid": null
    },
    {
      "tid": "ztf",
      "mjd": 59969.37672450021,
      "candid": "2215376722215015008",
      "fid": 1,
      "pid": 2215376722215,
      "diffmaglim": 20.021914,
      "isdiffpos": 1,
      "nid": 2215,
      "distnr": 2.256406,
      "magpsf": 18.239138,
      "magpsf_corr": null,
      "magpsf_corr_ext": null,
      "magap": 18.3417,
      "magap_corr": null,
      "sigmapsf": 0.07816599,
      "sigmapsf_corr": null,
      "sigmapsf_corr_ext": null,
      "sigmagap": 0.0681,
      "sigmagap_corr": null,
      "ra": 157.9161981,
      "dec": -18.518697,
      "rb": 0.8914286,
      "rbversion": "t17_f5_c3",
      "drb": 0.9999957,
      "magapbig": 18.301,
      "sigmagapbig": 0.0834,
      "rfid": 316120122,
      "has_stamp": true,
      "corrected": false,
      "dubious": false,
      "candid_alert": null,
      "step_id_corr": "1.1.6",
      "phase": 0.0,
      "parent_candid": null
    },
    {
      "tid": "ztf",
      "mjd": 59969.421145800035,
      "candid": "2215421142215015011",
      "fid": 2,
      "pid": 2215421142215,
      "diffmaglim": 20.100346,
      "isdiffpos": 1,
      "nid": 2215,
      "distnr": 5.547449,
      "magpsf": 18.206709,
      "magpsf_corr": null,
      "magpsf_corr_ext": null,
      "magap": 18.1956,
      "magap_corr": null,
      "sigmapsf": 0.056865755,
      "sigmapsf_corr": null,
      "sigmapsf_corr_ext": null,
      "sigmagap": 0.0653,
      "sigmagap_corr": null,
      "ra": 157.9161668,
      "dec": -18.5187109,
      "rb": 0.92,