{
  "detections": [
    {
      "tid": "ztf",
      "mjd": 60325.196898099966,
      "candid": "2571196892715015005",
      "fid": 1,
      "pid": 2571196892715,
      "diffmaglim": 19.510279,
      "isdiffpos": 1,
      "nid": 2571,
      "distnr": 3.1490676,
      "magpsf": 18.925999,
      "magpsf_corr": null,
      "magpsf_corr_ext": null,
      "magap": 18.6557,
      "magap_corr": null,
      "sigmapsf": 0.13804793,
      "sigmapsf_corr": null,
      "sigmapsf_corr_ext": null,
      "sigmagap": 0.1341,
      "sigmagap_corr": null,
      "ra": 44.708254,
      "dec": -25.5735308,
      "rb": 0.54,
      "rbversion": "t17_f5_c3",
      "drb": 0.99935514,
      "magapbig": 18.6095,
      "sigmagapbig": 0.1644,
      "rfid": 251120127,
      "has_stamp": true,
      "corrected": false,
      "dubious": false,
      "candid_alert": null,
      "step_id_corr": "23.12.x",
      "phase": 0.0,
      "parent_candid": null
    },
    {
      "tid": "ztf",
      "mjd": 60327.148043999914,
      "candid": "2573148042715015001",
      "fid": 2,
      "pid": 2573148042715,
      "diffmaglim": 19.515684,
      "isdiffpos": 1,
      "nid": 2573,
      "distnr": 1.8440874,
      "magpsf": 18.543331,
      "magpsf_corr": null,
      "magpsf_corr_ext": null,
      "magap": 18.349,
      "magap_corr": null,
      "sigmapsf": 0.096099675,
      "sigmapsf_corr": null,
      "sigmapsf_corr_ext": null,
      "sigmagap": 0.1011,
      "sigmagap_corr": null,
      "ra": 44.7082447,
      "dec": -25.5735932,
      "rb": 0.6642857,
      "rbversion": "t17_f5_c3",
      "drb": 0.99999034,
      "magapbig": 18.2853,
      "sigmagapbig": 0.1217,
      "rfid": 251120227,
      "has_stamp": true,
      "corrected": false,
      "dubious": false,
      "candid_alert": null,
      "step_id_corr": "23.12.x",
      "phase": 0.0,
      "parent_candid": null
    },
    {
      "tid": "ztf",
      "mjd": 60327.196631900035,
      "candid": "2573196632715015000",
      "fid": 1,
      "pid": 2573196632715,
      "diffmaglim": 19.060472,
      "isdiffpos": 1,
      "nid": 2573,
      "distnr": 3.0199199,
      "magpsf": 18.200005,
      "magpsf_corr": null,
      "magpsf_corr_ext": null,
      "magap": 18.2835,
      "magap_corr": null,
      "sigmapsf": 0.11156618,
      "sigmapsf_corr": null,
      "sigmapsf_corr_ext": null,
      "sigmagap": 0.1123,
      "sigmagap_corr": null,
      "ra": 44.7082852,
      "dec": -25.5735539,
      "rb": 0.62142855,
      "rbversion": "t17_f5_c3",
      "drb": 0.9997259,
      "magapbig": 18.2906,
      "sigmagapbig": 0.1445,
      "rfid": 251120127,
      "has_stamp": true,
      "corrected": false,
      "dubious": false,
      "candid_alert": null,
      "step_id_corr": "23.12.x",
      "phase": 0.0,
      "parent_candid": null
    },
    {
      "tid": "ztf",
      "mjd": 60337.14829860022,
      "candid": "2583148292715015000",
      "fid": 1,
      "pid": 2583148292715,
      "diffmaglim": 18.457281,
      "isdiffpos": 1,
      "nid": 2583,
      "distnr": 3.092376,
      "magpsf": 17.70943,
      "magpsf_corr": null,
      "magpsf_corr_ext": null,
      "magap": 17.816,
      "magap_corr": null,
      "sigmapsf": 0.14628175,
      "sigmapsf_corr": null,
      "sigmapsf_corr_ext": null,
      "sigmagap": 0.1118,
      "sigmagap_corr": null,
      "ra": 44.7082569,
      "dec": -25.5735513,
      "rb": 0.41714287,
      "rbversion": "t17_f5_c3",
      "drb": 0.9981903,
      "magapbig": 17.6905,
      "sigmagapbig": 0.1276,
      "rfid": 251120127,
      "has_stamp": true,
      "corrected": false,
      "dubious": false,
      "candid_alert": null,
      "step_id_corr": "23.12.x",
      "phase": 0.0,
      "parent_candid": null
    },
    {
      "tid": "ztf",
      "mjd": 60341.11368060019,
      "candid": "2587113682715015005",
      "fid": 1,
      "pid": 2587113682715,
      "diffmaglim": 19.533752,
      "isdiffpos": 1,
      "nid": 2587,
      "distnr": 2.9811943,
      "magpsf": 17.909727,
      "magpsf_corr": null,
      "magpsf_corr_ext": null,
      "magap": 17.9627,
      "magap_corr": null,
      "sigmapsf": 0.06911553,
      "sigmapsf_corr": null,
      "sigmapsf_corr_ext": null,
      "sigmagap": 0.0646,
      "sigmagap_corr": null,
      "ra": 44.7082864,
      "dec": -25.5735684,
      "rb": 0.8814286,
      "rbversion": "t17_f5_c3",
      "drb": 0.99998665,
      "magapbig": 17.9306,
      "sigmagapbig": 0.0798,
      "rfid": 251120127,
      "has_stamp": true,
      "corrected": false,
      "dubious": false,
      "candid_alert": null,
      "step_id_corr": "23.12.x",
      "phase": 0.0,
      "parent_candid": null
    }
  ],
  "non_detections": [
    {
      "tid": "ztf",
      "mjd": 60296.25907409983,
      "fid": 1,
      "diffmaglim": 19.2442
    },
    {
      "tid": "ztf",
      "mjd": 60306.16765049985,
      "fid": 1,
      "diffmaglim": 19.1604
    },
    {
      "tid": "ztf",
      "mjd": 60306.259687500075,
      "fid": 2,
      "diffmaglim": 17.7269
    },
    {
      "tid": "ztf",
      "mjd": 60308.16810189979,
      "fid": 1,
      "diffmaglim": 19.5928
    },
    {
      "tid": "ztf",
      "mjd": 60314.13026619982,
      "fid": 2,
      "diffmaglim": 19.5665
    },
    {
      "tid": "ztf",
      "mjd": 60314.21312499978,
      "fid": 1,
      "diffmaglim": 19.3247
    },
    {
      "tid": "ztf",
      "mjd": 60321.18028939981,
      "fid": 2,
      "diffmaglim": 19.4967
    },
    {
      "tid": "ztf",
      "mjd": 60323.21097220015,
      "fid": 1,
      "diffmaglim": 18.2208
    },
    {
      "tid": "ztf",
      "mjd": 60325.17031250009,
      "fid": 2,
      "diffmaglim": 17.8492
    },
    {
      "tid": "ztf",
      "mjd": 60327.148043999914,
      "fid": 2,
      "diffmaglim": 19.5157
    },
    {
      "tid": "ztf",
      "mjd": 60327.196631900035,
      "fid": 1,
      "diffmaglim": 19.0605
    },
    {
      "tid": "ztf",
      "mjd": 60337.14089119993,
      "fid": 2,
      "diffmaglim": 18.3182
    }
  ],
  "forced_detections": [
    {
      "candid": "ZTF24aackkkn2571196892715",
      "tid": "ztf",
      "pid": 2571196892715,
      "oid": "ZTF24aackkkn",
      "mjd": 60325.196898099966,
      "fid": 1,
      "ra": 44.7082447,
      "e_ra": null,
      "dec": -25.5735932,
      "e_dec": null,
      "mag": 18.946348190307617,
      "e_mag": 0.08002341538667679,
      "mag_corr": null,
      "e_mag_corr": null,
      "e_mag_corr_ext": null,
      "isdiffpos": 1,
      "corrected": false,
      "dubious": false,
      "parent_candid": 2573148042715015001,
      "has_stamp": false,
      "scibckgnd": 120.77799987792969,
      "exptime": 30.0,
      "magnr": 20.128999710083008,
      "scisigpix": 9.096969604492188,
      "adpctdif1": 0.113475002348423,
      "sigmagnr": 0.1080000028014183,
      "magzpsci": 26.106000900268555,
      "adpctdif2": 0.1187250018119812,
      "chinr": 4.980000019073486,
      "diffmaglim": 19.510299682617188,
      "programid": 1,
      "sharpnr": 0.2619999945163727,
      "field": 251,
      "magzpsciunc": 3.435059988987632e-05,
      "procstatus": "0",
      "rcid": 27,
      "magzpscirms": 0.03558649867773056,
      "distnr": 3.0621156692504883,
      "rfid": 251120127,
      "clrcoeff": -0.08410009741783142,
      "ranr": 44.70896530151367,
      "sciinpseeing": 2.988100051879883,
      "clrcounc": 6.141440098872408e-05,
      "decnr": -25.574140548706055
    },
    {
      "candid": "ZTF24aackkkn2567180282715",
      "tid": "ztf",
      "pid": 2567180282715,
      "oid": "ZTF24aackkkn",
      "mjd": 60321.18028939981,
      "fid": 2,
      "ra": 44.708254,
      "e_ra": null,
      "dec": -25.5735308,
      "e_dec": null,
      "mag": 21.596418380737305,
      "e_mag": 0.9145395755767822,
      "mag_corr": null,
      "e_mag_corr": null,
      "e_mag_corr_ext": null,
      "isdiffpos": 1,
      "corrected": false,
      "dubious": false,
      "parent_candid": 2571196892715015005,
      "has_stamp": false,
      "scibckgnd": 243.85400390625,