{
  "detections": [
    {
      "tid": "ztf",
      "mjd": 60162.4462731001,
      "candid": "2408446276315015006",
      "fid": 2,
      "pid": 2408446276315,
      "diffmaglim": 19.667181,
      "isdiffpos": 1,
      "nid": 2408,
      "distnr": 1.2378615,
      "magpsf": 18.82919,
      "magpsf_corr": 18.421669,
      "magpsf_corr_ext": null,
      "magap": 19.0896,
      "magap_corr": null,
      "sigmapsf": 0.09470861,
      "sigmapsf_corr": 0.06006109,
      "sigmapsf_corr_ext": 0.06507007,
      "sigmagap": 0.2188,
      "sigmagap_corr": null,
      "ra": 41.4113621,
      "dec": -15.0120121,
      "rb": 0.93285716,
      "rbversion": "t17_f5_c3",
      "drb": 0.999879,
      "magapbig": 19.2151,
      "sigmagapbig": 0.3146,
      "rfid": 300120263,
      "has_stamp": true,
      "corrected": true,
      "dubious": false,
      "candid_alert": null,
      "step_id_corr": "1.2.0",
      "phase": 0.0,
      "parent_candid": null
    },
    {
      "tid": "ztf",
      "mjd": 60169.444294000044,
      "candid": "2415444296315015005",
      "fid": 2,
      "pid": 2415444296315,
      "diffmaglim": 20.305397,
      "isdiffpos": 1,
      "nid": 2415,
      "distnr": 1.4140023,
      "magpsf": 18.846748,
      "magpsf_corr": null,
      "magpsf_corr_ext": null,
      "magap": 19.0066,
      "magap_corr": null,
      "sigmapsf": 0.07327552,
      "sigmapsf_corr": null,
      "sigmapsf_corr_ext": null,
      "sigmagap": 0.1136,
      "sigmagap_corr": null,
      "ra": 41.4113387,
      "dec": -15.012052,
      "rb": 0.94714284,
      "rbversion": "t17_f5_c3",
      "drb": 0.9983921,
      "magapbig": 19.0111,
      "sigmagapbig": 0.1448,
      "rfid": 300120263,
      "has_stamp": true,
      "corrected": false,
      "dubious": true,
      "candid_alert": null,
      "step_id_corr": "1.2.0",
      "phase": 0.0,
      "parent_candid": null
    },
    {
      "tid": "ztf",
      "mjd": 60173.45866899984,
      "candid": "2419458666315015003",
      "fid": 2,
      "pid": 2419458666315,
      "diffmaglim": 20.276289,
      "isdiffpos": 1,
      "nid": 2419,
      "distnr": 1.3474715,
      "magpsf": 18.907377,
      "magpsf_corr": 18.474777,
      "magpsf_corr_ext": null,
      "magap": 19.0474,
      "magap_corr": null,
      "sigmapsf": 0.08162869,
      "sigmapsf_corr": 0.048084855,
      "sigmapsf_corr_ext": 0.054802828,
      "sigmagap": 0.1214,
      "sigmagap_corr": null,
      "ra": 41.4113437,
      "dec": -15.012039,
      "rb": 0.9514286,
      "rbversion": "t17_f5_c3",
      "drb": 0.999982,
      "magapbig": 19.1511,
      "sigmagapbig": 0.1697,
      "rfid": 300120263,
      "has_stamp": true,
      "corrected": true,
      "dubious": false,
      "candid_alert": null,
      "step_id_corr": "1.2.0",
      "phase": 0.0,
      "parent_candid": null
    },
    {
      "tid": "ztf",
      "mjd": 60182.4588889,
      "candid": "2428458886315015002",
      "fid": 2,
      "pid": 2428458886315,
      "diffmaglim": 20.368374,
      "isdiffpos": 1,
      "nid": 2428,
      "distnr": 1.3847766,
      "magpsf": 19.175575,
      "magpsf_corr": 18.647335,
      "magpsf_corr_ext": null,
      "magap": 19.1568,
      "magap_corr": null,
      "sigmapsf": 0.09409017,
      "sigmapsf_corr": 0.048948336,
      "sigmapsf_corr_ext": 0.057842664,
      "sigmagap": 0.1237,
      "sigmagap_corr": null,
      "ra": 41.4113093,
      "dec": -15.0120382,
      "rb": 0.9342857,
      "rbversion": "t17_f5_c3",
      "drb": 0.9978769,
      "magapbig": 19.1522,
      "sigmagapbig": 0.1565,
      "rfid": 300120263,
      "has_stamp": true,
      "corrected": true,
      "dubious": false,
      "candid_alert": null,
      "step_id_corr": "1.2.0",
      "phase": 0.0,
      "parent_candid": null
    },
    {
      "tid": "ztf",
      "mjd": 60186.41814809991,
      "candid": "2432418146315015003",
      "fid": 2,
      "pid": 2432418146315,
      "diffmaglim": 19.260017,
      "isdiffpos": 1,
      "nid": 2432,
      "distnr": 1.6267946,
      "magpsf": 19.167353,
      "magpsf_corr": null,
      "magpsf_corr_ext": null,
      "magap": 19.1286,
      "magap_corr": null,
      "sigmapsf": 0.1686269,
      "sigmapsf_corr": null,
      "sigmapsf_corr_ext": null,
      "sigmagap": 0.3159,
      "sigmagap_corr": null,
      "ra": 41.4112347,
      "dec": -15.0120799,
      "rb": 0.71428573,
      "rbversion": "t17_f5_c3",
      "drb": 0.99408364,
      "magapbig": 19.2953,
      "sigmagapbig": 0.4726,
      "rfid": 300120263,
      "has_stamp": true,
      "corrected": false,
      "dubious": true,
      "candid_alert": null,
      "step_id_corr": "1.2.0",
      "phase": 0.0,
      "parent_candid": null
    },
    {
      "tid": "ztf",
      "mjd": 60196.457592600025,
      "candid": "2442457596315015009",
      "fid": 2,
      "pid": 2442457596315,
      "diffmaglim": 20.2976,
      "isdiffpos": 1,
      "nid": 2442,
      "distnr": 1.78578,
      "magpsf": 20.019,
      "magpsf_corr": null,
      "magpsf_corr_ext": null,
      "magap": 20.6573,
      "magap_corr": null,
      "sigmapsf": 0.172584,
      "sigmapsf_corr": null,
      "sigmapsf_corr_ext": null,
      "sigmagap": 0.5444,
      "sigmagap_corr": null,
      "ra": 41.4112894,
      "dec": -15.0121516,
      "rb": 0.797143,
      "rbversion": "t17_f5_c3",
      "drb": null,
      "magapbig": 20.5189,
      "sigmagapbig": 0.6133,
      "rfid": null,
      "has_stamp": false,
      "corrected": false,
      "dubious": true,
      "candid_alert": null,
      "step_id_corr": "1.2.1",
      "phase": 0.0,
      "parent_candid": 2452420486315015000
    },
    {
      "tid": "ztf",
      "mjd": 60206.42048610002,
      "candid": "2452420486315015006",
      "fid": 2,
      "pid": 2452420486315,
      "diffmaglim": 20.31749,
      "isdiffpos": 1,
      "nid": 2452,
      "distnr": 1.9130812,
      "magpsf": 20.057722,
      "magpsf_corr": null,
      "magpsf_corr_ext": null,
      "magap": 19.8296,
      "magap_corr": null,
      "sigmapsf": 0.20714206,
      "sigmapsf_corr": null,
      "sigmapsf_corr_ext": null,
      "sigmagap": 0.2239,
      "sigmagap_corr": null,
      "ra": 41.4112404,
      "dec": -15.0121743,
      "rb": 0.6257143,
      "rbversion": "t17_f5_c3",
      "drb": 0.84013104,
      "magapbig": 19.9455,
      "sigmagapbig": 0.3176,
      "rfid": 300120263,
      "has_stamp": true,
      "corrected": false,
      "dubious": true,
      "candid_alert": null,
      "step_id_corr": "1.2.1",
      "phase": 0.0,
      "parent_candid": null
    }
  ],
  "non_detections": [
    {
      "tid": "ztf",
      "mjd": 60162.46471060021,
      "fid": 1,
      "diffmaglim": 19.6923
    },
    {
      "tid": "ztf",
      "mjd": 60169.47789350012,
      "fid": 1,
      "diffmaglim": 20.453
    },
    {
      "tid": "ztf",
      "mjd": 60178.4578009001,
      "fid": 1,
      "diffmaglim": 20.551
    },
    {
      "tid": "ztf",
      "mjd": 60182.418182900175,
      "fid": 1,
      "diffmaglim": 20.1722
    },
    {
      "tid": "ztf",
      "mjd": 60184.40300930012,
      "fid": 1,
      "diffmaglim": 19.7033
    },
    {
      "tid": "ztf",
      "mjd": 60186.48002310004,
      "fid": 1,
      "diffmaglim": 19.3808
    },
    {
      "tid": "ztf",
      "mjd": 60194.431504600216,
      "fid": 1,
      "diffmaglim": 20.2718
    },
    {
      "tid": "ztf",
      "mjd": 60196.47357639996,
      "fid": 1,
      "diffmaglim": 20.2618
    },
    {
      "tid": "ztf",
      "mjd": 60204.41437500017,
      "fid": 2,
      "diffmaglim": 20.566
    },
    {
      "tid": "ztf",
      "mjd": 60204.45252310019,
      "fid": 1,
      "diffmaglim": 20.8937
    },
    {
      "tid": "ztf",
      "mjd": 60206.39847220015,
      "fid": 1,
      "diffmaglim": 20.5195
    }
  ],
  "forced_detections": []
}