{
  "detections": [
    {
      "tid": "ztf",
      "mjd": 59897.4886690001,
      "candid": "2143488662615015011",
      "fid": 1,
      "pid": 2143488662615,
      "diffmaglim": 19.005194,
      "isdiffpos": 1,
      "nid": 2143,
      "distnr": 1.0276419,
      "magpsf": 18.846416,
      "magpsf_corr": 17.198387,
      "magpsf_corr_ext": null,
      "magap": 18.6654,
      "magap_corr": null,
      "sigmapsf": 0.15500072,
      "sigmapsf_corr": 100.0,
      "sigmapsf_corr_ext": 0.033972066,
      "sigmagap": 0.1815,
      "sigmagap_corr": null,
      "ra": 156.0011821,
      "dec": -18.5546516,
      "rb": 0.6242857,
      "rbversion": "t17_f5_c3",
      "drb": 0.99937916,
      "magapbig": 18.631,
      "sigmagapbig": 0.2244,
      "rfid": 316120126,
      "has_stamp": true,
      "corrected": true,
      "dubious": false,
      "candid_alert": null,
      "step_id_corr": "1.1.6",
      "phase": 0.0,
      "parent_candid": null
    },
    {
      "tid": "ztf",
      "mjd": 59898.4953240999,
      "candid": "2144495322615015011",
      "fid": 2,
      "pid": 2144495322615,
      "diffmaglim": 19.964128,
      "isdiffpos": 1,
      "nid": 2144,
      "distnr": 0.8419228,
      "magpsf": 18.053751,
      "magpsf_corr": 16.494198,
      "magpsf_corr_ext": null,
      "magap": 18.0515,
      "magap_corr": null,
      "sigmapsf": 0.07451925,
      "sigmapsf_corr": 100.0,
      "sigmapsf_corr_ext": 0.017719325,
      "sigmagap": 0.0798,
      "sigmagap_corr": null,
      "ra": 156.0010183,
      "dec": -18.5547803,
      "rb": 0.93285716,
      "rbversion": "t17_f5_c3",
      "drb": 1.0,
      "magapbig": 18.1494,
      "sigmagapbig": 0.1095,
      "rfid": 316120226,
      "has_stamp": true,
      "corrected": true,
      "dubious": false,
      "candid_alert": null,
      "step_id_corr": "1.1.6",
      "phase": 0.0,
      "parent_candid": null
    },
    {
      "tid": "ztf",
      "mjd": 59900.4988425998,
      "candid": "2146498842615015016",
      "fid": 1,
      "pid": 2146498842615,
      "diffmaglim": 19.287159,
      "isdiffpos": 1,
      "nid": 2146,
      "distnr": 1.4217799,
      "magpsf": 18.99593,
      "magpsf_corr": null,
      "magpsf_corr_ext": null,
      "magap": 18.7874,
      "magap_corr": null,
      "sigmapsf": 0.1692501,
      "sigmapsf_corr": null,
      "sigmapsf_corr_ext": null,
      "sigmagap": 0.1566,
      "sigmagap_corr": null,
      "ra": 156.0008367,
      "dec": -18.5546892,
      "rb": 0.41285715,
      "rbversion": "t17_f5_c3",
      "drb": 0.9600006,
      "magapbig": 18.7729,
      "sigmagapbig": 0.1961,
      "rfid": 316120126,
      "has_stamp": true,
      "corrected": false,
      "dubious": true,
      "candid_alert": null,
      "step_id_corr": "1.1.6",
      "phase": 0.0,
      "parent_candid": null
    },
    {
      "tid": "ztf",
      "mjd": 59901.50572919985,
      "candid": "2147505722615015012",
      "fid": 1,
      "pid": 2147505722615,
      "diffmaglim": 19.7235,
      "isdiffpos": 1,
      "nid": 2147,
      "distnr": 0.5505426,
      "magpsf": 19.061646,
      "magpsf_corr": 17.242044,
      "magpsf_corr_ext": null,
      "magap": 19.1016,
      "magap_corr": null,
      "sigmapsf": 0.146337,
      "sigmapsf_corr": 100.0,
      "sigmapsf_corr_ext": 0.027385062,
      "sigmagap": 0.1776,
      "sigmagap_corr": null,
      "ra": 156.0010591,
      "dec": -18.5548187,
      "rb": 0.8457143,
      "rbversion": "t17_f5_c3",
      "drb": 0.99989533,
      "magapbig": 18.8946,
      "sigmagapbig": 0.1856,
      "rfid": 316120126,
      "has_stamp": true,
      "corrected": true,
      "dubious": false,
      "candid_alert": null,
      "step_id_corr": "1.1.6",
      "phase": 0.0,
      "parent_candid": null
    },
    {
      "tid": "ztf",
      "mjd": 59901.5584028,
      "candid": "2147558402615015010",
      "fid": 2,
      "pid": 2147558402615,
      "diffmaglim": 19.56388,
      "isdiffpos": 1,
      "nid": 2147,
      "distnr": 0.88768446,
      "magpsf": 18.06101,
      "magpsf_corr": 16.49592,
      "magpsf_corr_ext": null,
      "magap": 18.0511,
      "magap_corr": null,
      "sigmapsf": 0.06188628,
      "sigmapsf_corr": 100.0,
      "sigmapsf_corr_ext": 0.0146405725,
      "sigmagap": 0.1003,
      "sigmagap_corr": null,
      "ra": 156.001015,
      "dec": -18.554769,
      "rb": 0.9242857,
      "rbversion": "t17_f5_c3",
      "drb": 0.9999999,
      "magapbig": 17.9452,
      "sigmagapbig": 0.1154,
      "rfid": 316120226,
      "has_stamp": true,
      "corrected": true,
      "dubious": false,
      "candid_alert": null,
      "step_id_corr": "1.1.6",
      "phase": 0.0,
      "parent_candid": null
    },
    {
      "tid": "ztf",
      "mjd": 59902.52114580013,
      "candid": "2148521142615015004",
      "fid": 2,
      "pid": 2148521142615,
      "diffmaglim": 19.037363,
      "isdiffpos": 1,
      "nid": 2148,
      "distnr": 1.0183184,
      "magpsf": 17.834377,
      "magpsf_corr": 16.437878,
      "magpsf_corr_ext": null,
      "magap": 18.2873,
      "magap_corr": null,
      "sigmapsf": 0.12652579,
      "sigmapsf_corr": 100.0,
      "sigmapsf_corr_ext": 0.034960624,
      "sigmagap": 0.0907,
      "sigmagap_corr": null,
      "ra": 156.0009781,
      "dec": -18.5547512,
      "rb": 0.51428574,
      "rbversion": "t17_f5_c3",
      "drb": 0.99906963,
      "magapbig": 18.3299,
      "sigmagapbig": 0.1184,
      "rfid": 316120226,
      "has_stamp": true,
      "corrected": true,
      "dubious": false,
      "candid_alert": null,
      "step_id_corr": "1.1.6",
      "phase": 0.0,
      "parent_candid": null
    },
    {
      "tid": "ztf",
      "mjd": 59903.48298610002,
      "candid": "2149482982615015010",
      "fid": 2,
      "pid": 2149482982615,
      "diffmaglim": 19.624062,
      "isdiffpos": 1,
      "nid": 2149,
      "distnr": 1.12175,
      "magpsf": 18.014011,
      "magpsf_corr": 16.484615,
      "magpsf_corr_ext": null,
      "magap": 18.1549,
      "magap_corr": null,
      "sigmapsf": 0.077411965,
      "sigmapsf_corr": 100.0,
      "sigmapsf_corr_ext": 0.018925607,
      "sigmagap": 0.0847,
      "sigmagap_corr": null,
      "ra": 156.0010181,
      "dec": -18.5546865,
      "rb": 0.89857143,
      "rbversion": "t17_f5_c3",
      "drb": 0.99999976,
      "magapbig": 18.0875,
      "sigmagapbig": 0.0997,
      "rfid": 316120226,
      "has_stamp": true,
      "corrected": true,
      "dubious": false,
      "candid_alert": null,
      "step_id_corr": "1.1.6",
      "phase": 0.0,
      "parent_candid": null
    },
    {
      "tid": "ztf",
      "mjd": 59903.51913189981,
      "candid": "2149519132615015006",
      "fid": 1,
      "pid": 2149519132615,
      "diffmaglim": 19.802786,
      "isdiffpos": 1,
      "nid": 2149,
      "distnr": 0.93568575,
      "magpsf": 19.063929,
      "magpsf_corr": 17.242472,
      "magpsf_corr_ext": null,
      "magap": 19.1536,
      "magap_corr": null,
      "sigmapsf": 0.1458128,
      "sigmapsf_corr": 100.0,
      "sigmapsf_corr_ext": 0.02724035,
      "sigmagap": 0.1729,
      "sigmagap_corr": null,
      "ra": 156.0010095,
      "dec": -18.5547225,
      "rb": 0.7985714,
      "rbversion": "t17_f5_c3",
      "drb": 0.9999962,
      "magapbig": 19.1867,
      "sigmagapbig": 0.2247,
      "rfid": 316120126,
      "has_stamp": true,
      "corrected": true,
      "dubious": false,
      "candid_alert": null,
      "step_id_corr": "1.1.6",
      "phase": 0.0,
      "parent_candid": null
    },
    {
      "tid": "ztf",
      "mjd": 59904.46672450006,
      "candid": "2150466722615015003",
      "fid": 2,
      "pid": 2150466722615,
      "diffmaglim": 19.73212,
      "isdiffpos": 1,
      "nid": 2150,
      "distnr": 0.83091784,
      "magpsf": 18.090218,
      "magpsf_corr": 16.502758,
      "magpsf_corr_ext": null,
      "magap": 17.9665,
      "magap_corr": null,
      "sigmapsf": 0.0880129,
      "sigmapsf_corr": 100.0,
      "sigmapsf_corr_ext": 0.02039683,
      "sigmagap": 0.0823,
      "sigmagap_corr": null,