{
  "detections": [
    {
      "tid": "ztf",
      "mjd": 60287.40361109981,
      "candid": "2533403614115015004",
      "fid": 2,
      "pid": 2533403614115,
      "diffmaglim": 19.916748,
      "isdiffpos": 1,
      "nid": 2533,
      "distnr": 4.2570047,
      "magpsf": 18.993568,
      "magpsf_corr": null,
      "magpsf_corr_ext": null,
      "magap": 19.1873,
      "magap_corr": null,
      "sigmapsf": 0.117279805,
      "sigmapsf_corr": null,
      "sigmapsf_corr_ext": null,
      "sigmagap": 0.1672,
      "sigmagap_corr": null,
      "ra": 171.5505082,
      "dec": 27.1977436,
      "rb": 0.9185714,
      "rbversion": "t17_f5_c3",
      "drb": 0.99990714,
      "magapbig": 19.1355,
      "sigmagapbig": 0.2042,
      "rfid": 623120241,
      "has_stamp": true,
      "corrected": false,
      "dubious": false,
      "candid_alert": null,
      "step_id_corr": "23.12.x",
      "phase": 0.0,
      "parent_candid": null
    },
    {
      "tid": "ztf",
      "mjd": 60315.38252309989,
      "candid": "2561382524115015009",
      "fid": 2,
      "pid": 2561382524115,
      "diffmaglim": 20.091066,
      "isdiffpos": 1,
      "nid": 2561,
      "distnr": 4.1350017,
      "magpsf": 19.39001,
      "magpsf_corr": null,
      "magpsf_corr_ext": null,
      "magap": 19.5135,
      "magap_corr": null,
      "sigmapsf": 0.12623893,
      "sigmapsf_corr": null,
      "sigmapsf_corr_ext": null,
      "sigmagap": 0.1939,
      "sigmagap_corr": null,
      "ra": 171.5504578,
      "dec": 27.197739,
      "rb": 0.89428574,
      "rbversion": "t17_f5_c3",
      "drb": 0.99997556,
      "magapbig": 19.7488,
      "sigmagapbig": 0.3085,
      "rfid": 623120241,
      "has_stamp": true,
      "corrected": false,
      "dubious": false,
      "candid_alert": null,
      "step_id_corr": "23.12.x",
      "phase": 0.0,
      "parent_candid": null
    }
  ],
  "non_detections": [
    {
      "tid": "ztf",
      "mjd": 60287.46843749983,
      "fid": 1,
      "diffmaglim": 19.9416
    },
    {
      "tid": "ztf",
      "mjd": 60311.30167819979,
      "fid": 2,
      "diffmaglim": 17.6193
    }
  ],
  "forced_detections": [
    {
      "candid": "ZTF23absisrd2506492984115",
      "tid": "ztf",
      "pid": 2506492984115,
      "oid": "ZTF23absisrd",
      "mjd": 60260.492986099795,
      "fid": 1,
      "ra": 171.5505082,
      "e_ra": null,
      "dec": 27.1977436,
      "e_dec": null,
      "mag": 100.0,
      "e_mag": 100.0,
      "mag_corr": null,
      "e_mag_corr": null,
      "e_mag_corr_ext": null,
      "isdiffpos": -1,
      "corrected": false,
      "dubious": true,
      "parent_candid": 2533403614115015004,
      "has_stamp": false,
      "scibckgnd": 95.04530334472656,
      "exptime": 30.0,
      "magnr": 19.72599983215332,
      "scisigpix": 6.986080169677734,
      "adpctdif1": 0.13350200653076172,
      "sigmagnr": 0.10300000011920929,
      "magzpsci": 26.283899307250977,
      "adpctdif2": 0.10370299965143204,
      "chinr": 5.9019999504089355,
      "diffmaglim": 20.03809928894043,
      "programid": 1,
      "sharpnr": 0.6480000019073486,
      "field": 623,
      "magzpsciunc": 4.386470027384348e-05,
      "procstatus": "61",
      "rcid": 41,
      "magzpscirms": 0.03988340124487877,
      "distnr": 4.058784008026123,
      "rfid": 623120141,
      "clrcoeff": -0.04067070037126541,
      "ranr": 171.5496826171875,
      "sciinpseeing": 2.9052999019622803,
      "clrcounc": 6.301660323515534e-05,
      "decnr": 27.196887969970703
    },
    {
      "candid": "ZTF23absisrd2503482584115",
      "tid": "ztf",
      "pid": 2503482584115,
      "oid": "ZTF23absisrd",
      "mjd": 60257.482580999844,
      "fid": 1,
      "ra": 171.5505082,
      "e_ra": null,
      "dec": 27.1977436,
      "e_dec": null,
      "mag": 100.0,
      "e_mag": 100.0,
      "mag_corr": null,
      "e_mag_corr": null,
      "e_mag_corr_ext": null,
      "isdiffpos": -1,
      "corrected": false,
      "dubious": true,
      "parent_candid": 2533403614115015004,
      "has_stamp": false,
      "scibckgnd": 90.45159912109375,
      "exptime": 30.0,
      "magnr": 19.72599983215332,
      "scisigpix": 7.674139976501465,
      "adpctdif1": 0.17158100008964539,
      "sigmagnr": 0.10300000011920929,
      "magzpsci": 26.24250030517578,
      "adpctdif2": 0.13469000160694122,
      "chinr": 5.9019999504089355,
      "diffmaglim": 19.3981990814209,
      "programid": 1,
      "sharpnr": 0.6480000019073486,
      "field": 623,
      "magzpsciunc": 6.507930083898827e-05,
      "procstatus": "61",
      "rcid": 41,
      "magzpscirms": 0.039528101682662964,
      "distnr": 4.058784008026123,
      "rfid": 623120141,
      "clrcoeff": -0.030719300732016563,
      "ranr": 171.5496826171875,
      "sciinpseeing": 4.956299781799316,
      "clrcounc": 0.00011870599701069295,
      "decnr": 27.196887969970703
    },
    {
      "candid": "ZTF23absisrd2537508294115",
      "tid": "ztf",
      "pid": 2537508294115,
      "oid": "ZTF23absisrd",
      "mjd": 60291.50829860009,
      "fid": 2,
      "ra": 171.5504578,
      "e_ra": null,
      "dec": 27.197739,
      "e_dec": null,
      "mag": 100.0,
      "e_mag": 100.0,
      "mag_corr": null,
      "e_mag_corr": null,
      "e_mag_corr_ext": null,
      "isdiffpos": -1,
      "corrected": false,
      "dubious": true,
      "parent_candid": 2561382524115015009,
      "has_stamp": false,
      "scibckgnd": 239.98199462890625,
      "exptime": 30.0,
      "magnr": 19.56399917602539,
      "scisigpix": 6.626420021057129,
      "adpctdif1": 0.11970300227403641,
      "sigmagnr": 0.0949999988079071,
      "magzpsci": 26.39080047607422,
      "adpctdif2": 0.10707399994134903,
      "chinr": 6.309000015258789,
      "diffmaglim": 20.558900833129883,
      "programid": 1,
      "sharpnr": 0.5249999761581421,
      "field": 623,
      "magzpsciunc": 1.7141399439424276e-05,
      "procstatus": "61",
      "rcid": 41,
      "magzpscirms": 0.025065600872039795,
      "distnr": 4.187963962554932,
      "rfid": 623120241,
      "clrcoeff": 0.1245800033211708,
      "ranr": 171.54957580566406,
      "sciinpseeing": 2.3303000926971436,
      "clrcounc": 2.2816999262431636e-05,
      "decnr": 27.19687843322754
    },
    {
      "candid": "ZTF23absisrd2537465484115",
      "tid": "ztf",
      "pid": 2537465484115,
      "oid": "ZTF23absisrd",
      "mjd": 60291.46548609994,
      "fid": 1,
      "ra": 171.5504578,
      "e_ra": null,
      "dec": 27.197739,
      "e_dec": null,
      "mag": 100.0,
      "e_mag": 100.0,
      "mag_corr": null,
      "e_mag_corr": null,
      "e_mag_corr_ext": null,
      "isdiffpos": -1,
      "corrected": false,
      "dubious": true,
      "parent_candid": 2561382524115015009,
      "has_stamp": false,
      "scibckgnd": 101.3010025024414,
      "exptime": 30.0,
      "magnr": 19.72599983215332,
      "scisigpix": 5.0035600662231445,
      "adpctdif1": 0.1342950016260147,
      "sigmagnr": 0.10300000011920929,
      "magzpsci": 26.36870002746582,
      "adpctdif2": 0.10405900329351425,
      "chinr": 5.9019999504089355,
      "diffmaglim": 20.62579917907715,
      "programid": 1,
      "sharpnr": 0.6480000019073486,
      "field": 623,
      "magzpsciunc": 2.804910036502406e-05,
      "procstatus": "61",
      "rcid": 41,
      "magzpscirms": 0.03216420114040375,
      "distnr": 3.942596197128296,
      "rfid": 623120141,
      "clrcoeff": -0.07302830368280411,
      "ranr": 171.5496826171875,
      "sciinpseeing": 2.3657000064849854,
      "clrcounc": 3.782170097110793e-05,
      "decnr": 27.196887969970703
    },
    {
      "candid": "ZTF23absisrd2535416114115",
      "tid": "ztf",
      "pid": 2535416114115,
      "oid": "ZTF23absisrd",
      "mjd": 60289.4161111,
      "fid": 1,
      "ra": 171.5504578,
      "e_ra": null,
      "dec": 27.197739,
      "e_dec": null,
      "mag": 100.0,
      "e_mag": 100.0,
      "mag_corr": null,
      "e_mag_corr": null,
      "e_mag_corr_ext": null,
      "isdiffpos": -1,