{
  "detections": [
    {
      "tid": "ztf",
      "mjd": 59600.49939810019,
      "candid": "1846499391115015006",
      "fid": 2,
      "pid": 1846499391115,
      "diffmaglim": 19.502253,
      "isdiffpos": 1,
      "nid": 1846,
      "distnr": 1.5505842,
      "magpsf": 18.378683,
      "magpsf_corr": null,
      "magpsf_corr_ext": null,
      "magap": 18.8116,
      "magap_corr": null,
      "sigmapsf": 0.08214193,
      "sigmapsf_corr": null,
      "sigmapsf_corr_ext": null,
      "sigmagap": 0.2036,
      "sigmagap_corr": null,
      "ra": 216.2798467,
      "dec": -13.1649575,
      "rb": 0.9,
      "rbversion": "t17_f5_c3",
      "drb": 0.9999994,
      "magapbig": 18.7769,
      "sigmagapbig": 0.254,
      "rfid": 375120211,
      "has_stamp": true,
      "corrected": false,
      "dubious": false,
      "candid_alert": null,
      "step_id_corr": "correction_1.0.6",
      "phase": 0.0,
      "parent_candid": null
    },
    {
      "tid": "ztf",
      "mjd": 59623.40018519992,
      "candid": "1869400181115015012",
      "fid": 2,
      "pid": 1869400181115,
      "diffmaglim": 19.432543,
      "isdiffpos": 1,
      "nid": 1869,
      "distnr": 1.574849,
      "magpsf": 18.62639,
      "magpsf_corr": null,
      "magpsf_corr_ext": null,
      "magap": 18.2654,
      "magap_corr": null,
      "sigmapsf": 0.12178281,
      "sigmapsf_corr": null,
      "sigmapsf_corr_ext": null,
      "sigmagap": 0.132,
      "sigmagap_corr": null,
      "ra": 216.2797999,
      "dec": -13.1649395,
      "rb": 0.74142855,
      "rbversion": "t17_f5_c3",
      "drb": 0.999997,
      "magapbig": 18.3161,
      "sigmagapbig": 0.1777,
      "rfid": 375120211,
      "has_stamp": true,
      "corrected": false,
      "dubious": false,
      "candid_alert": null,
      "step_id_corr": "correction_1.0.6",
      "phase": 0.0,
      "parent_candid": null
    },
    {
      "tid": "ztf",
      "mjd": 59625.41821759986,
      "candid": "1871418211115015009",
      "fid": 2,
      "pid": 1871418211115,
      "diffmaglim": 19.295391,
      "isdiffpos": 1,
      "nid": 1871,
      "distnr": 1.7519971,
      "magpsf": 18.787876,
      "magpsf_corr": null,
      "magpsf_corr_ext": null,
      "magap": 18.8598,
      "magap_corr": null,
      "sigmapsf": 0.14118867,
      "sigmapsf_corr": null,
      "sigmapsf_corr_ext": null,
      "sigmagap": 0.2376,
      "sigmagap_corr": null,
      "ra": 216.279808,
      "dec": -13.1649998,
      "rb": 0.92142856,
      "rbversion": "t17_f5_c3",
      "drb": 0.9999993,
      "magapbig": 18.859,
      "sigmagapbig": 0.3055,
      "rfid": 375120211,
      "has_stamp": true,
      "corrected": false,
      "dubious": false,
      "candid_alert": null,
      "step_id_corr": "correction_1.0.6",
      "phase": 0.0,
      "parent_candid": null
    },
    {
      "tid": "ztf",
      "mjd": 59628.4397454001,
      "candid": "1874439741115015010",
      "fid": 2,
      "pid": 1874439741115,
      "diffmaglim": 18.892788,
      "isdiffpos": 1,
      "nid": 1874,
      "distnr": 1.4613265,
      "magpsf": 18.753452,
      "magpsf_corr": null,
      "magpsf_corr_ext": null,
      "magap": 18.7076,
      "magap_corr": null,
      "sigmapsf": 0.16302559,
      "sigmapsf_corr": null,
      "sigmapsf_corr_ext": null,
      "sigmagap": 0.2506,
      "sigmagap_corr": null,
      "ra": 216.2798297,
      "dec": -13.1649189,
      "rb": 0.61142856,
      "rbversion": "t17_f5_c3",
      "drb": 0.9866689,
      "magapbig": 18.4299,
      "sigmagapbig": 0.2495,
      "rfid": 375120211,
      "has_stamp": true,
      "corrected": false,
      "dubious": false,
      "candid_alert": null,
      "step_id_corr": "correction_1.0.6",
      "phase": 0.0,
      "parent_candid": null
    }
  ],
  "non_detections": [
    {
      "tid": "ztf",
      "mjd": 59600.46394680021,
      "fid": 1,
      "diffmaglim": 19.1403
    },
    {
      "tid": "ztf",
      "mjd": 59623.43687500013,
      "fid": 1,
      "diffmaglim": 19.5694
    },
    {
      "tid": "ztf",
      "mjd": 59625.38342589978,
      "fid": 1,
      "diffmaglim": 18.4889
    },
    {
      "tid": "ztf",
      "mjd": 59628.37815969996,
      "fid": 1,
      "diffmaglim": 18.562
    }
  ],
  "forced_detections": []
}