{
  "detections": [
    {
      "tid": "ztf",
      "mjd": 60217.424351899885,
      "candid": "2463424352815015006",
      "fid": 2,
      "pid": 2463424352815,
      "diffmaglim": 19.497122,
      "isdiffpos": 1,
      "nid": 2463,
      "distnr": 3.3721933,
      "magpsf": 19.682034,
      "magpsf_corr": null,
      "magpsf_corr_ext": null,
      "magap": 19.2985,
      "magap_corr": null,
      "sigmapsf": 0.2070384,
      "sigmapsf_corr": null,
      "sigmapsf_corr_ext": null,
      "sigmagap": 0.3133,
      "sigmagap_corr": null,
      "ra": 59.9788225,
      "dec": 32.611367,
      "rb": 0.76428574,
      "rbversion": "t17_f5_c3",
      "drb": 0.9910194,
      "magapbig": 19.0415,
      "sigmagapbig": 0.3167,
      "rfid": 656120228,
      "has_stamp": true,
      "corrected": false,
      "dubious": false,
      "candid_alert": null,
      "step_id_corr": "1.2.1",
      "phase": 0.0,
      "parent_candid": null
    },
    {
      "tid": "ztf",
      "mjd": 60222.40862269979,
      "candid": "2468408622815015009",
      "fid": 2,
      "pid": 2468408622815,
      "diffmaglim": 19.7059,
      "isdiffpos": 1,
      "nid": 2468,
      "distnr": 3.7949595,
      "magpsf": 19.596462,
      "magpsf_corr": null,
      "magpsf_corr_ext": null,
      "magap": 19.7808,
      "magap_corr": null,
      "sigmapsf": 0.17078757,
      "sigmapsf_corr": null,
      "sigmapsf_corr_ext": null,
      "sigmagap": 0.3293,
      "sigmagap_corr": null,
      "ra": 59.9786855,
      "dec": 32.611303,
      "rb": 0.75,
      "rbversion": "t17_f5_c3",
      "drb": 0.99999744,
      "magapbig": 19.6683,
      "sigmagapbig": 0.3792,
      "rfid": 656120228,
      "has_stamp": true,
      "corrected": false,
      "dubious": false,
      "candid_alert": null,
      "step_id_corr": "1.2.1",
      "phase": 0.0,
      "parent_candid": null
    },
    {
      "tid": "ztf",
      "mjd": 60224.40646990016,
      "candid": "2470406462815015013",
      "fid": 2,
      "pid": 2470406462815,
      "diffmaglim": 20.380407,
      "isdiffpos": 1,
      "nid": 2470,
      "distnr": 3.2209437,
      "magpsf": 19.537605,
      "magpsf_corr": null,
      "magpsf_corr_ext": null,
      "magap": 19.5008,
      "magap_corr": null,
      "sigmapsf": 0.14361581,
      "sigmapsf_corr": null,
      "sigmapsf_corr_ext": null,
      "sigmagap": 0.1837,
      "sigmagap_corr": null,
      "ra": 59.9787374,
      "dec": 32.6114747,
      "rb": 0.80714285,
      "rbversion": "t17_f5_c3",
      "drb": 0.99998987,
      "magapbig": 19.4724,
      "sigmagapbig": 0.2263,
      "rfid": 656120228,
      "has_stamp": true,
      "corrected": false,
      "dubious": false,
      "candid_alert": null,
      "step_id_corr": "1.2.1",
      "phase": 0.0,
      "parent_candid": null
    },
    {
      "tid": "ztf",
      "mjd": 60224.42253470002,
      "candid": "2470422532815015018",
      "fid": 1,
      "pid": 2470422532815,
      "diffmaglim": 20.3097,
      "isdiffpos": 1,
      "nid": 2470,
      "distnr": 3.38381,
      "magpsf": 20.7082,
      "magpsf_corr": null,
      "magpsf_corr_ext": null,
      "magap": 20.4769,
      "magap_corr": null,
      "sigmapsf": 0.276596,
      "sigmapsf_corr": null,
      "sigmapsf_corr_ext": null,
      "sigmagap": 0.416,
      "sigmagap_corr": null,
      "ra": 59.978751,
      "dec": 32.6114137,
      "rb": 0.572857,
      "rbversion": "t17_f5_c3",
      "drb": null,
      "magapbig": 20.4501,
      "sigmagapbig": 0.5185,
      "rfid": null,
      "has_stamp": false,
      "corrected": false,
      "dubious": false,
      "candid_alert": null,
      "step_id_corr": "1.2.1",
      "phase": 0.0,
      "parent_candid": 2476500412815015000
    },
    {
      "tid": "ztf",
      "mjd": 60230.5004166998,
      "candid": "2476500412815015016",
      "fid": 2,
      "pid": 2476500412815,
      "diffmaglim": 20.505907,
      "isdiffpos": 1,
      "nid": 2476,
      "distnr": 3.3887017,
      "magpsf": 19.779202,
      "magpsf_corr": null,
      "magpsf_corr_ext": null,
      "magap": 19.8019,
      "magap_corr": null,
      "sigmapsf": 0.114750825,
      "sigmapsf_corr": null,
      "sigmapsf_corr_ext": null,
      "sigmagap": 0.2324,
      "sigmagap_corr": null,
      "ra": 59.9787057,
      "dec": 32.6114358,
      "rb": 0.8957143,
      "rbversion": "t17_f5_c3",
      "drb": 0.99999964,
      "magapbig": 19.7043,
      "sigmagapbig": 0.2688,
      "rfid": 656120228,
      "has_stamp": true,
      "corrected": false,
      "dubious": false,
      "candid_alert": null,
      "step_id_corr": "1.2.1",
      "phase": 0.0,
      "parent_candid": null
    },
    {
      "tid": "ztf",
      "mjd": 60232.3915161998,
      "candid": "2478391512815015024",
      "fid": 2,
      "pid": 2478391512815,
      "diffmaglim": 20.553312,
      "isdiffpos": 1,
      "nid": 2478,
      "distnr": 3.4801836,
      "magpsf": 19.71406,
      "magpsf_corr": null,
      "magpsf_corr_ext": null,
      "magap": 20.0642,
      "magap_corr": null,
      "sigmapsf": 0.10720457,
      "sigmapsf_corr": null,
      "sigmapsf_corr_ext": null,
      "sigmagap": 0.2843,
      "sigmagap_corr": null,
      "ra": 59.9786477,
      "dec": 32.6114478,
      "rb": 0.83285713,
      "rbversion": "t17_f5_c3",
      "drb": 0.99999833,
      "magapbig": 20.0397,
      "sigmagapbig": 0.3519,
      "rfid": 656120228,
      "has_stamp": true,
      "corrected": false,
      "dubious": false,
      "candid_alert": null,
      "step_id_corr": "1.2.1",
      "phase": 0.0,
      "parent_candid": null
    },
    {
      "tid": "ztf",
      "mjd": 60234.29910880001,
      "candid": "2480299102815015022",
      "fid": 2,
      "pid": 2480299102815,
      "diffmaglim": 20.50053,
      "isdiffpos": 1,
      "nid": 2480,
      "distnr": 3.282258,
      "magpsf": 19.9313,
      "magpsf_corr": null,
      "magpsf_corr_ext": null,
      "magap": 19.7839,
      "magap_corr": null,
      "sigmapsf": 0.17429651,
      "sigmapsf_corr": null,
      "sigmapsf_corr_ext": null,
      "sigmagap": 0.2272,
      "sigmagap_corr": null,
      "ra": 59.978816,
      "dec": 32.6114009,
      "rb": 0.74142855,
      "rbversion": "t17_f5_c3",
      "drb": 0.9998224,
      "magapbig": 19.6435,
      "sigmagapbig": 0.2526,
      "rfid": 656120228,
      "has_stamp": true,
      "corrected": false,
      "dubious": false,
      "candid_alert": null,
      "step_id_corr": "1.2.1",
      "phase": 0.0,
      "parent_candid": null
    },
    {
      "tid": "ztf",
      "mjd": 60236.34032410011,
      "candid": "2482340322815015027",
      "fid": 2,
      "pid": 2482340322815,
      "diffmaglim": 20.590767,
      "isdiffpos": 1,
      "nid": 2482,
      "distnr": 3.3648372,
      "magpsf": 19.94455,
      "magpsf_corr": null,
      "magpsf_corr_ext": null,
      "magap": 19.9692,
      "magap_corr": null,
      "sigmapsf": 0.14497612,
      "sigmapsf_corr": null,
      "sigmapsf_corr_ext": null,
      "sigmagap": 0.2496,
      "sigmagap_corr": null,
      "ra": 59.97871,
      "dec": 32.611442,
      "rb": 0.8685714,
      "rbversion": "t17_f5_c3",
      "drb": 0.9999999,
      "magapbig": 20.0164,
      "sigmagapbig": 0.3291,
      "rfid": 656120228,
      "has_stamp": true,
      "corrected": false,
      "dubious": false,
      "candid_alert": null,
      "step_id_corr": "1.2.1",
      "phase": 0.0,
      "parent_candid": null
    },
    {
      "tid": "ztf",
      "mjd": 60238.38072919985,
      "candid": "2484380722815015032",
      "fid": 2,
      "pid": 2484380722815,
      "diffmaglim": 20.705462,
      "isdiffpos": 1,
      "nid": 2484,
      "distnr": 3.4355571,
      "magpsf": 20.177984,
      "magpsf_corr": null,
      "magpsf_corr_ext": null,
      "magap": 20.3164,
      "magap_corr": null,
      "sigmapsf": 0.21020256,
      "sigmapsf_corr": null,
      "sigmapsf_corr_ext": null,
      "sigmagap": 0.3275,
      "sigmagap_corr": null,
      "ra": 59.9786901,
      "dec": 32.6114314,
      "rb": 0.5757143,
      "rbversion": "t17_f5_c3",