{
  "detections": [
    {
      "tid": "ztf",
      "mjd": 60062.23708330002,
      "candid": "2308237084415015005",
      "fid": 1,
      "pid": 2308237084415,
      "diffmaglim": 20.070902,
      "isdiffpos": 1,
      "nid": 2308,
      "distnr": 1.6481397,
      "magpsf": 19.57276,
      "magpsf_corr": null,
      "magpsf_corr_ext": null,
      "magap": 19.7086,
      "magap_corr": null,
      "sigmapsf": 0.15766038,
      "sigmapsf_corr": null,
      "sigmapsf_corr_ext": null,
      "sigmagap": 0.318,
      "sigmagap_corr": null,
      "ra": 154.550993,
      "dec": 34.672166,
      "rb": 0.8414286,
      "rbversion": "t17_f5_c3",
      "drb": 0.99967086,
      "magapbig": 19.785,
      "sigmagapbig": 0.431,
      "rfid": 668120144,
      "has_stamp": true,
      "corrected": false,
      "dubious": false,
      "candid_alert": null,
      "step_id_corr": "1.2.0",
      "phase": 0.0,
      "parent_candid": null
    },
    {
      "tid": "ztf",
      "mjd": 60073.19538189983,
      "candid": "2319195384415015010",
      "fid": 2,
      "pid": 2319195384415,
      "diffmaglim": 20.456127,
      "isdiffpos": 1,
      "nid": 2319,
      "distnr": 1.8225778,
      "magpsf": 19.286137,
      "magpsf_corr": null,
      "magpsf_corr_ext": null,
      "magap": 19.1875,
      "magap_corr": null,
      "sigmapsf": 0.122243814,
      "sigmapsf_corr": null,
      "sigmapsf_corr_ext": null,
      "sigmagap": 0.1589,
      "sigmagap_corr": null,
      "ra": 154.5509744,
      "dec": 34.6721487,
      "rb": 0.8042857,
      "rbversion": "t17_f5_c3",
      "drb": 0.9919522,
      "magapbig": 19.0403,
      "sigmagapbig": 0.1703,
      "rfid": 668120244,
      "has_stamp": true,
      "corrected": false,
      "dubious": false,
      "candid_alert": null,
      "step_id_corr": "1.2.0",
      "phase": 0.0,
      "parent_candid": null
    },
    {
      "tid": "ztf",
      "mjd": 60077.21611109981,
      "candid": "2323216114415015015",
      "fid": 2,
      "pid": 2323216114415,
      "diffmaglim": 20.50987,
      "isdiffpos": 1,
      "nid": 2323,
      "distnr": 1.6807442,
      "magpsf": 19.155285,
      "magpsf_corr": null,
      "magpsf_corr_ext": null,
      "magap": 18.7795,
      "magap_corr": null,
      "sigmapsf": 0.07940753,
      "sigmapsf_corr": null,
      "sigmapsf_corr_ext": null,
      "sigmagap": 0.1004,
      "sigmagap_corr": null,
      "ra": 154.5509983,
      "dec": 34.6721131,
      "rb": 0.7542857,
      "rbversion": "t17_f5_c3",
      "drb": 0.98716736,
      "magapbig": 18.7297,
      "sigmagapbig": 0.1166,
      "rfid": 668120244,
      "has_stamp": true,
      "corrected": false,
      "dubious": false,
      "candid_alert": null,
      "step_id_corr": "1.2.0",
      "phase": 0.0,
      "parent_candid": null
    },
    {
      "tid": "ztf",
      "mjd": 60077.285740700085,
      "candid": "2323285744415015005",
      "fid": 1,
      "pid": 2323285744415,
      "diffmaglim": 20.206427,
      "isdiffpos": 1,
      "nid": 2323,
      "distnr": 1.2864169,
      "magpsf": 19.5149,
      "magpsf_corr": 17.669008,
      "magpsf_corr_ext": null,
      "magap": 19.2821,
      "magap_corr": null,
      "sigmapsf": 0.16285102,
      "sigmapsf_corr": 100.0,
      "sigmapsf_corr_ext": 0.029746335,
      "sigmagap": 0.1609,
      "sigmagap_corr": null,
      "ra": 154.551136,
      "dec": 34.6721223,
      "rb": 0.9,
      "rbversion": "t17_f5_c3",
      "drb": 0.9982102,
      "magapbig": 19.2055,
      "sigmagapbig": 0.1861,
      "rfid": 668120144,
      "has_stamp": true,
      "corrected": true,
      "dubious": true,
      "candid_alert": null,
      "step_id_corr": "1.2.0",
      "phase": 0.0,
      "parent_candid": null
    },
    {
      "tid": "ztf",
      "mjd": 60079.30326389987,
      "candid": "2325303264415015003",
      "fid": 2,
      "pid": 2325303264415,
      "diffmaglim": 20.0401,
      "isdiffpos": 1,
      "nid": 2325,
      "distnr": 1.21512,
      "magpsf": 19.0414,
      "magpsf_corr": 16.834553,
      "magpsf_corr_ext": null,
      "magap": 18.8483,
      "magap_corr": null,
      "sigmapsf": 0.14464,
      "sigmapsf_corr": 100.0,
      "sigmapsf_corr_ext": 0.018947382,
      "sigmagap": 0.1329,
      "sigmagap_corr": null,
      "ra": 154.5511709,
      "dec": 34.6722463,
      "rb": 0.475714,
      "rbversion": "t17_f5_c3",
      "drb": null,
      "magapbig": 18.8361,
      "sigmagapbig": 0.1622,
      "rfid": null,
      "has_stamp": false,
      "corrected": true,
      "dubious": true,
      "candid_alert": null,
      "step_id_corr": "1.2.0",
      "phase": 0.0,
      "parent_candid": 2327197024415015000
    },
    {
      "tid": "ztf",
      "mjd": 60081.19702549977,
      "candid": "2327197024415015003",
      "fid": 2,
      "pid": 2327197024415,
      "diffmaglim": 20.208046,
      "isdiffpos": 1,
      "nid": 2327,
      "distnr": 1.579565,
      "magpsf": 19.12141,
      "magpsf_corr": null,
      "magpsf_corr_ext": null,
      "magap": 18.882,
      "magap_corr": null,
      "sigmapsf": 0.1189529,
      "sigmapsf_corr": null,
      "sigmapsf_corr_ext": null,
      "sigmagap": 0.1218,
      "sigmagap_corr": null,
      "ra": 154.5510775,
      "dec": 34.6721624,
      "rb": 0.87714285,
      "rbversion": "t17_f5_c3",
      "drb": 0.9349815,
      "magapbig": 18.6676,
      "sigmagapbig": 0.1228,
      "rfid": 668120244,
      "has_stamp": true,
      "corrected": false,
      "dubious": false,
      "candid_alert": null,
      "step_id_corr": "1.2.0",
      "phase": 0.0,
      "parent_candid": null
    },
    {
      "tid": "ztf",
      "mjd": 60081.229305599816,
      "candid": "2327229304415015006",
      "fid": 1,
      "pid": 2327229304415,
      "diffmaglim": 20.12886,
      "isdiffpos": 1,
      "nid": 2327,
      "distnr": 1.3055067,
      "magpsf": 19.361954,
      "magpsf_corr": 17.639414,
      "magpsf_corr_ext": null,
      "magap": 19.065,
      "magap_corr": null,
      "sigmapsf": 0.19095442,
      "sigmapsf_corr": 100.0,
      "sigmapsf_corr_ext": 0.039076332,
      "sigmagap": 0.1259,
      "sigmagap_corr": null,
      "ra": 154.5511131,
      "dec": 34.6721899,
      "rb": 0.6757143,
      "rbversion": "t17_f5_c3",
      "drb": 0.9770516,
      "magapbig": 19.0618,
      "sigmagapbig": 0.1554,
      "rfid": 668120144,
      "has_stamp": true,
      "corrected": true,
      "dubious": true,
      "candid_alert": null,
      "step_id_corr": "1.2.0",
      "phase": 0.0,
      "parent_candid": null
    },
    {
      "tid": "ztf",
      "mjd": 60083.17967589991,
      "candid": "2329179674415015007",
      "fid": 2,
      "pid": 2329179674415,
      "diffmaglim": 20.444498,
      "isdiffpos": 1,
      "nid": 2329,
      "distnr": 1.6704602,
      "magpsf": 19.148016,
      "magpsf_corr": null,
      "magpsf_corr_ext": null,
      "magap": 19.1126,
      "magap_corr": null,
      "sigmapsf": 0.109190665,
      "sigmapsf_corr": null,
      "sigmapsf_corr_ext": null,
      "sigmagap": 0.1377,
      "sigmagap_corr": null,
      "ra": 154.5509987,
      "dec": 34.6721103,
      "rb": 0.87857145,
      "rbversion": "t17_f5_c3",
      "drb": 0.99684745,
      "magapbig": 18.9947,
      "sigmagapbig": 0.1511,
      "rfid": 668120244,
      "has_stamp": true,
      "corrected": false,
      "dubious": false,
      "candid_alert": null,
      "step_id_corr": "1.2.0",
      "phase": 0.0,
      "parent_candid": null
    },
    {
      "tid": "ztf",
      "mjd": 60083.20734950015,
      "candid": "2329207344415015007",
      "fid": 1,
      "pid": 2329207344415,
      "diffmaglim": 20.603708,
      "isdiffpos": 1,
      "nid": 2329,
      "distnr": 1.5564096,
      "magpsf": 19.584131,
      "magpsf_corr": null,
      "magpsf_corr_ext": null,
      "magap": 19.3882,
      "magap_corr": null,
      "sigmapsf": 0.17413034,
      "sigmapsf_corr": null,
      "sigmapsf_corr_ext": null,
      "sigmagap": 0.1512,
      "sigmagap_corr": null,
      "ra": 154.5510381,
      "dec": 34.6721233,
      "rb": 0.86285716,