{
  "detections": [
    {
      "tid": "ztf",
      "mjd": 60161.46127310023,
      "candid": "2407461274015015002",
      "fid": 2,
      "pid": 2407461274015,
      "diffmaglim": 19.76695,
      "isdiffpos": 1,
      "nid": 2407,
      "distnr": 2.675944,
      "magpsf": 18.322557,
      "magpsf_corr": null,
      "magpsf_corr_ext": null,
      "magap": 18.2217,
      "magap_corr": null,
      "sigmapsf": 0.061214678,
      "sigmapsf_corr": null,
      "sigmapsf_corr_ext": null,
      "sigmagap": 0.1052,
      "sigmagap_corr": null,
      "ra": 50.1790392,
      "dec": -1.1093321,
      "rb": 0.93285716,
      "rbversion": "t17_f5_c3",
      "drb": 0.9999976,
      "magapbig": 18.1398,
      "sigmagapbig": 0.1231,
      "rfid": 403120240,
      "has_stamp": true,
      "corrected": false,
      "dubious": false,
      "candid_alert": null,
      "step_id_corr": "1.2.0",
      "phase": 0.0,
      "parent_candid": null
    },
    {
      "tid": "ztf",
      "mjd": 60168.435324099846,
      "candid": "2414435324015015002",
      "fid": 1,
      "pid": 2414435324015,
      "diffmaglim": 20.46106,
      "isdiffpos": 1,
      "nid": 2414,
      "distnr": 1.5263973,
      "magpsf": 19.361004,
      "magpsf_corr": null,
      "magpsf_corr_ext": null,
      "magap": 19.7981,
      "magap_corr": null,
      "sigmapsf": 0.12851776,
      "sigmapsf_corr": null,
      "sigmapsf_corr_ext": null,
      "sigmagap": 0.2586,
      "sigmagap_corr": null,
      "ra": 50.1790317,
      "dec": -1.1092961,
      "rb": 0.8657143,
      "rbversion": "t17_f5_c3",
      "drb": 0.9999998,
      "magapbig": 19.9943,
      "sigmagapbig": 0.3855,
      "rfid": 403120140,
      "has_stamp": true,
      "corrected": false,
      "dubious": false,
      "candid_alert": null,
      "step_id_corr": "1.2.0",
      "phase": 0.0,
      "parent_candid": null
    },
    {
      "tid": "ztf",
      "mjd": 60168.46290510008,
      "candid": "2414462904015015004",
      "fid": 2,
      "pid": 2414462904015,
      "diffmaglim": 20.513226,
      "isdiffpos": 1,
      "nid": 2414,
      "distnr": 2.5990937,
      "magpsf": 18.497192,
      "magpsf_corr": null,
      "magpsf_corr_ext": null,
      "magap": 18.7989,
      "magap_corr": null,
      "sigmapsf": 0.0597457,
      "sigmapsf_corr": null,
      "sigmapsf_corr_ext": null,
      "sigmagap": 0.1103,
      "sigmagap_corr": null,
      "ra": 50.1790278,
      "dec": -1.1093121,
      "rb": 0.89857143,
      "rbversion": "t17_f5_c3",
      "drb": 0.99999714,
      "magapbig": 18.9539,
      "sigmagapbig": 0.1555,
      "rfid": 403120240,
      "has_stamp": true,
      "corrected": false,
      "dubious": false,
      "candid_alert": null,
      "step_id_corr": "1.2.0",
      "phase": 0.0,
      "parent_candid": null
    },
    {
      "tid": "ztf",
      "mjd": 60171.41998839984,
      "candid": "2417419984015015003",
      "fid": 2,
      "pid": 2417419984015,
      "diffmaglim": 20.518372,
      "isdiffpos": 1,
      "nid": 2417,
      "distnr": 2.6773856,
      "magpsf": 18.569786,
      "magpsf_corr": null,
      "magpsf_corr_ext": null,
      "magap": 18.5573,
      "magap_corr": null,
      "sigmapsf": 0.064330764,
      "sigmapsf_corr": null,
      "sigmapsf_corr_ext": null,
      "sigmagap": 0.0934,
      "sigmagap_corr": null,
      "ra": 50.1790483,
      "dec": -1.1093309,
      "rb": 0.9442857,
      "rbversion": "t17_f5_c3",
      "drb": 0.9999988,
      "magapbig": 18.6148,
      "sigmagapbig": 0.1205,
      "rfid": 403120240,
      "has_stamp": true,
      "corrected": false,
      "dubious": false,
      "candid_alert": null,
      "step_id_corr": "1.2.0",
      "phase": 0.0,
      "parent_candid": null
    },
    {
      "tid": "ztf",
      "mjd": 60171.47946760012,
      "candid": "2417479464015015001",
      "fid": 1,
      "pid": 2417479464015,
      "diffmaglim": 20.543432,
      "isdiffpos": 1,
      "nid": 2417,
      "distnr": 1.4701146,
      "magpsf": 19.682583,
      "magpsf_corr": null,
      "magpsf_corr_ext": null,
      "magap": 19.6078,
      "magap_corr": null,
      "sigmapsf": 0.14930035,
      "sigmapsf_corr": null,
      "sigmapsf_corr_ext": null,
      "sigmagap": 0.2016,
      "sigmagap_corr": null,
      "ra": 50.1790234,
      "dec": -1.1093152,
      "rb": 0.9514286,
      "rbversion": "t17_f5_c3",
      "drb": 0.9999914,
      "magapbig": 19.7375,
      "sigmagapbig": 0.2818,
      "rfid": 403120140,
      "has_stamp": true,
      "corrected": false,
      "dubious": false,
      "candid_alert": null,
      "step_id_corr": "1.2.0",
      "phase": 0.0,
      "parent_candid": null
    },
    {
      "tid": "ztf",
      "mjd": 60174.44152780017,
      "candid": "2420441524015015004",
      "fid": 1,
      "pid": 2420441524015,
      "diffmaglim": 20.162462,
      "isdiffpos": 1,
      "nid": 2420,
      "distnr": 1.4261256,
      "magpsf": 19.389809,
      "magpsf_corr": null,
      "magpsf_corr_ext": null,
      "magap": 19.4135,
      "magap_corr": null,
      "sigmapsf": 0.15609436,
      "sigmapsf_corr": null,
      "sigmapsf_corr_ext": null,
      "sigmagap": 0.1828,
      "sigmagap_corr": null,
      "ra": 50.179026,
      "dec": -1.1093541,
      "rb": 0.9185714,
      "rbversion": "t17_f5_c3",
      "drb": 0.99999875,
      "magapbig": 19.4291,
      "sigmagapbig": 0.2318,
      "rfid": 403120140,
      "has_stamp": true,
      "corrected": false,
      "dubious": false,
      "candid_alert": null,
      "step_id_corr": "1.2.0",
      "phase": 0.0,
      "parent_candid": null
    },
    {
      "tid": "ztf",
      "mjd": 60174.46277779993,
      "candid": "2420462774015015002",
      "fid": 2,
      "pid": 2420462774015,
      "diffmaglim": 20.33146,
      "isdiffpos": 1,
      "nid": 2420,
      "distnr": 2.6168227,
      "magpsf": 18.539064,
      "magpsf_corr": null,
      "magpsf_corr_ext": null,
      "magap": 18.5158,
      "magap_corr": null,
      "sigmapsf": 0.081850186,
      "sigmapsf_corr": null,
      "sigmapsf_corr_ext": null,
      "sigmagap": 0.0884,
      "sigmagap_corr": null,
      "ra": 50.1790477,
      "dec": -1.1093136,
      "rb": 0.9242857,
      "rbversion": "t17_f5_c3",
      "drb": 0.99999547,
      "magapbig": 18.4079,
      "sigmagapbig": 0.0982,
      "rfid": 403120240,
      "has_stamp": true,
      "corrected": false,
      "dubious": false,
      "candid_alert": null,
      "step_id_corr": "1.2.0",
      "phase": 0.0,
      "parent_candid": null
    },
    {
      "tid": "ztf",
      "mjd": 60182.4622105998,
      "candid": "2428462214015015002",
      "fid": 2,
      "pid": 2428462214015,
      "diffmaglim": 20.560478,
      "isdiffpos": 1,
      "nid": 2428,
      "distnr": 2.6149433,
      "magpsf": 18.782063,
      "magpsf_corr": null,
      "magpsf_corr_ext": null,
      "magap": 18.9469,
      "magap_corr": null,
      "sigmapsf": 0.0858653,
      "sigmapsf_corr": null,
      "sigmapsf_corr_ext": null,
      "sigmagap": 0.1219,
      "sigmagap_corr": null,
      "ra": 50.1790191,
      "dec": -1.1093179,
      "rb": 0.94285715,
      "rbversion": "t17_f5_c3",
      "drb": 0.9999995,
      "magapbig": 19.0925,
      "sigmagapbig": 0.1704,
      "rfid": 403120240,
      "has_stamp": true,
      "corrected": false,
      "dubious": false,
      "candid_alert": null,
      "step_id_corr": "1.2.0",
      "phase": 0.0,
      "parent_candid": null
    },
    {
      "tid": "ztf",
      "mjd": 60184.47894679988,
      "candid": "2430478944015015005",
      "fid": 2,
      "pid": 2430478944015,
      "diffmaglim": 20.514313,
      "isdiffpos": 1,
      "nid": 2430,
      "distnr": 2.5866816,
      "magpsf": 18.814018,
      "magpsf_corr": null,
      "magpsf_corr_ext": null,
      "magap": 19.0807,
      "magap_corr": null,
      "sigmapsf": 0.08311175,
      "sigmapsf_corr": null,
      "sigmapsf_corr_ext": null,
      "sigmagap": 0.14,
      "sigmagap_corr": null,
      "ra": 50.1790308,
      "dec": -1.1093079,
      "rb": 0.92714286,