{
  "detections": [
    {
      "tid": "ztf",
      "mjd": 59902.16906249989,
      "candid": "2148169066015015004",
      "fid": 1,
      "pid": 2148169066015,
      "diffmaglim": 19.802513,
      "isdiffpos": 1,
      "nid": 2148,
      "distnr": 2.258411,
      "magpsf": 19.161009,
      "magpsf_corr": null,
      "magpsf_corr_ext": null,
      "magap": 19.2149,
      "magap_corr": null,
      "sigmapsf": 0.15621367,
      "sigmapsf_corr": null,
      "sigmapsf_corr_ext": null,
      "sigmagap": 0.178,
      "sigmagap_corr": null,
      "ra": 351.3503159,
      "dec": -20.7368202,
      "rb": 0.68714285,
      "rbversion": "t17_f5_c3",
      "drb": 0.9992412,
      "magapbig": 19.3535,
      "sigmagapbig": 0.2557,
      "rfid": 293120160,
      "has_stamp": true,
      "corrected": false,
      "dubious": false,
      "candid_alert": null,
      "step_id_corr": "1.1.6",
      "phase": 0.0,
      "parent_candid": null
    },
    {
      "tid": "ztf",
      "mjd": 59903.19105320005,
      "candid": "2149191056015015000",
      "fid": 2,
      "pid": 2149191056015,
      "diffmaglim": 19.566687,
      "isdiffpos": 1,
      "nid": 2149,
      "distnr": 2.1889474,
      "magpsf": 18.87419,
      "magpsf_corr": null,
      "magpsf_corr_ext": null,
      "magap": 19.0051,
      "magap_corr": null,
      "sigmapsf": 0.14041469,
      "sigmapsf_corr": null,
      "sigmapsf_corr_ext": null,
      "sigmagap": 0.1845,
      "sigmagap_corr": null,
      "ra": 351.3503216,
      "dec": -20.7368958,
      "rb": 0.67,
      "rbversion": "t17_f5_c3",
      "drb": 0.99987787,
      "magapbig": 18.9977,
      "sigmagapbig": 0.2312,
      "rfid": 293120260,
      "has_stamp": true,
      "corrected": false,
      "dubious": false,
      "candid_alert": null,
      "step_id_corr": "1.1.6",
      "phase": 0.0,
      "parent_candid": null
    },
    {
      "tid": "ztf",
      "mjd": 59906.14709489979,
      "candid": "2152147096015015004",
      "fid": 2,
      "pid": 2152147096015,
      "diffmaglim": 20.01243,
      "isdiffpos": 1,
      "nid": 2152,
      "distnr": 2.0450528,
      "magpsf": 18.575346,
      "magpsf_corr": null,
      "magpsf_corr_ext": null,
      "magap": 18.5975,
      "magap_corr": null,
      "sigmapsf": 0.08201755,
      "sigmapsf_corr": null,
      "sigmapsf_corr_ext": null,
      "sigmagap": 0.112,
      "sigmagap_corr": null,
      "ra": 351.3503577,
      "dec": -20.7369239,
      "rb": 0.8757143,
      "rbversion": "t17_f5_c3",
      "drb": 0.9998091,
      "magapbig": 18.5486,
      "sigmagapbig": 0.1343,
      "rfid": 293120260,
      "has_stamp": true,
      "corrected": false,
      "dubious": false,
      "candid_alert": null,
      "step_id_corr": "1.1.6",
      "phase": 0.0,
      "parent_candid": null
    },
    {
      "tid": "ztf",
      "mjd": 59906.16907409998,
      "candid": "2152169076015015003",
      "fid": 1,
      "pid": 2152169076015,
      "diffmaglim": 20.030308,
      "isdiffpos": 1,
      "nid": 2152,
      "distnr": 2.025618,
      "magpsf": 18.43104,
      "magpsf_corr": null,
      "magpsf_corr_ext": null,
      "magap": 18.4547,
      "magap_corr": null,
      "sigmapsf": 0.06992725,
      "sigmapsf_corr": null,
      "sigmapsf_corr_ext": null,
      "sigmagap": 0.0867,
      "sigmagap_corr": null,
      "ra": 351.3503847,
      "dec": -20.7368659,
      "rb": 0.85,
      "rbversion": "t17_f5_c3",
      "drb": 0.99999905,
      "magapbig": 18.5179,
      "sigmagapbig": 0.1156,
      "rfid": 293120160,
      "has_stamp": true,
      "corrected": false,
      "dubious": false,
      "candid_alert": null,
      "step_id_corr": "1.1.6",
      "phase": 0.0,
      "parent_candid": null
    },
    {
      "tid": "ztf",
      "mjd": 59907.16892360011,
      "candid": "2153168926015015002",
      "fid": 2,
      "pid": 2153168926015,
      "diffmaglim": 19.517235,
      "isdiffpos": 1,
      "nid": 2153,
      "distnr": 2.2310233,
      "magpsf": 18.503052,
      "magpsf_corr": null,
      "magpsf_corr_ext": null,
      "magap": 18.6965,
      "magap_corr": null,
      "sigmapsf": 0.11208513,
      "sigmapsf_corr": null,
      "sigmapsf_corr_ext": null,
      "sigmagap": 0.1406,
      "sigmagap_corr": null,
      "ra": 351.3503507,
      "dec": -20.7368692,
      "rb": 0.77428573,
      "rbversion": "t17_f5_c3",
      "drb": 0.99998415,
      "magapbig": 18.7553,
      "sigmagapbig": 0.187,
      "rfid": 293120260,
      "has_stamp": true,
      "corrected": false,
      "dubious": false,
      "candid_alert": null,
      "step_id_corr": "1.1.6",
      "phase": 0.0,
      "parent_candid": null
    },
    {
      "tid": "ztf",
      "mjd": 59909.19133100007,
      "candid": "2155191336015015001",
      "fid": 1,
      "pid": 2155191336015,
      "diffmaglim": 19.832237,
      "isdiffpos": 1,
      "nid": 2155,
      "distnr": 1.9106095,
      "magpsf": 18.370584,
      "magpsf_corr": null,
      "magpsf_corr_ext": null,
      "magap": 18.1684,
      "magap_corr": null,
      "sigmapsf": 0.08056993,
      "sigmapsf_corr": null,
      "sigmapsf_corr_ext": null,
      "sigmagap": 0.0764,
      "sigmagap_corr": null,
      "ra": 351.3503571,
      "dec": -20.7369102,
      "rb": 0.79285717,
      "rbversion": "t17_f5_c3",
      "drb": 0.9997587,
      "magapbig": 18.2345,
      "sigmagapbig": 0.1023,
      "rfid": 293120160,
      "has_stamp": true,
      "corrected": false,
      "dubious": false,
      "candid_alert": null,
      "step_id_corr": "1.1.6",
      "phase": 0.0,
      "parent_candid": null
    },
    {
      "tid": "ztf",
      "mjd": 59909.21087960014,
      "candid": "2155210876015015003",
      "fid": 2,
      "pid": 2155210876015,
      "diffmaglim": 19.77953,
      "isdiffpos": 1,
      "nid": 2155,
      "distnr": 2.0995235,
      "magpsf": 18.468313,
      "magpsf_corr": null,
      "magpsf_corr_ext": null,
      "magap": 18.4388,
      "magap_corr": null,
      "sigmapsf": 0.08801455,
      "sigmapsf_corr": null,
      "sigmapsf_corr_ext": null,
      "sigmagap": 0.114,
      "sigmagap_corr": null,
      "ra": 351.3503233,
      "dec": -20.7369235,
      "rb": 0.8971428,
      "rbversion": "t17_f5_c3",
      "drb": 0.9999969,
      "magapbig": 18.522,
      "sigmagapbig": 0.1552,
      "rfid": 293120260,
      "has_stamp": true,
      "corrected": false,
      "dubious": false,
      "candid_alert": null,
      "step_id_corr": "1.1.6",
      "phase": 0.0,
      "parent_candid": null
    },
    {
      "tid": "ztf",
      "mjd": 59910.148032399826,
      "candid": "2156148036015015001",
      "fid": 2,
      "pid": 2156148036015,
      "diffmaglim": 19.88376,
      "isdiffpos": 1,
      "nid": 2156,
      "distnr": 2.0852585,
      "magpsf": 18.446829,
      "magpsf_corr": null,
      "magpsf_corr_ext": null,
      "magap": 18.5863,
      "magap_corr": null,
      "sigmapsf": 0.09627757,
      "sigmapsf_corr": null,
      "sigmapsf_corr_ext": null,
      "sigmagap": 0.1157,
      "sigmagap_corr": null,
      "ra": 351.3503766,
      "dec": -20.7369032,
      "rb": 0.92714286,
      "rbversion": "t17_f5_c3",
      "drb": 0.99999964,
      "magapbig": 18.6515,
      "sigmagapbig": 0.1541,
      "rfid": 293120260,
      "has_stamp": true,
      "corrected": false,
      "dubious": false,
      "candid_alert": null,
      "step_id_corr": "1.1.6",
      "phase": 0.0,
      "parent_candid": null
    },
    {
      "tid": "ztf",
      "mjd": 59922.15512729995,
      "candid": "2168155126015015000",
      "fid": 1,
      "pid": 2168155126015,
      "diffmaglim": 19.138348,
      "isdiffpos": 1,
      "nid": 2168,
      "distnr": 1.9590081,
      "magpsf": 18.808058,
      "magpsf_corr": null,
      "magpsf_corr_ext": null,
      "magap": 19.2621,
      "magap_corr": null,
      "sigmapsf": 0.18280554,
      "sigmapsf_corr": null,
      "sigmapsf_corr_ext": null,
      "sigmagap": 0.4127,
      "sigmagap_corr": null,
      "ra": 351.3503322,
      "dec": -20.7369055,
      "rb": 0.82,