{
  "detections": [
    {
      "tid": "ztf",
      "mjd": 60049.1665856,
      "candid": "2295166582315015000",
      "fid": 1,
      "pid": 2295166582315,
      "diffmaglim": 20.465023,
      "isdiffpos": 1,
      "nid": 2295,
      "distnr": 3.1103573,
      "magpsf": 19.091118,
      "magpsf_corr": null,
      "magpsf_corr_ext": null,
      "magap": 18.8957,
      "magap_corr": null,
      "sigmapsf": 0.110483855,
      "sigmapsf_corr": null,
      "sigmapsf_corr_ext": null,
      "sigmagap": 0.0911,
      "sigmagap_corr": null,
      "ra": 115.1116482,
      "dec": 25.1334348,
      "rb": 0.8657143,
      "rbversion": "t17_f5_c3",
      "drb": 0.99992067,
      "magapbig": 18.8335,
      "sigmagapbig": 0.111,
      "rfid": 615120123,
      "has_stamp": true,
      "corrected": false,
      "dubious": false,
      "candid_alert": null,
      "step_id_corr": "1.1.6",
      "phase": 0.0,
      "parent_candid": null
    },
    {
      "tid": "ztf",
      "mjd": 60051.17416669987,
      "candid": "2297174162315015000",
      "fid": 2,
      "pid": 2297174162315,
      "diffmaglim": 20.537212,
      "isdiffpos": 1,
      "nid": 2297,
      "distnr": 7.8319073,
      "magpsf": 18.965137,
      "magpsf_corr": null,
      "magpsf_corr_ext": null,
      "magap": 18.7224,
      "magap_corr": null,
      "sigmapsf": 0.07814618,
      "sigmapsf_corr": null,
      "sigmapsf_corr_ext": null,
      "sigmagap": 0.0851,
      "sigmagap_corr": null,
      "ra": 115.1116655,
      "dec": 25.1334141,
      "rb": 0.70714283,
      "rbversion": "t17_f5_c3",
      "drb": 0.998876,
      "magapbig": 18.7173,
      "sigmagapbig": 0.11,
      "rfid": 615120223,
      "has_stamp": true,
      "corrected": false,
      "dubious": false,
      "candid_alert": null,
      "step_id_corr": "1.1.6",
      "phase": 0.0,
      "parent_candid": null
    },
    {
      "tid": "ztf",
      "mjd": 60051.19585649995,
      "candid": "2297195852315015001",
      "fid": 1,
      "pid": 2297195852315,
      "diffmaglim": 20.609993,
      "isdiffpos": 1,
      "nid": 2297,
      "distnr": 3.1898162,
      "magpsf": 18.873264,
      "magpsf_corr": null,
      "magpsf_corr_ext": null,
      "magap": 18.7201,
      "magap_corr": null,
      "sigmapsf": 0.08821647,
      "sigmapsf_corr": null,
      "sigmapsf_corr_ext": null,
      "sigmagap": 0.0723,
      "sigmagap_corr": null,
      "ra": 115.1116582,
      "dec": 25.1334124,
      "rb": 0.8914286,
      "rbversion": "t17_f5_c3",
      "drb": 0.9999996,
      "magapbig": 18.6242,
      "sigmagapbig": 0.0853,
      "rfid": 615120123,
      "has_stamp": true,
      "corrected": false,
      "dubious": false,
      "candid_alert": null,
      "step_id_corr": "1.1.6",
      "phase": 0.0,
      "parent_candid": null
    },
    {
      "tid": "ztf",
      "mjd": 60053.21255790023,
      "candid": "2299212552315015000",
      "fid": 2,
      "pid": 2299212552315,
      "diffmaglim": 19.789396,
      "isdiffpos": 1,
      "nid": 2299,
      "distnr": 7.934211,
      "magpsf": 18.957024,
      "magpsf_corr": null,
      "magpsf_corr_ext": null,
      "magap": 19.0425,
      "magap_corr": null,
      "sigmapsf": 0.11592986,
      "sigmapsf_corr": null,
      "sigmapsf_corr_ext": null,
      "sigmagap": 0.1751,
      "sigmagap_corr": null,
      "ra": 115.1116985,
      "dec": 25.1334234,
      "rb": 0.88285714,
      "rbversion": "t17_f5_c3",
      "drb": 0.9999994,
      "magapbig": 18.9724,
      "sigmagapbig": 0.212,
      "rfid": 615120223,
      "has_stamp": true,
      "corrected": false,
      "dubious": false,
      "candid_alert": null,
      "step_id_corr": "1.1.6",
      "phase": 0.0,
      "parent_candid": null
    },
    {
      "tid": "ztf",
      "mjd": 60055.18543979991,
      "candid": "2301185432315015000",
      "fid": 1,
      "pid": 2301185432315,
      "diffmaglim": 20.336199,
      "isdiffpos": 1,
      "nid": 2301,
      "distnr": 3.1218607,
      "magpsf": 18.666164,
      "magpsf_corr": null,
      "magpsf_corr_ext": null,
      "magap": 18.5117,
      "magap_corr": null,
      "sigmapsf": 0.07895713,
      "sigmapsf_corr": null,
      "sigmapsf_corr_ext": null,
      "sigmagap": 0.0754,
      "sigmagap_corr": null,
      "ra": 115.1116735,
      "dec": 25.1334287,
      "rb": 0.9285714,
      "rbversion": "t17_f5_c3",
      "drb": 0.9999981,
      "magapbig": 18.5112,
      "sigmagapbig": 0.0968,
      "rfid": 615120123,
      "has_stamp": true,
      "corrected": false,
      "dubious": false,
      "candid_alert": null,
      "step_id_corr": "1.1.6",
      "phase": 0.0,
      "parent_candid": null
    },
    {
      "tid": "ztf",
      "mjd": 60055.20548610017,
      "candid": "2301205482315015001",
      "fid": 2,
      "pid": 2301205482315,
      "diffmaglim": 19.949778,
      "isdiffpos": 1,
      "nid": 2301,
      "distnr": 7.9731402,
      "magpsf": 18.733978,
      "magpsf_corr": null,
      "magpsf_corr_ext": null,
      "magap": 18.7737,
      "magap_corr": null,
      "sigmapsf": 0.06523479,
      "sigmapsf_corr": null,
      "sigmapsf_corr_ext": null,
      "sigmagap": 0.1266,
      "sigmagap_corr": null,
      "ra": 115.111715,
      "dec": 25.1334215,
      "rb": 0.9042857,
      "rbversion": "t17_f5_c3",
      "drb": 0.99999964,
      "magapbig": 18.8198,
      "sigmagapbig": 0.1706,
      "rfid": 615120223,
      "has_stamp": true,
      "corrected": false,
      "dubious": false,
      "candid_alert": null,
      "step_id_corr": "1.1.6",
      "phase": 0.0,
      "parent_candid": null
    },
    {
      "tid": "ztf",
      "mjd": 60057.18575230008,
      "candid": "2303185752315015002",
      "fid": 2,
      "pid": 2303185752315,
      "diffmaglim": 20.195398,
      "isdiffpos": 1,
      "nid": 2303,
      "distnr": 7.864393,
      "magpsf": 18.692924,
      "magpsf_corr": null,
      "magpsf_corr_ext": null,
      "magap": 18.6571,
      "magap_corr": null,
      "sigmapsf": 0.08194614,
      "sigmapsf_corr": null,
      "sigmapsf_corr_ext": null,
      "sigmagap": 0.1054,
      "sigmagap_corr": null,
      "ra": 115.1116619,
      "dec": 25.1334318,
      "rb": 0.82857144,
      "rbversion": "t17_f5_c3",
      "drb": 0.9995748,
      "magapbig": 18.8051,
      "sigmagapbig": 0.156,
      "rfid": 615120223,
      "has_stamp": true,
      "corrected": false,
      "dubious": false,
      "candid_alert": null,
      "step_id_corr": "1.2.0",
      "phase": 0.0,
      "parent_candid": null
    },
    {
      "tid": "ztf",
      "mjd": 60057.19637730019,
      "candid": "2303196372315015000",
      "fid": 1,
      "pid": 2303196372315,
      "diffmaglim": 20.295303,
      "isdiffpos": 1,
      "nid": 2303,
      "distnr": 3.1098397,
      "magpsf": 18.701935,
      "magpsf_corr": null,
      "magpsf_corr_ext": null,
      "magap": 18.6018,
      "magap_corr": null,
      "sigmapsf": 0.076081224,
      "sigmapsf_corr": null,
      "sigmapsf_corr_ext": null,
      "sigmagap": 0.0881,
      "sigmagap_corr": null,
      "ra": 115.1116679,
      "dec": 25.1334305,
      "rb": 0.94285715,
      "rbversion": "t17_f5_c3",
      "drb": 1.0,
      "magapbig": 18.5674,
      "sigmagapbig": 0.11,
      "rfid": 615120123,
      "has_stamp": true,
      "corrected": false,
      "dubious": false,
      "candid_alert": null,
      "step_id_corr": "1.2.0",
      "phase": 0.0,
      "parent_candid": null
    }
  ],
  "non_detections": [
    {
      "tid": "ztf",
      "mjd": 60021.18457179982,
      "fid": 2,
      "diffmaglim": 20.3636
    },
    {
      "tid": "ztf",
      "mjd": 60021.197465300094,
      "fid": 1,
      "diffmaglim": 20.3259
    },
    {
      "tid": "ztf",
      "mjd": 60031.15785880014,
      "fid": 2,
      "diffmaglim": 20.1133
    },
    {
      "tid": "ztf",
      "mjd": 60031.195983800106,
      "fid": 1,
      "diffmaglim": 20.1822
    },
    {
      "tid": "ztf",
      "mjd": 60036.198888900224,
      "fid": 2,
      "diffmaglim": 19.7286
    },
    {
      "tid": "ztf",